tree
version=v4
num_class=1
num_tree_per_iteration=1
label_index=0
max_feature_idx=10
objective=binary sigmoid:1
feature_names=gender age city_id category_id event_city_id price hot_score city_match age_group price_level hot_level
feature_infos=-1:0:1 [1:56] -1:3:6:8:7:9:1:2:0:5:4 -1:1:2:4:5:3 -1:4:2:5:3:8:9:7:0:6:1 [77:2915] [0:21.12307787652956] [0:1] [0:5] [0:4] [0:4]
tree_sizes=3291 3441 3440 3403 3414 3416 3427 3414 3443 3470 3472 3441 3395 3444 3436 3466 3415 3417 3420 3431 3467 3446 3454 3479 3451 3398 3372 3399 3463 3453 3417 3457 3447 3442 3432 3467 3465 3396 3406 3436 3395 3459 3404 3443 3379 3481 3418 3514 3452 3424 3410 3435 3389 3402 3465 3421 3387 3492 3474 3403 3443 3502 3390 3495 3457 3343 3442 3462 3408 3495 3499 3468 3406 3475 3409 3412 3459 3456 3459 3434 3389 3396 3382 3402 3351 3495 3417 3414 3367 3460 3482 3502 3389 3464 3449 3422 3403 3413 3371 3474

Tree=0
num_leaves=31
num_cat=10
split_feature=3 4 6 3 6 5 6 6 1 6 5 6 4 4 5 5 6 6 5 4 5 1 6 6 0 4 4 4 5 6
split_gain=1841.02 359.925 486.295 411.241 475.512 722.315 419.979 393.351 318.596 281.147 210.401 175.959 408.549 183.564 238.333 198.895 174.89 491.397 163.009 154.131 135.439 132.241 125.778 117.438 113.158 107.749 107.599 93.2871 85.5392 78.6445
threshold=0 1 4.3166874728528244 2 17.215566714973509 1434.2500000000002 17.746187587377403 16.742496947627398 47.500000000000007 18.442536809558643 2323.7500000000005 13.322880852119555 3 4 336.25000000000006 525.75000000000011 14.956526563544118 16.195953866972754 1547.2500000000002 5 172.25000000000003 30.000000000000004 16.069314705510894 1.0000000180025095e-35 6 7 8 9 620.25000000000011 13.442551905502151
decision_type=9 1 2 9 2 2 2 2 2 2 2 2 1 1 2 2 2 2 2 1 2 2 2 2 1 1 1 1 2 2
left_child=1 2 -1 6 7 -6 26 -5 11 -8 20 13 16 14 -2 27 25 -18 22 -12 29 -22 -14 -17 -10 -13 -4 -15 -16 -3
right_child=8 10 3 4 5 -7 9 -9 24 -11 19 12 18 15 28 23 17 -19 -20 -21 21 -23 -24 -25 -26 -27 -28 -29 -30 -31
leaf_value=0.3616391851480375 0.37512881382157109 0.38567588437465794 0.32152706350296445 0.29833532690727077 0.33336950303825497 0.2766934071662554 0.27375512298776389 0.25878706474878693 0.33284759312511203 0.30961948185070171 0.35431797524020719 0.30894277215599092 0.32120303642480336 0.32941283182859615 0.30298800527639741 0.36975979432458655 0.3340027438990012 0.30709930153049797 0.35698455572221494 0.28511813460430113 0.31246407976190776 0.31811561516547587 0.32960966427953953 0.32745350379913218 0.34941692564672239 0.28435552663573849 0.31224279078699479 0.28887890596786747 0.33799284924935269 0.31540264317947375
leaf_weight=416.67714384198189 443.74043405056 106.3026534318924 5763.7493741512299 9592.1077782511711 2158.9678810536861 759.96644666790962 1029.1364682018757 672.92505383491516 4001.4659360647202 1165.9157997965813 523.46742412447929 1405.3405834436417 8030.2389757633209 194.31929996609688 191.14972543716431 172.86371853947639 2749.2401837110519 4435.4538331031799 430.81832250952721 88.748086810112 26544.211426109076 16964.781945973635 9984.4035795629025 3207.1217964291573 1389.2488973736763 659.75912886857986 6781.4266113638878 492.7469325363636 1979.7650134563446 63.391490578651428
leaf_count=1709 1820 436 23640 39342 8855 3117 4221 2760 16412 4782 2147 5764 32936 797 784 709 11276 18192 1767 364 108871 69581 40951 13154 5698 2706 27814 2021 8120 260
internal_value=0.317168 0.312434 0.308034 0.30723 0.300818 0.318611 0.31298 0.295742 0.325815 0.292801 0.31525 0.324045 0.322287 0.331328 0.341644 0.324616 0.313712 0.317393 0.326585 0.344355 0.314842 0.314668 0.325863 0.32962 0.337119 0.300884 0.316508 0.300114 0.334908 0.359409
internal_weight=112399 72631.8 28340.9 27924.2 13184 2918.93 14740.2 10265 39767.7 2195.05 44290.9 34377 27695.3 6681.71 2614.66 4067.05 9249.79 7184.69 18445.5 612.216 43678.7 43509 18014.6 3379.99 5390.71 2065.1 12545.2 687.066 2170.91 169.694
internal_count=461006 297899 116240 114531 54074 11972 60457 42102 163107 9003 181659 140997 113592 27405 10724 16681 37938 29468 75654 2511 179148 178452 73887 13863 22110 8470 51454 2818 8904 696
cat_boundaries=0 1 2 3 4 5 6 7 8 9 10
cat_threshold=52 449 48 202 216 48 1 136 320 513
is_linear=0
shrinkage=1


Tree=1
num_leaves=31
num_cat=10
split_feature=3 4 6 3 5 6 6 6 8 6 5 6 4 4 5 5 6 6 5 4 6 5 8 6 6 0 4 4 6 4
split_gain=1662.49 323.957 440.901 369.343 461.25 564.282 377.272 335.203 289.258 261.444 190.736 159.536 369.472 167.023 218.986 179.729 157.559 444.006 148.607 140.694 123.655 121.134 122.206 113.984 107.418 103.324 97.1019 96.5713 94.6179 84.0361
threshold=0 1 4.3166874728528244 2 936.75000000000011 17.295483963560383 17.746187587377403 15.141100828930584 3.5000000000000004 19.299108815414776 2323.7500000000005 13.322880852119555 3 4 336.25000000000006 525.75000000000011 14.956526563544118 16.195953866972754 1547.2500000000002 5 8.6048812713834035 172.25000000000003 1.5000000000000002 16.069314705510894 1.0000000180025095e-35 6 7 8 8.1786153273452893 9
decision_type=9 1 2 9 2 2 2 2 2 2 2 2 1 1 2 2 2 2 2 1 2 2 2 2 2 1 1 1 2 1
left_child=1 2 -1 6 5 -5 26 -6 11 -8 20 13 16 14 -2 29 27 -18 23 -12 28 -22 -23 -14 -17 -10 -4 -13 -3 -15
right_child=8 10 3 4 7 -7 9 -9 25 -11 19 12 18 15 -16 24 17 -19 -20 -21 21 22 -24 -25 -26 -27 -28 -29 -30 -31
leaf_value=0.04249082617675505 0.055544198379390501 -0.017370825218102202 0.0040631036732473747 -0.012201432358504016 -0.036279521865341606 0.030124688251278193 -0.032771913632955986 -0.015429707807772742 0.014852672959801153 0.0076592981898382373 0.035465692322212139 -0.0078877511313082561 0.0037544951928004814 0.011603465008758583 0.01682150793234095 0.050341201683244824 0.015956034352979532 -0.0096309178202605566 0.038002659675297881 -0.030557125006269861 0.040355342952668342 -0.0042462110245409879 0.0012324910815300603 0.011762273478630335 0.0097062677423778165 0.030722325958627922 -0.0047567067137840903 -0.031122890479289008 -0.082722669964340467 -0.026868733366459757
leaf_weight=413.57970398664474 439.36099678277969 653.66421543061733 5759.8501700162888 3423.0764562189579 2862.5809121876955 1022.5748733431101 1678.4467566311359 5908.0881259143353 3991.4256132245064 524.57718595862389 520.2502608448267 1407.1553594470024 8025.2207027673721 193.94098280370235 2164.6795661449432 171.32692366838455 2741.8186656832695 4442.4328372478485 427.96969440579414 89.175369620323181 168.45498365163803 26149.277141585946 16663.115865886211 9964.6447384655476 3201.8987213075161 1381.8895990550518 6786.7325397729874 663.00706931948662 60.490923002362251 494.85397589206696
leaf_count=1709 1820 2680 23640 13993 11707 4205 6854 24169 16412 2149 2147 5764 32936 797 8904 709 11276 18192 1767 364 696 107171 68353 40951 13154 5698 27814 2706 248 2021
internal_value=-8.02283e-05 -0.00457496 -0.00874538 -0.00950655 -0.0155736 -0.00246413 -0.00405646 -0.0222356 0.00814541 -0.0231424 -0.00190207 0.00645916 0.00478613 0.0134033 0.0232694 0.00700235 -0.00336429 0.000133551 0.00887874 0.0258737 -0.00229008 -0.00194706 -0.00211372 0.00819035 0.011773 0.0189354 -0.000707887 -0.0155212 -0.0229241 -0.0162505
internal_weight=112396 72683.9 28379.5 27965.9 13216.3 4445.65 14749.6 8770.67 39711.6 2203.02 44304.4 34338.3 27672.2 6666.06 2604.04 4062.02 9254.41 7184.25 18417.8 609.426 43695 42980.8 42812.4 17989.9 3373.23 5373.32 12546.6 2070.16 714.155 688.795
internal_count=461006 297899 116240 114531 54074 18198 60457 35876 163107 9003 181659 140997 113592 27405 10724 16681 37938 29468 75654 2511 179148 176220 175524 73887 13863 22110 51454 8470 2928 2818
cat_boundaries=0 1 2 3 4 5 6 7 8 9 10
cat_threshold=52 449 48 202 216 48 1 320 136 513
is_linear=0
shrinkage=0.05


Tree=2
num_leaves=31
num_cat=9
split_feature=3 4 5 10 1 10 4 5 5 5 5 5 5 10 5 3 5 4 4 5 5 4 5 10 10 5 4 1 4 5
split_gain=1501.38 291.694 302.148 289.603 262.637 255.12 250.575 240.537 239.981 264.443 238.652 221.282 172.974 171.913 171.627 341.312 236.501 154.711 145.184 247.911 153.801 128.476 111.89 109.915 195.987 196.761 137.924 107.504 101.513 243.646
threshold=0 1 1388.2500000000002 1.5000000000000002 47.500000000000007 1.5000000000000002 2 1700.7500000000002 566.75000000000011 894.25000000000011 1928.5000000000002 515.75000000000011 2323.7500000000005 2.5000000000000004 910.75000000000011 3 875.25000000000011 4 5 429.75000000000006 449.75000000000006 6 172.25000000000003 1.0000000180025095e-35 1.5000000000000002 613.00000000000011 7 30.000000000000004 8 1456.2500000000002
decision_type=9 1 2 2 2 2 1 2 2 2 2 2 2 2 2 9 2 1 1 2 2 1 2 2 2 2 1 2 1 2
left_child=1 2 5 7 18 14 13 17 11 -10 -9 -7 22 -5 16 -16 -1 -4 19 -2 -21 -14 -3 28 25 -25 -26 -24 29 -20
right_child=4 12 3 6 -6 8 -8 10 9 -11 -12 -13 21 -15 15 -17 -18 -19 23 20 -22 -23 27 24 26 -27 -28 -29 -30 -31
leaf_value=0.0038030594734558285 -0.013410202465793934 0.038637163007592228 -0.01836431079532223 -0.001982647721795917 0.01804964946134693 -0.0044075888475502726 -0.0055278517617350087 0.0035022745141576324 -0.025182450977491777 -0.007374589075179694 -0.049893429430696232 0.030180520672177604 0.033948246600287682 -0.048117994151117102 0.0036204211314770154 -0.027280582174119879 0.03890001764211768 -0.056683811234326066 -0.010009248242276237 0.063313697032157695 0.014654267992686482 -0.029074602566221214 -0.004316098046135068 0.0068200184840350149 -0.0018252973650663218 -0.014975320144755368 0.0081538484262199482 0.0007784695069341244 0.013783407714713564 0.051751525005587079
leaf_weight=4135.3712297827005 811.9903309494257 167.18586599826813 414.71454700827599 291.2507611811161 5355.700297921896 2165.2919374853373 4591.2852264046669 686.79575480520725 3289.3744861334562 5695.7999227494001 300.76534321904182 587.83865484595299 516.868078738451 660.01099216938019 2840.0455850064754 1293.1665826886892 543.00589652359486 917.9071052968502 1184.7279059439898 166.85480333864689 6048.8804192990065 89.541545391082764 26582.579357236624 1676.6280852407217 4892.2381475269794 2706.7254379987717 11837.506751000881 16960.231057584286 4788.1323023587465 184.45800317823887
leaf_count=16958 3340 696 1689 1192 22110 8873 18733 2805 13456 23314 1225 2423 2147 2695 11653 5263 2217 3744 4859 687 24888 364 108871 6875 20054 11091 48702 69581 19742 759
internal_value=-7.56928e-05 -0.0043429 -0.00829721 -0.0166361 0.00774978 -0.00511035 -0.0104258 -0.0314681 -0.00993719 -0.0138946 -0.0127579 0.00297655 -0.00180624 -0.0336459 0.00131917 -0.0061041 0.00787848 -0.0453278 0.00614351 0.0125498 0.0159623 0.0247112 -0.00217471 0.0044861 0.00277315 -0.00663752 0.00523916 -0.00233162 0.010366 -0.00166976
internal_weight=112383 72729 28412.6 7862.73 39653.8 20549.9 5542.55 2320.18 11738.3 8985.17 987.561 2753.13 44316.4 951.262 8811.59 4133.21 4678.38 1332.62 34298.1 7027.73 6215.74 606.41 43710 27270.4 21113.1 4383.35 16729.7 43542.8 6157.32 1369.19
internal_count=461006 297899 116240 32083 163107 84157 22620 9463 48066 36770 4030 11296 181659 3887 36091 16916 19175 5433 140997 28915 25575 2511 179148 112082 86722 17966 68756 178452 25360 5618
cat_boundaries=0 1 2 3 4 5 6 7 8 9
cat_threshold=52 449 1 16 128 17 48 138 260
is_linear=0
shrinkage=0.05


Tree=3
num_leaves=31
num_cat=12
split_feature=3 4 6 3 5 6 6 6 1 6 5 6 6 4 4 5 6 4 6 5 1 0 2 4 6 6 5 4 2 4
split_gain=1356.18 262.845 390.229 316.097 380.027 502.571 331.152 265.258 238.427 233.531 156.915 150.634 189.392 301.978 214.498 213.782 211.545 117.355 111.095 100.059 99.5944 94.8028 150.09 87.2589 83.8894 73.6817 53.9603 50.0467 44.4157 40.6041
threshold=0 1 4.3166874728528244 2 936.75000000000011 17.295483963560383 17.746187587377403 15.141100828930584 47.500000000000007 18.442536809558643 2323.7500000000005 19.397756961337638 18.551611832918617 3 4 429.75000000000006 13.322880852119555 5 8.6048812713834035 172.25000000000003 30.000000000000004 6 7 8 8.1786153273452893 13.442551905502151 988.25000000000011 9 10 11
decision_type=9 1 2 9 2 2 2 2 2 2 2 2 2 1 1 2 2 1 2 2 2 1 1 1 2 2 2 1 1 1
left_child=1 2 26 6 5 -5 23 -6 11 -8 18 12 14 -14 15 -2 -16 -12 24 25 -21 22 -10 -4 29 -20 -1 -15 -24 -3
right_child=8 10 3 4 7 -7 9 -9 21 -11 17 -13 13 27 16 -17 -18 -19 19 20 -22 -23 28 -25 -26 -27 -28 -29 -30 -31
leaf_value=0.051341114318140507 -0.011823677675212182 -0.0013866776427460092 0.0041190143533721118 -0.011429287074584488 -0.03263561516967467 0.02859934262247036 -0.038607713422768079 -0.014152610704231326 0.028033581556867693 -0.0060586638436492318 0.0325053467627507 -0.02007840810876756 -0.022435187109371146 0.01426625229015812 0.011827106380693349 0.016531197503327794 0.00087166205505588297 -0.027679383975551416 0.06291871836474798 -0.0038128237438861193 0.0011323164400878823 0.028550703426023678 -0.003394872409745254 -0.0042385658408708735 -0.077551836614575195 -0.0057542152724546778 0.0099947457090150803 0.038908426385653998 0.010719084642558352 -0.026784991996714372
leaf_weight=302.73009645938873 747.55822204053402 280.82703858613968 5760.6362920105457 3429.8776401430368 2887.6297632157803 1016.4178468585014 1041.4828614145517 5928.5569860339165 1194.8431123495102 1171.1878810822964 513.35987702012062 551.23022872209549 294.11122904717922 310.41648580133915 5676.1106440275908 5982.5035989433527 19702.641815707088 89.853030741214752 103.32170391082764 26183.529004469514 16657.815388560295 1369.4941378235817 768.75253069400787 6796.9904603809118 61.190640091896057 62.536467015743256 107.2308407574892 996.34034587442875 2005.1890482902527 374.76926311850548
leaf_count=1262 3068 1148 23640 13993 11707 4205 4221 24169 4941 4782 2147 2266 1212 1277 23435 24682 80960 364 436 107171 68353 5698 3179 27814 248 260 447 4097 8292 1532
internal_value=-7.16329e-05 -0.00412356 -0.00787464 -0.00858586 -0.014186 -0.00227723 -0.00354504 -0.0202074 0.00737348 -0.0213825 -0.00171529 0.00584363 0.00626772 0.0230526 0.00543064 0.0133609 0.00332084 0.023609 -0.00206523 -0.0017397 -0.00188991 0.0172046 0.0132876 -0.000404337 -0.0215869 0.0370077 0.0405437 0.0332129 0.00680771 -0.0163447
internal_weight=112369 72769.9 28442.7 28032.8 13262.5 4446.3 14770.3 8816.19 39599.2 2212.67 44327.2 34260.9 33709.7 1600.87 32108.8 6730.06 25378.8 603.213 43724 43007.2 42841.3 5338.28 3968.78 12557.6 716.787 165.858 409.961 1306.76 2773.94 655.596
internal_count=461006 297899 116240 114531 54074 18198 60457 35876 163107 9003 181659 140997 138731 6586 132145 27750 104395 2511 179148 176220 175524 22110 16412 51454 2928 696 1709 5374 11471 2680
cat_boundaries=0 1 2 3 4 5 6 7 8 9 10 11 12
cat_threshold=52 449 48 113 17 48 1 259 320 258 516 48
is_linear=0
shrinkage=0.05


Tree=4
num_leaves=31
num_cat=14
split_feature=3 4 3 9 4 10 10 4 1 10 10 4 4 9 1 10 10 9 4 4 9 0 2 4 1 9 9 3 2 10
split_gain=1225.09 236.8 219.51 223.693 466.128 545.653 237.984 239.263 216.644 200.525 197.521 138.306 119.209 113.927 92.7278 88.2574 174.192 158.217 125.328 92.8632 222.074 86.6113 136.864 79.7764 83.156 75.4913 102.771 68.4629 61.4744 57.3922
threshold=0 1 2 2.5000000000000004 3 3.5000000000000004 1.5000000000000002 4 47.500000000000007 3.5000000000000004 1.5000000000000002 5 6 1.0000000180025095e-35 47.500000000000007 1.0000000180025095e-35 1.5000000000000002 1.0000000180025095e-35 7 8 3.5000000000000004 9 10 11 30.000000000000004 3.5000000000000004 1.0000000180025095e-35 12 13 2.5000000000000004
decision_type=9 1 9 2 1 2 2 1 2 2 2 1 1 2 2 2 2 2 1 1 2 1 1 1 2 2 2 9 1 2
left_child=1 2 9 4 10 -6 11 -8 12 23 -4 -5 13 29 -3 19 17 -17 -18 20 -14 22 -10 -1 -25 26 -11 -21 -16 -2
right_child=8 14 3 6 5 -7 7 -9 21 25 -12 -13 15 -15 28 16 18 -19 -20 27 -22 -23 -24 24 -26 -27 -28 -29 -30 -31
leaf_value=0.004353551481102765 -0.0093450808725742997 -0.0024193327713010722 0.03400876667956728 -0.020046494863994093 -0.021845768244941072 0.017607061612932542 -0.038468041338662148 -0.0076447031240503716 0.02678660709057952 0.00033023796581434494 -0.0096143320859531419 -0.045477099484649786 -0.010102066110736461 0.014720805202942553 -0.0050610105877670402 0.0071697046859556654 -0.0018812468890461104 -0.013014651865148509 0.007634062669510621 0.037675513369941321 0.049158618502122817 0.027285309469242236 0.0064770261422129431 -0.0084302276673266559 0.0032755007449901752 -0.00019928086411134823 -0.023954035688827379 0.011136422671826187 0.0082104176383636183 0.010434801831036455
leaf_weight=5234.3191538006067 852.81201478838921 39612.783801019192 929.48022481799126 1300.724801838398 3572.6584996283054 1161.0280285477638 724.53901998698711 4551.1548304259777 1188.5747613161802 562.38479332625866 359.70354874432087 983.80519883334637 1184.393933057785 5501.2927439957857 1147.5131403058767 1449.7717436850071 4891.3388419151306 2937.28564850986 11815.747975036502 251.97807759046555 182.33130821585655 1361.5659638345242 2770.4723619520664 3972.7730741202831 2453.698270380497 732.49424162507057 1927.3506350368261 4515.1908514797688 3575.9536827504635 643.1881707161665
leaf_count=21495 3506 162269 3835 5260 14526 4811 2942 18520 4941 2298 1473 3969 4859 22754 4710 5953 20054 12013 48702 1058 759 5698 11471 16252 10040 2974 7845 18684 14680 2655
internal_value=-6.72799e-05 -0.00391532 -0.00747383 -0.0120702 -0.00488895 -0.0121423 -0.0178064 -0.0119668 0.00701587 -0.00327322 0.0216655 -0.0312884 0.00555824 0.0113776 -0.00162928 0.00405686 0.00252294 -0.00634326 0.00485141 0.00933759 -0.00217367 0.0164041 0.0126601 -0.000224079 -0.00395394 -0.0143159 -0.0184669 0.0126169 0.00499184 -0.000837475
internal_weight=112348 72802.4 28466.1 13583.1 6022.87 4733.69 7560.22 5275.69 39545.9 14883 1289.18 2284.53 34225.3 6997.29 44336.3 27228 21094.1 4387.06 16707.1 6133.89 1366.73 5320.61 3959.05 11660.8 6426.47 3222.23 2489.74 4767.17 4723.47 1496
internal_count=461006 297899 116240 55336 24645 19337 30691 21462 163107 60904 5308 9229 140997 28915 181659 112082 86722 17966 68756 25360 5618 22110 16412 47787 26292 13117 10143 19742 19390 6161
cat_boundaries=0 1 2 3 4 5 6 7 8 9 10 11 12 13 14
cat_threshold=52 449 48 1 1 129 17 138 260 1 259 320 8 132
is_linear=0
shrinkage=0.05


Tree=5
num_leaves=31
num_cat=11
split_feature=3 1 4 6 1 3 6 5 2 6 4 6 4 5 5 6 5 6 2 6 4 6 4 3 5 6 5 4 5 5
split_gain=1111.9 262.325 210.78 307.387 206.987 193.422 242.715 215.873 155.441 110.947 102.675 132.473 92.5016 170.902 119.531 86.7635 80.266 86.323 74.0239 70.4501 136.284 117.915 172.519 138.384 90.0616 69.4633 125.13 116.629 81.8113 66.7613
threshold=0 30.000000000000004 1 4.3166874728528244 30.000000000000004 2 17.51328213851788 936.75000000000011 3 1.0000000180025095e-35 4 17.713826142796862 5 489.25000000000006 694.25000000000011 16.456277932497489 2323.7500000000005 17.287039744056788 6 17.460265947779984 7 16.632174044054032 8 9 1722.0000000000002 18.242591109674979 1224.2500000000002 10 1441.7500000000002 172.25000000000003
decision_type=9 2 1 2 2 9 2 2 1 2 1 2 1 2 2 2 2 2 1 2 1 2 1 9 2 2 2 1 2 2
left_child=1 2 3 -1 9 6 -5 -7 -3 -2 11 15 13 -11 -15 -6 29 -18 -14 21 24 23 -23 -10 -21 28 27 -27 -12 -4
right_child=4 8 16 5 10 7 -8 -9 19 12 25 -13 18 14 -16 -17 17 -19 -20 20 -22 22 -24 -25 -26 26 -28 -29 -30 -31
leaf_value=0.043967430129522533 0.05247910590871923 0.0078239504290850467 0.036534586555333856 -0.0025803596599638743 0.016187967574708848 -0.0051665931957458056 -0.02468244497141233 -0.022499055727461324 0.0021647049904362742 -0.032356085011509848 0.0065316198341903026 -0.014402041175365744 -0.0015706046114251492 0.032850316467900091 0.0080601494587288179 0.034153610728728162 0.030068537426904171 -0.040637403481600137 0.0046951836166001064 0.002434684969118822 -0.020053245676213735 0.016245827149311481 -0.0050080272373512133 -0.0073340535701977754 -0.037788993995065405 -0.0048090230095263267 -0.017220874599657886 0.034518986998986138 0.022275951176848264 -0.0037333641427125712
leaf_weight=256.99119000136852 115.13721264898777 5312.3687214255333 103.2089062333107 7732.8266861885786 2545.3187376558781 2687.7967126220465 1479.9372833073139 5422.5981309711933 7925.3523850888014 192.30781479179859 11528.686756581068 286.93147528171539 7909.0572970658541 753.42974436283112 1373.3439914435148 914.46033401787281 309.37017384171486 50.021073400974274 11646.349759578705 2076.216028124094 1422.2269543707371 2255.6833885610104 1646.5964445322752 7413.108928591013 149.05564132332802 243.59930603206158 194.57769113779068 873.67651017010212 888.98499469459057 26625.169434443116
leaf_count=1087 485 21766 437 31666 10561 10988 6000 21973 32521 789 47650 1189 32591 3119 5698 3802 1302 202 47996 8511 5816 9251 6745 30298 608 1008 803 3620 3687 108869
internal_value=1.28156e-05 -0.00364792 -0.00603212 -0.0102946 0.00677122 -0.011106 -0.00612496 -0.0167352 0.000127022 0.00354448 0.0108348 0.0181821 0.00328644 0.0127076 0.0168458 0.0209388 -0.00326055 0.020205 0.00216127 -0.00166194 -0.0080338 -0.000454583 0.00730522 -0.00242913 -0.000257794 0.00880966 0.0197602 0.0262061 0.00765933 -0.00357755
internal_weight=112334 72868.5 44667.9 17580.2 39465.9 17323.2 9212.76 8110.39 28200.6 21989.6 17476.2 3746.71 21874.5 2319.08 2126.77 3459.78 27087.8 359.391 19555.4 22888.2 3647.5 19240.7 3902.28 15338.5 2225.27 13729.5 1311.85 1117.28 12417.7 26728.4
internal_count=461038 298040 182524 71714 162998 70627 37666 32961 115516 90678 72320 15552 90193 9606 8817 14363 110810 1504 80587 93750 14935 78815 15996 62819 9119 56768 5431 4628 51337 109306
cat_boundaries=0 1 2 3 4 5 6 7 8 9 10 11
cat_threshold=52 449 48 34 17 16 216 710 932 48 352
is_linear=0
shrinkage=0.05


Tree=6
num_leaves=31
num_cat=10
split_feature=1 2 4 5 6 4 6 6 5 6 5 6 0 1 2 5 5 6 2 4 2 5 2 5 5 5 6 6 4 6
split_gain=493.061 235.431 184.641 234.307 221.488 233.975 165.294 168.671 151.007 192.396 113.428 110.616 110.359 229.613 187.966 109.84 94.8404 83.2162 71.4912 70.3506 68.5998 67.7389 64.3444 50.8692 70.9024 256.366 225.884 56.8246 47.7904 41.1463
threshold=30.000000000000004 0 1 1381.0000000000002 10.818352022119006 2 15.548303720008251 16.300646139023097 326.25000000000006 15.414313571108682 871.75000000000011 18.640881644856247 3 47.500000000000007 4 1419.0000000000002 336.25000000000006 10.330094668866876 5 6 7 951.75000000000011 8 2323.7500000000005 1676.0000000000002 1673.7500000000002 16.264969451067842 17.287039744056788 9 17.635677999942832
decision_type=2 1 1 2 2 1 2 2 2 2 2 2 1 2 1 2 2 2 1 1 1 2 1 2 2 2 2 2 1 2
left_child=2 -2 3 4 5 10 17 15 9 -6 -1 -9 14 20 28 -8 -10 -5 -15 -19 -14 -7 -4 24 25 -24 -26 -25 -3 -30
right_child=1 12 22 6 8 21 7 11 16 -11 -12 -13 13 18 -16 -17 -18 19 -20 -21 -22 -23 23 27 26 -27 -28 -29 29 -31
leaf_value=0.043444187179351661 0.015381221599956122 0.00068805810770437121 0.0025020611213094142 -0.070730710098385427 0.026172752296018183 -0.033945105131295221 -0.074943795120879564 -0.019258810713021324 -0.083240371501221697 -0.007653037321332829 0.010132739363700185 0.0098311317181131747 0.010704660133958748 0.032952770381532798 -0.0031474556160025792 0.012784630384687148 -0.0062314169353854618 -0.041491073631499412 0.01453777996372101 -0.018444019311240688 -4.3428327626988207e-05 0.0018396442979321641 -0.0016824285090513104 0.030283598206689639 -0.0011077076039996288 0.063854927980045148 -0.034698618550435531 -0.032747554114938932 0.0074978820314746926 -0.00092001983644213442
leaf_weight=572.92817032337189 4134.8335815817118 5217.6009228229523 11773.265652686357 99.794637590646744 841.96751952171326 214.43965597450733 36.995261907577515 2250.2178240716457 39.9853645414114 839.05440230667591 462.22953720390797 382.00414708256721 2009.402716755867 733.60300309956074 13168.568382576108 927.22336745262146 17217.379059776664 446.79549598693848 2100.6649765521288 1542.3823584020138 5610.5373000055552 344.10864658653736 25700.552001431584 219.67297925055027 1889.2337673902512 149.9869414716959 680.90086321532726 42.548125863075256 10992.456777438521 1671.3054670542479
leaf_count=2401 17045 21391 48304 406 3478 876 150 9138 164 3439 1896 1553 8259 3048 54147 3789 70481 1809 8724 6252 23063 1414 105428 931 7724 613 2784 172 45281 6878
internal_value=1.27602e-05 0.00401699 -0.00272812 -0.00599567 -0.00351028 0.0143901 -0.0149807 -0.00848079 -0.00501697 0.00928674 0.0283035 -0.015035 0.00288028 0.00732444 0.00138473 0.00940605 -0.00641062 -0.0261679 0.0194745 -0.0239263 0.00280432 -0.0116845 -0.000608822 -0.00188633 -0.00208943 -0.00130174 -0.0100098 0.0200285 0.00472181 0.00638149
internal_weight=112313 45639 66673.7 26217.5 20532.1 1593.71 5685.41 3596.44 18938.4 1681.02 1035.16 2632.22 41504.1 10454.2 31049.9 964.219 17257.4 2088.97 2834.27 1989.18 7619.94 558.548 40456.2 28682.9 28420.7 25850.5 2570.13 262.221 17881.4 12663.8
internal_count=461038 187836 273202 107246 84149 6587 23097 14630 77562 6917 4297 10691 170791 43094 127697 3939 70645 8467 11772 8061 31322 2290 165956 117652 116549 106041 10508 1103 73550 52159
cat_boundaries=0 1 2 3 4 5 6 7 8 9 10
cat_threshold=2 449 65 1 185 44 256 576 7 448
is_linear=0
shrinkage=0.05


Tree=7
num_leaves=31
num_cat=12
split_feature=3 1 1 4 6 3 6 5 2 6 6 4 4 6 5 2 5 6 6 4 6 4 3 5 5 5 6 6 4 4
split_gain=991.709 208.494 176.428 171.631 259.297 164.287 216.728 186.822 128.456 125.226 183.104 302.322 194.364 252.278 83.6746 71.7019 67.7015 73.2276 61.7968 122.463 106.574 156.865 123.783 80.6396 60.6373 67.1685 49.8416 46.1706 40.3935 39.6642
threshold=0 30.000000000000004 47.500000000000007 1 4.3166874728528244 2 17.51328213851788 936.75000000000011 3 19.397756961337638 18.551611832918617 4 5 16.443535860035201 423.25000000000006 6 2323.7500000000005 17.287039744056788 17.460265947779984 7 16.632174044054032 8 9 1722.0000000000002 172.25000000000003 225.25000000000003 18.714071889764412 13.442551905502151 10 11
decision_type=9 2 2 1 2 9 2 2 1 2 2 1 1 2 2 1 2 2 2 1 2 1 9 2 2 2 2 2 1 1
left_child=1 3 9 4 -1 6 -6 -7 -3 10 12 -12 14 -14 -2 -4 24 -18 20 23 22 -22 -10 -20 27 -26 -13 -5 -17 -11
right_child=2 8 15 16 5 7 -8 -9 18 29 11 26 13 -15 -16 28 17 -19 19 -21 21 -23 -24 -25 25 -27 -28 -29 -30 -31
leaf_value=0.040932338934076301 -0.0022237464374417876 0.0069346261724324513 0.024390518642573605 0.060596085886028078 -0.0022041599949778794 -0.0045658715278267623 -0.02306036826519111 -0.020672084138593005 0.0019050708930081724 0.021904781907332405 -0.024024379990616157 0.043370863106372531 0.0055805582441058035 -0.0060664005357668888 0.01197647473098005 -0.0059667385282796866 0.027805583810369863 -0.03722602819465845 0.0022699448209312525 -0.019035153251207318 0.015363594167150246 -0.0049132599488635681 -0.0070790685392751853 -0.035705654078364006 -0.022653421906571752 -0.0031719801150502029 0.023621852923412973 -0.0089430753779748597 0.0127556386254635 -0.022538979591696835
leaf_weight=251.95769716799259 1171.0019466280937 5297.0589630156755 1453.5277210772038 64.763718098402023 7740.8409525305033 2692.209551140666 1484.5830400437117 5441.2827797234058 7918.6417025774717 49.624550998210907 286.83499011397362 580.01809713244438 15046.321744382381 6728.0737632066011 9050.8102062493563 311.86567282676697 305.5732239484787 50.280765414237976 2075.1407696157694 1426.0941151529551 2248.9059035032988 1647.043848529458 7418.093921944499 149.78539422154427 450.05021584033966 26192.66559407115 716.46343933045864 37.550557747483253 3509.8679549396038 501.90768140554428
leaf_count=1087 4809 21766 6109 280 31666 10988 6000 21973 32521 205 1179 2413 62072 27672 37546 1302 1302 202 8511 5816 9251 6745 30298 608 1839 107030 2965 157 14669 2057
internal_value=1.25532e-05 -0.00344204 0.00640212 -0.00556547 -0.00940753 -0.0101441 -0.00555514 -0.0153228 -7.40394e-05 0.00508821 0.00547649 0.0220745 0.00465492 0.00198061 0.0103391 0.014914 -0.00306399 0.018595 -0.00169892 -0.0076632 -0.000567282 0.00681703 -0.00244346 -0.000284594 -0.00335357 -0.00350133 0.0322152 0.0350418 0.0112148 -0.0185393
internal_weight=112299 72892.5 39406.3 44711.8 17610.9 17358.9 9225.42 8133.49 28180.8 34131.1 33579.5 1583.32 31996.2 21774.4 10221.8 5275.26 27100.9 355.854 22883.7 3651.02 19232.7 3895.95 15336.7 2224.93 26745 26642.7 1296.48 102.314 3821.73 551.532
internal_count=461038 298040 162998 182524 71714 70627 37666 32961 115516 140918 138656 6557 132099 89744 42355 22080 110810 1504 93750 14935 78815 15996 62819 9119 109306 108869 5378 437 15971 2262
cat_boundaries=0 1 2 3 4 5 6 7 8 9 10 11 12
cat_threshold=52 449 48 34 113 49 259 710 932 48 128 512
is_linear=0
shrinkage=0.05


Tree=8
num_leaves=31
num_cat=8
split_feature=3 1 1 4 6 5 5 6 5 6 6 4 5 6 6 6 4 4 5 5 6 4 6 4 6 4 5 5 5 5
split_gain=895.775 187.971 164.278 157.149 245.761 147.091 280.731 213.829 143.041 156.616 126.98 121.283 294.17 134.492 114.283 101.325 92.9617 78.4258 150.009 109.541 74.4211 150.487 115.576 147.33 129.1 141.739 123.553 116.227 98.0515 126.241
threshold=0 30.000000000000004 30.000000000000004 1 4.3166874728528244 556.50000000000011 479.25000000000006 18.034358471296148 1532.2500000000002 14.219507931855066 17.432526797014162 2 1673.7500000000002 13.142580483033754 18.531925647678253 1.0000000180025095e-35 3 4 489.25000000000006 694.25000000000011 17.460265947779984 5 16.632174044054032 6 15.11510148297498 7 1127.2500000000002 1479.5000000000002 886.25000000000011 496.75000000000006
decision_type=9 2 2 1 2 2 2 2 2 2 2 1 2 2 2 2 1 1 2 2 2 1 2 1 2 1 2 2 2 2
left_child=1 3 15 4 -1 6 7 -5 10 -10 -6 12 -7 -13 -8 -2 -4 18 -17 -20 22 28 24 26 25 -3 -24 -25 29 -22
right_child=2 20 16 5 8 11 14 -9 9 -11 -12 13 -14 -15 -16 17 -18 -19 19 -21 21 -23 23 27 -26 -27 -28 -29 -30 -31
leaf_value=0.039342696688944537 0.050304631394513792 -0.0174734631452752 0.0047719987718180309 9.9260020939641888e-05 -0.0057001665205325246 -0.016097577972487249 0.017043664064554018 -0.050695685780198618 -0.044717510536061919 -0.014946946709885403 -0.021225692273286096 -0.012884263154501148 0.010797938320953496 -0.0012127713044482388 0.056019818062259696 -0.030425095663004068 0.012435772083438858 0.0019365708858371357 0.030969845383009977 0.0071588892380884811 -0.022997424762433119 -0.017337917152835908 0.0038408354650749446 0.003336363793798783 -0.005953089758798373 0.0040665448570783797 0.025033985236159097 -0.027682113816906058 -0.0060868833369280406 0.021578698010139123
leaf_weight=249.10858952999115 113.56773942708969 811.85217748582363 6183.2997770309448 3620.4292943477631 8723.0206022709608 5202.8701938092709 1220.3329926878214 219.65266886353493 549.86434526741505 2252.92606292665 1551.577149912715 2894.4841897040606 1263.2644680738449 16766.481818526983 222.49504336714745 193.30736601352692 11212.21467423439 19537.504658818245 747.15949487686157 1368.3837804347277 194.62859827280045 1756.7036012113094 1253.6684842705727 1659.4272263944149 7243.2078870534897 10816.306238159537 1525.0406439304352 369.04775315523148 1688.7996170669794 859.78223320841789
leaf_count=1087 485 3314 25639 14819 35525 21188 4989 896 2212 9099 6285 11817 5143 68538 926 789 46681 80587 3119 5698 800 7159 5168 6803 29665 44359 6289 1506 6907 3546
internal_value=1.23538e-05 -0.00326869 0.00609064 -0.00528395 -0.00983257 -0.0033497 0.00425785 -0.00280615 -0.0107775 -0.0207906 -0.00804536 -0.00488943 -0.0108255 -0.00292987 0.023061 0.00321667 0.00972188 0.00297143 0.0116669 0.0155718 -7.02105e-05 -0.00596464 0.00104979 0.007971 -0.000713053 0.00255057 0.0154191 -0.00229425 0.00137534 0.0133445
internal_weight=112270 72915 39355.4 44736.5 13326.5 31410 5282.91 3840.08 13077.4 2802.79 10274.6 26127.1 6466.13 19661 1442.83 21959.9 17395.5 21846.4 2308.85 2115.54 28178.5 4499.91 23678.6 4807.18 18871.4 11628.2 2778.71 2028.47 2743.21 1054.41
internal_count=461038 298040 162998 182524 54208 128316 21630 15715 53121 11311 41810 106686 26331 80355 5915 90678 72320 90193 9606 8817 115516 18412 97104 19766 77338 47673 11457 8309 11253 4346
cat_boundaries=0 1 2 3 4 5 6 7 8
cat_threshold=52 385 68 226 16 710 932 256
is_linear=0
shrinkage=0.05


Tree=9
num_leaves=31
num_cat=6
split_feature=3 1 1 2 6 6 6 6 6 6 6 5 5 6 5 3 6 5 5 6 5 0 2 6 6 6 3 5 5 5
split_gain=809.074 169.444 153.631 119.709 112.307 166.565 112.703 158.203 92.4073 89.3455 102.994 85.468 174.32 179.101 169.859 166.968 157.608 104.28 143.959 151.644 77.0534 74.5058 116.555 57.0429 56.7337 103.175 127.992 115.928 63.9163 47.8222
threshold=0 30.000000000000004 47.500000000000007 1 19.397756961337638 18.551611832918617 17.597782500319173 17.797066475161422 1.0000000180025095e-35 18.595614151068641 18.966818811793434 525.75000000000011 479.25000000000006 18.09597120618006 496.75000000000006 2 17.597782500319173 597.25000000000011 623.50000000000011 15.959912029456776 589.75000000000011 3 4 17.432526797014162 17.460265947779984 16.632174044054032 5 1127.2500000000002 1722.0000000000002 1056.7500000000002
decision_type=9 2 2 1 2 2 2 2 2 2 2 2 2 2 2 9 2 2 2 2 2 1 1 2 2 2 9 2 2 2
left_child=1 11 4 -3 5 6 8 -8 -2 29 -11 12 15 14 -14 16 -1 20 19 -19 -13 22 -4 -20 25 26 -5 -27 -26 -7
right_child=2 3 21 24 -6 9 7 -9 -10 10 -12 17 13 -15 -16 -17 -18 18 23 -21 -22 -23 -24 -25 28 27 -28 -29 -30 -31
leaf_value=0.0025298498301637102 0.042378863062175524 0.010203496458941962 0.023490146077321392 0.0023593297243464178 -0.017784751370807272 0.049937689822575668 -0.021360858655415697 0.0040154250811960173 0.0048243144903985739 0.00039034675452587084 0.031230674999388936 -0.014291153292712813 0.024501181473050068 0.041548221381179896 -0.018906280483354323 -0.02618576062509952 -0.02945155512813304 0.035277776884649739 -0.004810960308309107 -0.038104855028116918 -0.048954521214788604 0.024007351850113219 0.0046165369635991884 -0.010105118814707633 -0.0045716285919376069 -0.0015934376406566985 -0.0062758239640047274 0.014723153982241225 -0.026780354081152948 0.014555076012380952
leaf_weight=4224.0897873491049 164.66523802280426 2567.6877674758434 1163.8181625753641 8862.4566575735807 552.61785070598125 321.64357408881187 1005.1731202304363 1578.0545398294926 29186.277470648289 653.71300578117371 462.37270466983318 1588.870858758688 459.19662961363792 459.8317219465971 442.33797308802605 715.17618410289288 423.7866367995739 388.80867232382298 29648.751988321543 85.81480698287487 178.4277723133564 1326.1300973892212 2757.094604074955 6145.0853680074215 3730.8120193779469 2116.4047086685896 8303.0466285645962 2240.4024387747049 354.84492252767086 136.59460273385048
leaf_count=17287 708 10573 4920 36415 2262 1351 4142 6504 120745 2715 1921 6485 1883 1908 1808 2914 1718 1657 120807 349 728 5655 11505 24980 15260 8707 33895 9230 1436 570
internal_value=1.21267e-05 -0.00310414 0.00579375 -6.68398e-05 0.00456812 0.00493696 0.00415401 -0.00585738 0.00503532 0.0208141 0.013173 -0.00501663 0.000178947 0.0161574 0.00319803 -0.00387635 -0.000384836 -0.0059353 -0.00535715 0.021994 -0.0177962 0.0137598 0.0102921 -0.00572003 -0.00110042 -7.52153e-05 -0.00181954 0.00679605 -0.00650232 0.039407
internal_weight=112244 72935.8 39308.2 28175.7 34061.1 33508.5 31934.2 2583.23 29350.9 1574.32 1116.09 44760.2 6724.42 1361.37 901.535 5363.05 4647.88 38035.8 36268.5 474.623 1767.3 5247.04 3920.91 35793.8 25608 21522.3 17165.5 4356.81 4085.66 458.238
internal_count=461038 298040 162998 115516 140918 138656 132099 10646 121453 6557 4636 182524 27518 5599 3691 21919 19005 155006 147793 2006 7213 22080 16425 145787 104943 88247 70310 17937 16696 1921
cat_boundaries=0 1 2 3 4 5 6
cat_threshold=52 2 48 1 259 48
is_linear=0
shrinkage=0.05


Tree=10
num_leaves=31
num_cat=5
split_feature=8 4 5 6 0 2 5 5 4 6 5 4 6 6 6 6 6 6 6 6 5 6 6 6 5 6 5 5 6 5
split_gain=290.062 202.701 220.712 283.88 154.312 193.15 146.96 436.936 327.18 303.376 208.233 144.626 141.506 225.25 301.87 178.111 321.685 210.447 141.216 191.925 134.923 119.806 138.75 105.251 79.8218 76.5299 74.8788 63.5665 62.1109 59.002
threshold=3.5000000000000004 0 443.75000000000006 14.44688259516697 1 2 1676.0000000000002 1673.7500000000002 3 16.884442036925403 2148.5000000000005 4 15.607516757966241 14.041822681632485 13.981667153046947 16.428103398034832 16.415228707259637 16.632174044054032 10.330094668866876 11.440079884931739 1786.0000000000002 16.727312919252004 14.986772115514478 14.921596472668528 489.25000000000006 14.741120322270213 429.75000000000006 1713.7500000000002 19.651028396125692 382.75000000000006
decision_type=2 1 2 2 1 1 2 2 1 2 2 1 2 2 2 2 2 2 2 2 2 2 2 2 2 2 2 2 2 2
left_child=1 2 3 11 5 -2 7 18 20 10 -10 29 13 14 -4 16 -14 -17 24 -20 27 22 -5 -22 -3 -15 -13 -8 -23 -1
right_child=4 6 12 21 -6 -7 8 -9 9 -11 -12 26 15 25 -16 17 -18 -19 19 -21 23 28 -24 -25 -26 -27 -28 -29 -30 -31
leaf_value=0.043812337098981406 0.014811274608397845 -0.012640190570373078 -0.0067694563097528528 -0.049320526534937847 0.017010572068146906 -0.00049907634897168943 0.0019895304215929994 0.060094662176156527 -0.015269617266158131 -0.041030495531056609 0.014649204964653179 -0.0015663744268638374 0.0025069977657254496 -0.026965536401285829 0.037156947210167428 -0.024861254327856214 0.060811111552928704 -0.0033844500125057098 -0.016150754396385549 0.00090731402529189769 -0.0059051277097230785 -0.023463760696022268 0.0091593291473185783 0.019166426769216888 0.012735773721618816 -0.013769916299440875 -0.10955750960681837 -0.032451512483467969 0.02559630428818073 0.01806164351216388
leaf_weight=660.92604970932007 2919.7691334187984 340.64019766449928 6575.2603076994419 108.9540601670742 2993.2174132317305 6942.1745612025261 265.12224793434143 314.42297825217247 2441.2849711477757 897.77427285909653 763.18227054178715 209.87803430855274 4025.1801946461201 1624.0931199342012 415.73103791475296 1321.0754446536303 251.27065421640873 8354.4180450290442 1697.8054433614016 57193.19154843688 565.72589328885078 705.8526808321476 1447.5501196980476 1606.1563576608896 3405.7734235674143 3408.247605919838 17.291264310479164 270.17616941034794 70.824822649359703 336.80310536921024
leaf_count=2762 12167 1398 26903 447 12547 28666 1084 1299 9951 3636 3175 860 16449 6606 1693 5373 1040 34112 6969 234996 2312 2893 5957 6595 14151 13874 71 1105 287 1375
internal_value=-3.82412e-07 -0.000915369 -0.00438661 0.00728993 0.00706663 0.00404788 0.000554659 0.00130958 -0.00642278 -0.0153046 -0.0081423 0.0267812 -0.00598796 -0.0099635 -0.00415609 -0.00256156 0.00593527 -0.0063176 0.00101432 0.000415425 0.00706468 -0.00294135 0.00505967 0.0126336 0.0104269 -0.01803 -0.00943758 -0.0153871 -0.0189808 0.0347788
internal_weight=112150 99294.6 29533.4 3558.08 12855.2 9861.94 69761.3 62951.8 6809.42 4102.24 3204.47 1224.9 25975.3 12023.3 6990.99 13951.9 4276.45 9675.49 62637.4 58891 2707.18 2333.18 1556.5 2171.88 3746.41 5032.34 227.169 535.298 776.678 997.729
internal_count=460753 407373 120702 14652 53380 40833 286671 258813 27858 16762 13126 5068 106050 49076 28596 56974 17489 39485 257514 241965 11096 9584 6404 8907 15549 20480 931 2189 3180 4137
cat_boundaries=0 1 2 3 4 5
cat_threshold=448 1 259 528 192
is_linear=0
shrinkage=0.05


Tree=11
num_leaves=31
num_cat=8
split_feature=3 4 6 3 6 5 6 6 5 1 5 6 6 5 2 6 5 5 4 6 6 4 6 6 6 4 6 6 6 4
split_gain=698.2 169.907 258.596 188.541 319.709 496.661 358.832 212.669 195.878 131.32 103.63 100.446 93.374 90.7489 88.2199 85.3366 292.872 133.286 82.7371 75.5481 72.2099 69.8029 102.254 86.6774 150.715 124.881 63.1825 91.5069 61.2293 48.5348
threshold=0 1 4.3166874728528244 2 17.215566714973509 1434.2500000000002 16.742496947627398 17.746187587377403 1532.2500000000002 30.000000000000004 2323.7500000000005 8.6048812713834035 1.0000000180025095e-35 210.75000000000003 3 15.11510148297498 1948.0000000000002 1304.2500000000002 4 17.287039744056788 8.1786153273452893 5 18.185943538673374 18.290467868337227 16.82463901056386 6 16.195953866972754 17.797066475161422 15.650809350086229 7
decision_type=9 1 2 9 2 2 2 2 2 2 2 2 2 2 1 2 2 2 1 2 2 1 2 2 2 1 2 2 2 1
left_child=1 2 -1 7 6 -6 -5 13 -9 12 11 20 -2 -4 -11 17 -17 -13 26 -12 29 22 -14 24 -23 -25 28 -28 -16 -3
right_child=9 10 3 4 5 -7 -8 8 -10 14 19 15 21 -15 18 16 -18 -19 -20 -21 -22 23 -24 25 -26 -27 27 -29 -30 -31
leaf_value=0.034601696250520279 0.048489378725206311 0.0010482259151108053 -0.035151842186552054 -0.012406017613329882 0.016313322717586967 -0.030557165280526374 -0.049907387698692393 -0.027029356818311524 0.0045139460876860368 0.020106863865690223 0.027399785884952923 0.0048438807668154055 0.0097525812079781223 0.0004574801010278262 0.00012772933640122844 -0.0022109445662798349 -0.05212835637441593 -0.0042629596757027804 0.0090974383070543587 -0.024689530803949436 -0.072475350646004466 0.0024921888195548955 -0.024228676966368573 -0.028938567222339423 -0.0096565161664644416 0.017435108738806254 -0.022706295543945369 0.0092940850166767976 0.023835271410457895 -0.026765318962619078
leaf_weight=388.582304880023 111.2191745787859 277.86264525353909 181.43117722868919 9763.3466835916042 2134.1027706563473 768.66780899465084 682.50247091054916 1512.6428496688604 729.09904769062996 1525.7278290241957 496.17613878846169 11713.170384138823 4393.4249548465014 12426.880565732718 1232.6847060471773 24898.439548835158 297.26282314956188 6114.928065225482 13225.742856100202 80.78550960123539 59.93684147298336 12503.804880842566 232.95835104584694 154.23322528600693 3207.775632917881 1346.629380106926 605.03781932592392 353.80017298460007 349.64487074315548 362.3181899189949
leaf_count=1702 489 1135 742 39442 8785 3091 2753 6094 2944 6414 2126 47967 18269 50837 5130 101891 1212 25015 55234 324 241 51655 962 631 13189 5587 2494 1466 1457 1475
internal_value=9.09094e-08 -0.00289477 -0.00589956 -0.00646006 -0.01077 0.00389944 -0.0148572 -0.00257655 -0.0167683 0.00537641 -0.000954778 -0.00123291 0.00281017 -5.48094e-05 0.0086366 -0.00092706 -0.00280028 0.00172 0.00750869 0.0200946 -0.0200184 0.00257709 0.00802257 0.00110781 1.14685e-05 0.012588 -0.000761399 -0.0108936 0.00537068 -0.0150888
internal_weight=112131 72888.1 28587.3 28198.7 13348.6 2902.77 10445.8 14850.1 2241.74 39242.7 44300.9 43723.9 21950 12608.3 17292.6 43023.8 25195.7 17828.1 15766.9 576.962 700.118 21838.8 4626.38 17212.4 15711.6 1500.86 2541.17 958.838 1582.33 640.181
internal_count=460753 297776 116390 114688 54071 11876 42195 60617 9038 162977 181386 178936 90782 51579 72195 176085 103103 72982 65781 2450 2851 90293 19231 71062 64844 6218 10547 3960 6587 2610
cat_boundaries=0 1 2 3 4 5 6 7 8
cat_threshold=52 449 48 2 130 48 65 48
is_linear=0
shrinkage=0.05


Tree=12
num_leaves=31
num_cat=12
split_feature=8 2 4 6 5 4 5 8 2 6 5 5 0 2 0 2 8 8 5 5 5 6 6 5 2 8 0 8 0 2
split_gain=259.37 175.663 118.767 142.561 125.464 182.94 122.605 102.499 113.395 102.089 82.1784 78.8848 72.5892 62.258 115.113 54.805 52.3347 42.4088 36.7036 57.8387 221.528 165.357 46.5536 34.4711 33.363 44.2868 75.2111 70.3509 32.4457 45.2293
threshold=1.5000000000000002 0 1 4.3166874728528244 1572.7500000000002 2 1613.7500000000002 4.5000000000000009 3 6.9711984606016726 1709.0000000000002 326.25000000000006 4 5 6 7 2.5000000000000004 3.5000000000000004 2323.7500000000005 1676.0000000000002 1673.7500000000002 16.264969451067842 17.287039744056788 988.25000000000011 8 4.5000000000000009 9 2.5000000000000004 10 11
decision_type=2 1 1 2 2 1 2 2 1 2 2 2 1 1 1 1 2 2 2 2 2 2 2 2 1 2 1 2 1 1
left_child=2 24 3 23 9 6 -6 13 12 -5 -7 -11 -9 -3 17 -4 -16 -15 19 20 -17 -21 -20 -1 -2 27 -27 -26 -10 -30
right_child=1 7 15 4 5 10 -8 8 28 11 -12 -13 -14 14 16 18 -18 -19 22 21 -22 -23 -24 -25 25 26 -28 -29 29 -31
leaf_value=0.044380911367010008 0.012710985821302713 0.0027583589671445574 0.0026036286014682682 -0.049537794246373057 -0.031089692734439702 -0.042404993731095825 0.002399951562797588 -0.018307127489801189 0.0099030351601105612 0.006746707668071672 -0.018016170820241286 -0.0042395314008311005 0.034491534734197977 -0.0053513330898744514 0.00059648958385945933 -0.0012592529332920899 0.011481212586540874 0.0024575800466893026 0.027067728009209507 -0.0011880472757414863 0.060531351074910679 -0.029877074966690894 -0.031316440260169394 0.00047589996766425331 0.002059803673459724 -0.017271907285132178 0.032693601885382804 0.015669167835997394 0.00043674243633747819 0.027764012975675989
leaf_weight=182.35943488776684 4068.3432401865721 16230.88959531486 11700.38303847611 120.3438463807106 332.26337885856628 560.2336013764143 1536.5805441737175 496.5112123042345 2360.1308254003525 1772.3072827160358 904.31687647104263 20869.710401982069 74.770458921790123 10394.008719906211 2570.0774254202843 25679.425515472889 1937.6120194494724 2086.8962321728468 210.13096660375595 1906.3893000483513 145.77382738888264 682.02241076529026 40.602780416607857 59.524033173918724 2118.8456846922636 397.1410918533802 92.791137382388115 1722.1665940284729 209.18224638700485 635.08739417791367
leaf_count=835 16935 66957 48042 491 1340 2254 6202 2049 9793 7315 3633 85233 317 42762 10593 105370 8046 8636 913 7776 609 2766 163 257 8738 1641 395 7131 882 2679
internal_value=4.39366e-07 0.00291591 -0.00198362 -0.00459474 -0.00495086 -0.0140109 -0.00353396 0.00143178 0.00923864 -0.00362381 -0.0271658 -0.00337934 -0.0111874 0.000544723 -0.00157059 -0.000278548 0.0052765 -0.00404522 -0.00145569 -0.00162446 -0.000910041 -0.00875013 0.0175846 0.0336018 0.00943921 0.00634224 -0.0077937 0.00816329 0.0128767 0.021334
internal_weight=112097 45394.5 66702.4 26337.6 26095.8 3333.39 1868.84 36995.2 3775.68 22762.4 1464.55 22642 571.282 33219.5 16988.6 40364.7 4507.69 12480.9 28664.3 28413.6 25825.2 2588.41 250.734 241.883 8399.29 4330.94 489.932 3841.01 3204.4 844.27
internal_count=460753 187554 273199 107560 106468 13429 7542 152714 15720 93039 5887 92548 2366 136994 70037 165639 18639 51398 117597 116521 105979 10542 1076 1092 34840 17905 2036 15869 13354 3561
cat_boundaries=0 1 2 3 4 5 6 7 8 9 10 11 12
cat_threshold=34 449 192 4 1 149 1 7 2 1 1 257
is_linear=0
shrinkage=0.05


Tree=13
num_leaves=31
num_cat=8
split_feature=3 4 6 3 6 5 6 6 6 6 6 4 4 6 5 5 4 6 6 6 5 6 5 6 4 6 6 4 5 5
split_gain=623.862 143.391 222.076 166.8 284.721 445.411 321.226 190.18 193.356 110.765 135.569 322.169 184.136 307.581 171.287 239.715 132.097 124.352 93.3758 90.4558 87.801 77.9632 259.778 149.968 72.0905 65.3999 64.677 63.948 58.9927 62.3415
threshold=0 1 4.3166874728528244 2 17.215566714973509 1434.2500000000002 16.742496947627398 17.746187587377403 19.299108815414776 19.397756961337638 18.551611832918617 3 4 13.142580483033754 429.75000000000006 449.75000000000006 5 15.011989145850523 8.6048812713834035 13.639618486116543 2323.7500000000005 17.460265947779984 1987.7500000000002 17.422372489205635 6 17.287039744056788 8.1786153273452893 7 1046.0000000000002 378.50000000000006
decision_type=9 1 2 9 2 2 2 2 2 2 2 1 1 2 2 2 1 2 2 2 2 2 2 2 1 2 2 1 2 2
left_child=1 2 -1 7 6 -6 -5 19 -9 10 12 -12 14 16 24 -16 -14 -15 26 -4 21 23 -23 -20 -2 -22 -3 -11 29 -13
right_child=9 18 3 4 5 -7 -8 8 -10 27 11 28 13 17 15 -17 -18 -19 20 -21 25 22 -24 -25 -26 -27 -28 -29 -30 -31
leaf_value=0.03238533057975633 0.0095312302755545635 -0.014382292030540101 0.0067846219128069127 -0.011589722405546284 0.015587075387563305 -0.028786159655230459 -0.047006101797351714 -0.023917257264076081 0.010653020854809616 0.030256355960417376 -0.025437192264802361 0.0039885139418845356 0.022255846396776961 -0.0087851643300250869 0.049884642951993324 0.0095859172040577787 0.0049290540662385498 0.0011392813903654106 -0.00033000623974574847 -0.0026253918289844379 0.025672596560894302 -0.0043786307285868095 -0.075683081556832343 0.028735769833920316 -0.013624090900634284 -0.022810788044466332 -0.068596004088382748 -0.020857385285755658 0.0091934509899396603 0.038379855548692311
leaf_weight=381.58989857137203 474.31283333897591 641.23591704666615 3557.3244093805552 9775.456246316433 2128.6301216632128 769.99972125887871 685.15504613518715 1715.4497809708118 528.9671560972929 60.60873344540596 330.88507035374641 151.65612111985683 2166.0398707091808 4211.1924638450146 379.32619766891003 13554.636628359556 2266.1417455822229 12597.383405387402 35375.530449569225 9052.6833379417658 490.79654261469841 7066.1303076446056 129.99841393530369 449.32554148137569 1104.5924254357815 80.849663838744164 60.167985498905182 566.37254229187965 303.63392272591591 1023.0783601850271
leaf_count=1702 1966 2610 14578 39442 8785 3091 2753 6895 2143 253 1360 645 9107 17359 1590 56607 9485 52138 144860 37001 2126 28858 524 1843 4554 324 241 2318 1276 4319
internal_value=8.93505e-07 -0.00273429 -0.00549407 -0.00600863 -0.0100603 0.00379734 -0.0139103 -0.00235604 -0.0157673 0.00508759 0.00542794 0.0187903 0.00476997 0.00174166 0.00890922 0.0106837 0.0134596 -0.00134691 -0.000951677 2.88401e-05 -0.00066055 -0.000919346 -0.00566848 3.44846e-05 -0.00669068 0.0188039 -0.0190491 -0.0157545 0.0286718 0.033945
internal_weight=112079 72889.3 28595.3 28213.7 13359.2 2898.63 10460.6 14854.4 2244.42 39189.9 38562.9 1809.25 36753.6 21240.8 15512.9 13934 4432.18 16808.6 44294 12610 43592.6 43021 7196.13 35824.9 1578.91 571.646 701.404 626.981 1478.37 1174.73
internal_count=460753 297776 116390 114688 54071 11876 42195 60617 9038 162977 160406 7600 152806 88089 64717 58197 18592 69497 181386 51579 178535 176085 29382 146703 6520 2450 2851 2571 6240 4964
cat_boundaries=0 1 2 3 4 5 6 7 8
cat_threshold=52 449 48 113 305 200 32 512
is_linear=0
shrinkage=0.05


Tree=14
num_leaves=31
num_cat=8
split_feature=3 4 5 5 5 10 5 1 5 4 5 5 5 2 10 2 4 10 5 5 5 5 10 4 10 5 5 10 4 5
split_gain=563.556 129.367 150.997 119.449 149.094 164.472 156.976 108.612 82.0908 77.6712 72.2068 69.1477 86.7497 60.9129 59.4329 58.4732 50.2458 48.9551 46.2334 46.0369 40.7147 65.4595 55.909 38.9729 37.025 33.7336 33.6438 108.828 55.7202 31.962
threshold=0 1 2015.7500000000002 1904.5000000000002 1237.7500000000002 1.5000000000000002 1261.0000000000002 30.000000000000004 2323.7500000000005 2 2323.7500000000005 172.25000000000003 195.00000000000003 3 3.5000000000000004 4 5 2.5000000000000004 603.25000000000011 309.25000000000006 1316.7500000000002 1266.5000000000002 3.5000000000000004 6 1.5000000000000002 136.25000000000003 1928.5000000000002 1.5000000000000002 7 352.75000000000006
decision_type=9 1 2 2 2 2 2 2 2 1 2 2 2 1 2 1 1 2 2 2 2 2 2 1 2 2 2 2 1 2
left_child=1 2 3 4 5 -1 -6 13 11 17 -4 24 -13 -2 -10 -11 -14 18 19 -9 21 -17 -22 -15 -3 -19 28 -28 -5 -27
right_child=7 8 10 26 6 -7 -8 9 14 15 -12 12 16 23 -16 20 -18 25 -20 -21 22 -23 -24 -25 -26 29 27 -29 -30 -31
leaf_value=0.0030131210036448749 0.0052396812703461044 0.049553413689182174 -0.021615670738530841 0.036323532972353488 -0.052939115815620101 -0.0066230932261463543 -0.0093351652818038887 -0.0062927920448037191 0.024570419086430872 0.01952799188661436 -0.080482561633553149 -0.032759667000493799 0.0011901714017796127 0.0043646977010929336 -0.021661948074411373 0.0076850259014457651 -0.0023679934406409227 -0.063757777384688546 4.9748751654019217e-05 0.027388158559856303 0.018773020263234276 -0.024429227621191513 -0.012021812072278912 -0.0019796759791598172 -0.0039082273783078575 0.018083049384578567 -0.066386065024873889 0.015843780177995946 -0.021384608156038175 -0.010170633157458668
leaf_weight=7780.525206297636 10549.178857311606 102.7786228954792 860.5312574505806 262.74790029227734 211.37083096802235 10275.45351588726 8723.471867531538 140.29802477359772 487.2681293040514 1272.7735732197762 55.45191054046154 217.4801971912384 15354.447680667043 3480.0456951111555 80.884926050901413 11384.144746556878 28006.580706685781 26.812826797366142 1239.924543634057 363.99400199949741 1467.2307067662477 160.75422739982605 163.57522441446781 7888.8440670520067 46.99992461502552 112.51853986084461 45.56272055208683 337.9027581512928 45.62111023068428 893.65594162046909
leaf_count=31907 43727 448 3453 1069 855 41850 35297 588 2126 5403 222 888 62794 14484 324 47698 114610 110 5172 1526 6181 673 682 32571 196 464 184 1370 183 3698
internal_value=1.32801e-06 -0.00259713 -0.0052183 -0.00455897 -0.00508497 -0.00247047 -0.0103678 0.00483983 -0.000903936 0.00781211 -0.0251932 -0.00114962 -0.00126633 0.00250584 0.0179771 0.00928094 -0.00110818 0.000134746 0.00524564 0.0180085 0.00827649 0.00723722 0.0156806 -3.50575e-05 0.0327526 -0.00848861 0.0159525 0.00604557 0.0282499 -0.00700463
internal_weight=112039 72895.1 28598.6 27682.7 26990.8 18056 8934.84 39143.8 44296.4 17225.7 915.983 43728.3 43578.5 21918.1 568.153 14448.5 43361 2777.2 1744.22 504.292 13175.7 11544.9 1630.81 11368.9 149.779 1032.99 691.834 383.465 308.369 1006.17
internal_count=460753 297776 116390 112715 109909 73757 36152 162977 181386 72195 3675 178936 178292 90782 2450 60637 177404 11558 7286 2114 55234 48371 6863 47055 644 4272 2806 1554 1252 4162
cat_boundaries=0 1 2 3 4 5 6 7 8
cat_threshold=52 449 130 551 2 10 49 192
is_linear=0
shrinkage=0.05


Tree=15
num_leaves=31
num_cat=7
split_feature=3 1 1 6 4 6 6 6 6 6 4 5 5 5 2 4 5 5 6 6 6 4 5 5 5 5 3 5 5 1
split_gain=517.849 118.621 106.353 94.2096 207.697 126.723 404.771 196.976 123.427 270.611 119.703 208.616 206.547 103.762 93.1758 82.0952 105.393 165.933 165.474 94.4097 208.585 175.127 126.549 92.8697 88.9366 77.2149 60.9645 60.3351 47.4487 46.925
threshold=0 47.500000000000007 30.000000000000004 13.322880852119555 1 16.195953866972754 15.051031787382108 17.797066475161422 16.069314705510894 15.588291229379381 2 336.25000000000006 525.75000000000011 1547.2500000000002 3 4 443.75000000000006 637.25000000000011 15.259385639768688 18.551611832918617 18.485230661856772 5 493.75000000000006 623.50000000000011 1373.2500000000002 1456.2500000000002 6 620.25000000000011 649.75000000000011 53.000000000000007
decision_type=9 2 2 2 1 2 2 2 2 2 1 2 2 2 1 1 2 2 2 2 2 1 2 2 2 2 9 2 2 2
left_child=2 3 15 10 5 6 -5 -7 9 -6 11 -2 -12 -10 -4 16 26 18 -18 20 24 -21 -23 -22 -17 -14 -1 -13 -19 -16
right_child=1 -3 14 4 8 7 -8 -9 13 -11 12 27 25 -15 29 19 17 28 -20 21 23 22 -24 -25 -26 -27 -28 -29 -30 -31
leaf_value=0.010950524603840524 0.046965308861340274 0.011754465083778275 0.0059262959549308235 -0.012393051908427639 0.0062055767658263823 -0.01661589549770439 0.016612092777375794 0.0065345314900888173 0.0081543361258745988 -0.014842196822696996 -0.024859378057768305 -0.010702829579191827 0.0052305034949581717 0.036231890535218442 -0.0021528616682229772 -0.0010854398015804456 -0.055779393675419224 0.030878167295334907 -0.014227666149129301 -0.043465891160335696 0.059616746709122925 -0.050831594920701328 -0.00013417748059723288 0.012699530697560288 -0.0067417657466942718 0.031100109631532358 -0.050661327293320006 0.01349628213155568 -0.007661617442357287 0.0056651242789153705
leaf_weight=848.50134971737862 470.70071367919445 5148.1456386893988 5290.3231235295534 2449.8678968846798 5931.1966629773378 3149.1289220452309 2362.6858655065298 1296.919609695673 9785.855195581913 2056.506745710969 567.98658740520477 291.01427561044693 2687.1371105611324 340.53382813930511 20782.251390308142 23566.886068046093 363.01745687425137 80.626942783594131 706.12793965637684 387.16453604400158 179.62763160467148 137.45183318853378 1172.8138294368982 256.32979634404182 9857.4260956645012 323.19010668992996 32.382012903690338 2223.6903201490641 7087.4673230946064 2114.2673550993204
leaf_count=3463 2026 21941 21810 10021 24644 12876 9808 5341 40800 8529 2327 1219 11222 1439 85087 96214 1468 329 2859 1568 772 555 4766 1045 40180 1367 131 9344 28653 8690
internal_value=3.817e-05 0.00468068 -0.00245238 0.00360879 0.0023185 -0.00377168 0.00184581 -0.00986176 0.00543072 0.000785892 0.00898884 0.0163607 0.00278331 0.00909938 -4.75929e-05 -0.00397004 -0.00820171 -0.00996887 -0.0283447 -0.00288163 -0.00230539 -0.0143896 -0.00541847 0.0320515 -0.00275376 0.00801048 0.0082237 0.0106935 -0.007227 -0.00143008
internal_weight=111947 39084.6 72862.7 33936.4 27372.7 9258.6 4812.55 4446.05 18114.1 7987.7 6563.72 2985.41 3578.31 10126.4 28186.8 44675.8 9118.12 8237.24 1069.15 35557.7 33860.3 1697.43 1310.27 435.957 33424.3 3010.33 880.883 2514.7 7168.09 22896.5
internal_count=460494 162904 297590 140963 113458 38046 19829 18217 75412 33173 27505 12589 14916 42239 115587 182003 36903 33309 4327 145100 138211 6889 5321 1817 136394 12589 3594 10563 28982 93777
cat_boundaries=0 1 2 3 4 5 6 7
cat_threshold=52 202 217 34 384 25 48
is_linear=0
shrinkage=0.05


Tree=16
num_leaves=31
num_cat=10
split_feature=3 4 6 5 6 5 6 6 6 5 6 6 4 4 5 5 4 5 4 4 5 4 3 5 5 6 4 6 6 6
split_gain=467.878 107.99 221.253 217.249 169.285 156.882 115.855 202.002 221.954 204.16 179.342 174.395 191.051 151.514 150.694 100.271 299.789 224.786 253.745 204.246 234.056 221.231 204.505 296.843 192.609 191.52 171.489 158.976 148.567 171.725
threshold=0 1 17.713826142796862 429.75000000000006 17.478384261716339 443.75000000000006 18.290467868337227 16.443535860035201 16.612312694996909 496.75000000000006 19.397756961337638 16.415228707259637 2 3 1419.0000000000002 525.75000000000011 4 597.25000000000011 5 6 632.25000000000011 7 8 1673.7500000000002 774.25000000000011 13.700946206469519 9 10.330094668866876 18.531925647678253 14.986772115514478
decision_type=9 1 2 2 2 2 2 2 2 2 2 2 1 1 2 2 1 2 1 1 2 1 9 2 2 2 1 2 2 2
left_child=15 2 3 -2 5 -5 7 11 -9 -10 13 14 -13 -8 -3 16 27 18 -17 22 21 -21 25 -24 -22 -19 28 -1 29 -18
right_child=1 6 -4 4 -6 -7 10 8 9 -11 -12 12 -14 -15 -16 17 26 19 -20 20 24 -23 23 -25 -26 -27 -28 -29 -30 -31
leaf_value=0.033024444272782227 -0.012551510058092753 0.0028154686994616186 -0.018366556172836581 0.060995173147877446 0.048100860632693448 0.011803745626840591 -0.0052932783402769822 -0.025930430854867501 -0.016259602676165854 0.0033697655072673586 -0.013520548269052884 0.062525445395531412 0.0042027398529931983 0.02626610510511268 0.01922744679057483 -0.0075808376150851096 0.037496691418564911 0.012501650989623338 -0.041544534372229908 0.032576591867124131 -0.012211955583969472 -0.0098429962112454132 -0.017654715951236268 0.0032062453583104446 -0.00024379245444695018 -0.0057474738000598399 0.0039024827694412092 -0.015637531063942025 0.055670776605625985 -0.0063541228918682904
leaf_weight=179.76705648005009 798.14799121022224 17832.208877563477 648.7484907656908 166.49637651443481 366.23575007915497 6065.1619344651699 491.50047862529755 1042.9432175904512 1735.5098398327827 5593.5301615446806 515.32097408175468 261.45684625208378 307.63646239042282 1694.0877283811569 1517.7893089354038 2011.3291491419077 426.34751787781715 1923.1840240359306 755.13381567597389 969.6086001098156 3690.628722935915 446.36936295032501 6649.4004426449537 2292.9054113775492 37722.396372511983 5693.8115019500256 6858.2848846614361 2499.4558790177107 291.19450961053371 468.20637215673923
leaf_count=741 3292 74282 2691 715 1551 25605 2050 4302 7169 23179 2115 1104 1275 7187 6387 8215 1763 7892 3064 4110 15082 1826 26881 9328 153985 23200 28100 10208 1258 1937
internal_value=3.63607e-05 0.00445301 0.00961393 0.0120821 0.015063 0.0131198 0.0031105 0.0021667 -0.00434989 -0.00127793 0.0130057 0.00490587 0.0321852 0.0192627 0.00410315 -0.00232962 0.00213489 -0.00310032 -0.0170321 -0.00245123 -0.000626762 0.0193616 -0.00716498 -0.0122915 -0.00131051 -0.00113757 0.00695792 -0.0123235 0.024444 0.0145416
internal_weight=111915 39036.8 8044.79 7396.04 6597.89 6231.66 30992 28291.1 8371.98 7329.04 2700.91 19919.1 569.093 2185.59 19350 72878 10723.3 62154.8 2766.46 59388.3 42829 1415.98 16559.3 8942.31 41413 7617 8044.03 2679.22 1185.75 894.554
internal_count=460494 162904 33854 31163 27871 26320 129050 117698 34650 30348 11352 83048 2379 9237 80669 297590 44007 253583 11279 242304 175003 5936 67301 36209 169067 31092 33058 10949 4958 3700
cat_boundaries=0 1 2 3 4 5 6 7 8 9 10
cat_threshold=52 17 256 352 265 818 324 515 16 64
is_linear=0
shrinkage=0.05


Tree=17
num_leaves=31
num_cat=12
split_feature=3 1 1 6 2 4 6 6 6 6 6 4 6 5 5 4 5 4 4 6 5 6 5 0 2 5 1 0 2 3
split_gain=422.8 106.68 95.632 89.3827 85.2988 77.3661 186.308 169.324 96.3138 151.302 143.008 70.1004 126.135 95.3552 220.581 193.982 134.393 106.827 98.5385 92.7347 72.5063 135.491 107.024 49.3572 90.5783 48.0389 47.7196 47.0308 46.9845 40.4513
threshold=0 47.500000000000007 30.000000000000004 1.0000000180025095e-35 1 2 17.713826142796862 17.478384261716339 18.290467868337227 16.443535860035201 19.397756961337638 3 4.3166874728528244 556.50000000000011 479.25000000000006 4 597.25000000000011 5 6 18.531925647678253 1532.2500000000002 13.874969247874629 754.75000000000011 7 8 1316.7500000000002 53.000000000000007 9 10 11
decision_type=9 2 2 2 1 1 2 2 2 2 2 1 2 2 2 1 2 1 1 2 2 2 2 1 1 2 2 1 1 9
left_child=2 3 11 -2 -4 6 7 -5 9 -7 -10 12 -1 14 15 -13 18 -18 -15 -16 22 -22 -14 24 -3 -8 29 28 -28 -6
right_child=1 23 4 5 26 8 25 -9 10 -11 -12 13 20 16 19 -17 17 -19 -20 -21 21 -23 -24 -25 -26 -27 27 -29 -30 -31
leaf_value=0.029618212641382535 0.040270950015766138 0.017882681694581595 0.0043568736959195579 0.0083736314180275911 -0.00016616556132537544 0.0034767174909131325 -0.015832956953266142 0.046065495518100213 0.017684873575622401 -0.0050966672594691814 -0.013556479966865563 -0.022336807154928445 -0.013388703235627001 -0.0094264150867954446 0.01511159607670925 0.0038777659489081374 -0.00030739688332577216 -0.0069726610472662879 -0.044350664551417965 0.050530488882998374 -0.038572447021675713 -0.009457431213799319 -0.0021451091297246235 0.019413746575334817 0.0020434662820538233 -0.074996917373382627 -0.010967039431456516 0.020710281794495466 0.0078494523356045977 -0.0048969209266998305
leaf_weight=234.79251681268215 161.92709250748158 1455.2323133647442 8205.0666363835335 5997.1788768917322 9225.5474908649921 17154.161990538239 529.68768021464348 313.52989287674427 1867.542963668704 7351.1598098278046 455.41517120599747 921.55370439589024 2979.7482569217682 564.4571420699358 1216.60220682621 2901.9972621500492 15336.315975055099 9885.0194074064493 322.06150841712952 218.07503363490105 482.82883527874947 2322.0337865054607 7309.8748179227114 1292.3694162368774 2378.3541333675385 36.66254298388958 484.61501482129097 415.55126115679741 998.0592688024044 8862.8881876468658
leaf_count=1097 719 6266 33767 25238 37828 71292 2183 1339 7903 30280 1857 3748 12092 2297 4994 11900 62591 40159 1305 956 1935 9326 29603 5656 10019 152 1982 1722 4103 36185
internal_value=3.54624e-05 0.00423721 -0.00221261 0.00322062 6.73482e-05 0.00304235 0.00777045 0.0102477 0.00182658 0.000904641 0.0115575 -0.0036513 -0.0066884 -0.00235759 0.0037841 -0.00248787 -0.00359566 -0.00292282 -0.0227297 0.020502 -0.00734511 -0.0144723 -0.0054017 0.010961 0.00810963 -0.0196843 -0.00169471 0.00584525 0.00167452 -0.00248721
internal_weight=111880 38993.2 72887.1 33867.3 28191.7 33705.3 6877.06 6310.71 26828.3 24505.3 2322.96 44695.4 13329.3 31366.1 5258.23 3823.55 26107.9 25221.3 886.519 1434.68 13094.5 2804.86 10289.6 5125.96 3833.59 566.35 19986.7 1898.23 1482.67 18088.4
internal_count=460494 162904 297590 140963 115587 140244 28912 26577 111332 101572 9760 182003 54053 127950 21598 15648 106352 102750 3602 5950 52956 11261 41695 21941 16285 2335 81820 7807 6085 74013
cat_boundaries=0 1 2 3 4 5 6 7 8 9 10 11 12
cat_threshold=52 50 17 385 40 58 546 1 323 1 132 48
is_linear=0
shrinkage=0.05


Tree=18
num_leaves=31
num_cat=10
split_feature=3 1 5 4 5 4 4 5 4 3 5 5 6 4 3 5 5 5 6 5 3 5 6 6 4 6 5 6 6 6
split_gain=381.993 96.854 86.765 255.3 194.122 223.959 177.241 208.045 200.201 181.839 269.074 172.327 172.188 149.896 142.986 189.111 143.75 141.08 131.374 159.892 124.575 114.95 93.6653 81.9531 70.0607 168.166 165.004 87.2954 154.626 119.164
threshold=0 47.500000000000007 525.75000000000011 1 597.25000000000011 2 3 632.25000000000011 4 5 1673.7500000000002 774.25000000000011 13.700946206469519 6 7 489.25000000000006 462.25000000000006 429.75000000000006 18.531925647678253 489.25000000000006 8 499.75000000000006 18.551611832918617 1.0000000180025095e-35 9 17.713826142796862 429.75000000000006 18.551611832918617 19.397756961337638 16.443535860035201
decision_type=9 2 2 1 2 1 1 2 1 9 2 2 2 1 9 2 2 2 2 2 9 2 2 2 1 2 2 2 2 2
left_child=2 23 3 14 5 -4 9 8 -8 12 -11 -9 -6 18 15 17 -16 -1 19 -5 21 -15 -22 -2 25 26 -25 29 -29 -26
right_child=1 -3 4 13 6 -7 7 11 -10 10 -12 -13 -14 20 16 -17 -18 -19 -20 -21 22 -23 -24 24 27 -27 -28 28 -30 -31
leaf_value=-0.0062517607238889552 0.038771856696012005 0.010447903226712 -0.0068702446193663058 0.020063781348001148 0.012027807450923795 -0.038712514307430911 0.031060093646905197 -0.011458083515993287 -0.0093300643477707834 -0.016531366290773581 0.0033247755689593973 -0.00014769125306740788 -0.0052841792720945066 0.019466694947972533 -0.074639270263125515 0.033875437656483619 -0.01513338419784245 -0.045641869507384338 0.052766483205567774 -0.056734330431685104 0.0008638909327096533 -0.012545233151127783 -0.031692476236310115 -0.013030016959001923 0.003305126648959357 -0.01863841218790965 0.012634419749834938 0.020777541202178427 -0.012855533054804642 -0.0041304461320550252
leaf_weight=1737.1051861345768 159.8362969905138 5110.4529133737087 2014.7995223999023 817.77922241389751 1920.0216349065304 758.71208553016186 960.82687073945999 3697.8279166817665 447.01886333525181 6660.9277613759041 2293.1110206842422 37727.510443359613 5699.7459056228399 1683.3618911504745 166.64936155080795 260.44468261301517 260.21279007196426 261.54863895475864 283.83847247064114 73.774055287241936 4600.8295333832502 336.21062782406807 231.96235598623753 705.02066057920456 17142.81254337728 568.18477742373943 5590.8024506568909 1359.3141127079725 456.21840070188046 7857.9006280004978
leaf_count=7085 719 21941 8215 3393 7892 3064 4110 15082 1826 26881 9328 153985 23200 6918 676 1074 1054 1060 1258 307 18863 1380 939 2893 71292 2335 23684 5814 1857 32369
internal_value=3.37577e-05 0.00403061 -0.00210213 0.00205308 -0.0028185 -0.0157481 -0.00221475 -0.000514808 0.0183865 -0.00660343 -0.0114329 -0.00115746 -0.000919958 0.00651584 -0.0112654 -0.00615929 -0.03751 -0.011411 0.0229449 0.0136977 0.0036674 0.014065 -0.000696883 0.0030625 0.00289277 0.00739705 0.0097595 0.00173622 0.012323 0.000967866
internal_weight=111845 38950.5 72894.2 10713.7 62180.5 2773.51 59407 42833.2 1407.85 16573.8 8954.04 41425.3 7619.77 8027.76 2685.96 2259.1 426.862 1998.65 1175.39 891.553 6852.36 2019.57 4832.79 33840.1 33680.3 6864.01 6295.82 26816.2 1815.53 25000.7
internal_count=460494 162904 297590 44007 253583 11279 242304 175003 5936 67301 36209 169067 31092 33058 10949 9219 1730 8145 4958 3700 28100 8298 19802 140963 140244 28912 26577 111332 7671 103661
cat_boundaries=0 1 2 3 4 5 6 7 8 9 10
cat_threshold=52 265 818 324 515 16 64 48 16 17
is_linear=0
shrinkage=0.05


Tree=19
num_leaves=31
num_cat=11
split_feature=3 2 1 6 4 6 6 6 6 4 5 5 4 5 2 5 5 5 4 5 5 6 6 6 4 4 5 4 6 4
split_gain=345.014 101.94 85.8827 80.3531 174.598 131.733 201.614 125.743 333.787 113.944 192.582 182.89 113.906 96.5064 77.8549 72.4625 62.9786 66.1155 59.5074 244.956 94.9499 58.9819 38.9448 141.931 109.002 81.6881 83.9644 64.9687 41.8927 36.471
threshold=0 1 30.000000000000004 13.322880852119555 2 16.069314705510894 15.588291229379381 14.956526563544118 16.195953866972754 3 326.25000000000006 525.75000000000011 4 1547.2500000000002 5 1456.2500000000002 172.25000000000003 195.00000000000003 6 1381.0000000000002 525.75000000000011 10.694849517662156 17.344529618988229 17.215566714973509 7 8 658.25000000000011 9 18.551611832918617 10
decision_type=9 1 2 2 1 2 2 2 2 1 2 2 1 2 1 2 2 2 1 2 2 2 2 2 1 1 2 1 2 1
left_child=2 -2 16 9 7 6 -6 12 -9 10 -3 29 -5 -7 -4 -13 -1 -18 19 -19 -20 -12 23 27 -25 28 -27 -16 -24 -11
right_child=1 3 14 4 5 13 -8 8 -10 11 21 15 -14 -15 22 -17 17 18 20 -21 -22 -23 25 24 -26 26 -28 -29 -30 -31
leaf_value=0.028450186211927925 0.0116479878026877 0.045107982257120087 0.0056294628069436248 -0.0063452913000653539 0.0044817539481107711 0.0074654005765402171 -0.013390622148054893 0.012792666600846681 -0.0089640053678801991 -0.012948243624884895 -0.0015866035981236732 0.0040719066740574827 -0.031129675452729599 0.034073950090640036 -0.0070425560031348033 0.028456018826690289 -0.034721552174810003 0.0048897140450415511 0.001945876265332712 -0.013685060258777013 -0.005386453277247751 0.014767145379935308 -0.010580671784415538 0.043324677186502979 -0.0035999570548863658 0.012718801337692435 -0.0059947798299536626 0.00060219826067540658 -0.031035432109327132 -0.039957322989827973
leaf_weight=154.92507694661617 3762.7549361735582 453.92455469071865 5283.1900605559349 1486.1026749014854 6201.6267741024494 10126.357339829206 2116.3684123754501 2869.4297045618296 4570.9812413454056 367.14573755860329 789.72936265170574 2757.3834558129311 676.05511990189552 352.66735219955444 3418.9780705273151 342.57601158320904 168.54132990539074 7008.6330337524414 5181.5957643091679 2376.7469002604485 29812.878588020802 1822.2675931155682 1062.2576634883881 315.83479909598827 204.55895708501339 841.68883992731571 2081.4219369590282 14656.72617508471 328.10615612566471 213.51292170584202
leaf_count=661 15864 1978 21810 6115 25991 42552 8811 12004 18797 1510 3356 11594 2756 1514 13905 1471 682 28582 21270 9668 121140 7715 4314 1306 838 3484 8479 60122 1329 876
internal_value=3.24015e-05 0.00383364 -0.00199672 0.00299378 0.00182914 0.00463 -6.50648e-05 -0.00365402 -0.000572711 0.00789992 0.0149993 0.00193858 -0.0142715 0.00836169 0.000163917 0.00676903 -0.00335992 -0.00347072 -0.00335185 0.000185026 -0.00429939 0.00982085 -0.00109827 -0.000105607 0.0256358 -0.00537911 -0.000602316 -0.000847107 -0.0153031 -0.0238045
internal_weight=111805 38908.9 72896.1 35146.1 28399.6 18797 8318 9602.57 7440.41 6746.54 3065.92 3680.62 2162.16 10479 28192.8 3099.96 44703.3 44548.4 44379.9 9385.38 34994.5 2612 22909.6 18596.1 520.394 4313.47 2923.11 18075.7 1390.36 580.659
internal_count=460494 162904 297590 147040 118540 78868 34802 39672 30801 28500 13049 15451 8871 44066 115587 13065 182003 181342 180660 38250 142410 11071 93777 76171 2144 17606 11963 74027 5643 2386
cat_boundaries=0 1 2 3 4 5 6 7 8 9 10 11
cat_threshold=52 2 202 217 136 34 10 356 57 320 800
is_linear=0
shrinkage=0.05


Tree=20
num_leaves=31
num_cat=5
split_feature=3 1 2 6 6 5 3 6 5 6 6 6 5 6 5 5 5 5 6 6 5 5 5 5 5 5 6 6 2 0
split_gain=311.491 101.062 81.5825 79.4686 163.689 262.173 232.371 445.011 303.186 233.219 227.786 222.048 215.409 202.288 200.864 186.94 130.893 116.366 114.291 112.398 225.92 404.25 131.736 128.107 242.258 83.7965 69.2624 68.899 47.6676 46.1505
threshold=0 30.000000000000004 1 17.432526797014162 16.632174044054032 1127.2500000000002 2 16.264969451067842 597.25000000000011 16.549306644783126 16.742496947627398 17.123838346626904 2212.7500000000005 16.550770160580075 1761.2500000000002 1524.2500000000002 729.00000000000011 1886.7500000000002 16.727312919252004 17.998811766531059 556.50000000000011 894.25000000000011 499.75000000000006 546.75000000000011 894.25000000000011 747.25000000000011 1.0000000180025095e-35 17.746187587377403 3 4
decision_type=9 2 1 2 2 2 9 2 2 2 2 2 2 2 2 2 2 2 2 2 2 2 2 2 2 2 2 2 1 1
left_child=3 26 -3 4 6 11 9 8 -8 14 18 25 -9 -11 -1 -12 -13 19 -7 23 22 -22 -21 27 -25 -6 -2 -5 -28 -4
right_child=1 2 29 17 5 10 7 12 -10 13 15 16 -14 -15 -16 -17 -18 -19 -20 20 21 -23 -24 24 -26 -27 28 -29 -30 -31
leaf_value=-0.00091619357638435218 0.041940477668240495 0.016675319557394236 0.0034778358436516987 -0.061922172177723882 -0.0051555627120220037 0.020240443347172347 -0.024755866928379937 -0.03121465323870173 -0.002026728413019656 0.051866979366195415 0.014744412842749896 0.021746775153842272 0.018916696956051655 6.0781673945052149e-05 0.023187907084875722 -0.0052750820390107186 -0.0028264484751010133 -0.027245248772034492 0.05283365078384003 0.0080395301572952823 -0.031798968346316209 0.0018010584348480869 0.047487161024297397 0.0077299358775154165 -0.0187155188076117 -0.022921342032009292 0.0045115730412184684 -0.01640995400332259 -0.00030946850395211233 0.0093142103642991237
leaf_weight=20758.277920097113 104.17240314185619 1669.4790080934763 12189.878501236439 180.34385287761688 1307.1264527887106 960.58693510293961 1586.538502201438 2195.402705013752 19499.806971147656 413.61783783137798 2668.925039857626 913.49085827171803 237.2626808732748 346.38366265594959 901.73772332072258 2070.3265885263681 1331.2920283079147 601.96912369132042 374.14208716154099 586.15794029831886 1095.2066078931093 4898.1813481748104 331.54203467071056 1400.1528162658215 2268.8368853777647 1350.3865135163069 7240.2489696145058 155.09475436806679 17505.668976426125 4693.3084110170603
leaf_count=85074 481 7153 51152 737 5336 3916 6421 8885 79336 1694 10925 3766 1016 1409 3688 8499 5429 2418 1566 2443 4442 19859 1472 5714 9222 5499 30088 635 72569 19895
internal_value=4.53433e-05 0.00335836 0.00615152 -0.00205602 -0.00128972 0.00419573 -0.00260048 -0.00607105 -0.00373722 0.00104223 0.0111381 -0.00440497 -0.0263226 0.0282651 8.71665e-05 0.00599798 0.00717166 -0.00584409 0.0293838 -0.00466316 -0.000800232 -0.00433846 0.0223 -0.0113286 -0.00862216 -0.0141855 0.00127416 -0.040905 0.0011026 0.0050976
internal_weight=111836 43402.8 18552.7 68432.8 56915.3 10976.3 45939 23519 21086.3 22420 6073.98 4902.3 2432.67 760.002 21660 4739.25 2244.78 11517.5 1334.73 10915.5 6911.09 5993.39 917.7 4004.43 3668.99 2657.51 24850.1 335.439 24745.9 16883.2
internal_count=460739 181338 78200 279401 232459 44936 187523 95658 85757 91865 24906 20030 9901 3103 88762 19424 9195 46942 5482 44524 28216 24301 3915 16308 14936 10835 103138 1372 102657 71047
cat_boundaries=0 1 2 3 4 5
cat_threshold=28 2 24 7 1
is_linear=0
shrinkage=0.05


Tree=21
num_leaves=31
num_cat=8
split_feature=3 4 6 5 6 5 6 6 5 5 6 6 6 5 4 5 5 5 5 2 5 8 5 5 8 2 3 4 4 5
split_gain=291.132 90.6893 189.212 174.028 139.943 148.205 86.1541 224.561 174.701 189.296 164.739 260.888 227.378 136.921 123.229 201.342 169.277 89.7626 88.4881 73.5764 71.3724 65.7813 56.3443 54.7531 51.2399 50.7742 47.2477 259.531 180.57 168.97
threshold=0 1 17.713826142796862 429.75000000000006 17.478384261716339 443.75000000000006 13.322880852119555 15.156657284789164 613.00000000000011 1056.7500000000002 16.428103398034832 16.612312694996909 16.415228707259637 396.25000000000006 2 336.25000000000006 525.75000000000011 1456.2500000000002 705.50000000000011 3 320.50000000000006 4.5000000000000009 963.25000000000011 603.25000000000011 1.5000000000000002 4 5 6 7 951.75000000000011
decision_type=9 1 2 2 2 2 2 2 2 2 2 2 2 2 1 2 2 2 2 1 2 2 2 2 2 1 9 1 1 2
left_child=19 2 3 20 5 -5 14 8 13 -10 12 -12 -9 -8 15 -3 -16 -18 -17 24 -2 26 -6 -4 -1 -26 28 29 -21 -28
right_child=1 6 23 4 22 -7 7 10 9 -11 11 -13 -14 -15 16 18 17 -19 -20 21 -22 -23 -24 -25 25 -27 27 -29 -30 -31
leaf_value=-0.0014512658542919395 0.0018412083772167437 0.047575854460513982 0.0024109872906680437 0.05823297787446742 0.01185452279119587 0.010271666226509765 -0.012580709393711521 0.0074427095495940235 -0.025590167716401491 -0.0027025152826971057 -0.021471617172516139 0.0024710876658968536 0.050169885049479758 0.01419514636992014 -0.021398868537835423 -0.015651759720773869 0.003846795403884759 0.029909946721778394 0.014409919580220405 0.0039503439380619426 -0.028026401567612488 0.007338290569192424 0.056117867017449412 -0.027788231483768258 0.0091375467540779631 0.0010030725935614743 0.011442574421020844 -0.009502192048892839 -0.0052412442272858585 -0.0033563241335095536
leaf_weight=16815.948739364743 457.24528177082539 432.48310603201389 229.47407235205173 165.48104259371758 100.25187928974628 5991.103226929903 771.85297946631908 7274.2976253926754 1843.3265175223351 1772.7064717561007 1283.3339929580688 10022.966207846999 325.25757940113544 1250.9864747971296 636.88943050801754 290.54527044296265 3046.8018900752068 370.56172277033329 1547.693038508296 8543.3185451179743 355.03790947794914 1477.4341834187508 257.4746129065752 432.11426068842411 2546.9944035708904 7721.6516790390015 2929.163885384798 13034.605272233486 14230.615622922778 5646.7085795104504
leaf_count=68468 1892 1925 945 730 437 25550 3204 30473 7605 7313 5287 41795 1388 5214 2612 1228 12850 1607 6564 34944 1457 6089 1123 1782 10559 31687 12049 52880 58036 23046
internal_value=4.36358e-05 0.00353896 0.0082859 0.0106091 0.0133306 0.0115625 0.00230812 0.000967734 -0.00778901 -0.0143716 0.00357982 -0.000246279 0.00927271 0.00397572 0.00751239 0.0168075 0.00225778 0.00667521 0.00965517 -0.00181846 -0.0112092 -0.00303868 0.0437339 -0.0173072 0.000247891 0.00303115 -0.00338491 -0.00505942 -0.00179271 0.00169588
internal_weight=111804 38857.9 7988.18 7326.59 6514.31 6156.58 30869.7 24544.7 5638.87 3616.03 18905.9 11306.3 7599.56 2022.84 6324.97 2270.72 4054.25 3417.36 1838.24 72946.4 812.283 45861.8 357.726 661.588 27084.6 10268.6 44384.4 21610.5 22773.9 8575.87
internal_count=460739 162981 33916 31189 27840 26280 129065 102279 23336 14918 78943 47082 31861 8418 26786 9717 17069 14457 7792 297758 3349 187044 1560 2727 110714 42246 180955 87975 92980 35095
cat_boundaries=0 1 2 3 4 5 6 7 8
cat_threshold=52 17 200 39 2 48 51 588
is_linear=0
shrinkage=0.05


Tree=22
num_leaves=31
num_cat=7
split_feature=3 4 6 4 6 5 6 5 5 4 5 5 5 6 5 6 6 5 4 6 6 3 5 5 6 5 6 6 4 6
split_gain=257.602 140.458 175.802 299.288 225.702 175.832 139.823 137.081 409.623 267.487 128.876 180.586 127.299 127.025 220.989 168.205 126.464 122.735 108.399 131.767 190.674 138.909 179.658 125.278 119.367 115.492 105.658 240.533 128.13 101.753
threshold=0 1 11.975464858942047 2 11.52141415833351 1272.5000000000002 10.864748560791512 1673.7500000000002 1676.0000000000002 3 1572.7500000000002 1613.7500000000002 1479.5000000000002 13.838525637873836 1243.2500000000002 13.733175903714647 8.6048812713834035 597.25000000000011 4 16.195953866972754 17.825992953947459 5 225.25000000000003 378.50000000000006 19.489348701218098 1101.7500000000002 14.219507931855066 14.320746004028047 6 13.677197808620329
decision_type=9 1 2 1 2 2 2 2 2 1 2 2 2 2 2 2 2 2 1 2 2 9 2 2 2 2 2 2 1 2
left_child=1 2 3 4 16 -5 12 10 -9 -10 -8 -12 17 14 15 -4 -1 -3 19 25 21 -21 -23 -22 -25 -2 28 -28 -15 -16
right_child=18 6 13 5 -6 -7 7 8 9 -11 11 -13 -14 26 29 -17 -18 -19 -20 20 23 22 -24 24 -26 -27 27 -29 -30 -31
leaf_value=-0.02107607653882454 -0.0014832884046040262 -0.031100807913295822 0.013161185513849398 -0.057200052920450661 -0.033717806669605575 -0.01110381004695454 -0.0050514048118325688 0.055371678914194589 0.011139311903796807 -0.0099504282744506886 -0.035012169163338817 -0.0062647738106968486 -0.019488905568873328 0.013057024666603093 -0.010804899278336416 0.047434213083643484 0.017655429843701161 0.014313405199422405 0.0042703801486865603 -0.025095550072796676 -0.051677702034895294 -0.046547324985233264 0.011317694894061019 0.021314992834959787 -0.026823764170767917 0.016008297561538053 0.037563885437984001 0.0005094149425988099 -0.023033216253695706 0.019980696818920937
leaf_weight=262.12802498042583 3378.0362181216478 159.16743344068527 2369.9732637405396 459.35112541913986 378.09913699328899 376.99158674478531 28507.281493768096 340.90725390613079 2616.9059170633554 3505.4559898674488 888.63763490319252 1419.3455709069967 389.80110217630863 328.81353221833706 1338.548116222024 421.84226746857166 1072.0427485853434 2246.7185281217098 35089.180145680904 1669.6963436156511 79.37130069732666 167.14808851480484 677.48426076769829 807.35419651865959 153.03890094161034 1309.2160958945751 447.85200561583042 19650.366083979607 923.50933486223221 335.54664433002472
leaf_count=1072 14106 648 9759 1867 1543 1536 116075 1445 10699 14144 3589 5748 1576 1349 5457 1733 4402 9355 147149 6821 321 678 2768 3395 619 5481 1841 80418 3774 1371
internal_value=4.19768e-05 -0.00186787 0.00082434 -0.0117029 0.000371789 -0.036001 -0.0037733 -0.00458312 0.00203669 -0.000933162 -0.00597174 -0.0173365 0.00700967 0.00206159 0.00973015 0.0183431 0.010041 0.0113057 0.00305835 -0.00210039 -0.00936371 -0.0168116 -0.000130168 0.00864173 0.0136369 0.00340153 0.000457281 0.00133554 -0.0136326 -0.00463059
internal_weight=111770 68439.3 28365.1 2548.61 1712.27 836.343 40074.2 37278.5 6463.27 6122.36 30815.3 2307.98 2795.69 25816.5 4465.91 2791.82 1334.17 2405.89 43330.5 8241.35 3554.09 2514.33 844.632 1039.76 960.393 4687.25 21350.5 20098.2 1252.32 1674.09
internal_count=460739 279401 116122 10420 7017 3403 163279 151700 26288 24843 125412 9337 11579 105702 18320 11492 5474 10003 181338 34189 14602 10267 3446 4335 4014 19587 87382 82259 5123 6828
cat_boundaries=0 1 2 3 4 5 6 7
cat_threshold=28 554 40 80 136 2 8
is_linear=0
shrinkage=0.05


Tree=23
num_leaves=31
num_cat=7
split_feature=3 1 6 6 4 4 6 5 6 4 5 6 4 5 5 6 4 5 5 6 3 5 5 6 5 6 6 5 6 5
split_gain=241.1 82.4138 70.8007 94.1982 108.138 71.6037 265.079 120.33 69.4284 293.338 167.261 163.902 389.414 375.435 315.775 245.433 225.441 190.355 433.28 189.386 261.475 182.532 179.732 172.298 146.852 253.153 245.348 146.723 127.465 105.509
threshold=0 47.500000000000007 19.397756961337638 18.966818811793434 1 2 13.189202246547067 423.25000000000006 17.460265947779984 3 1722.0000000000002 16.549306644783126 4 1127.2500000000002 1409.7500000000002 17.153564085006796 5 1285.2500000000002 1700.7500000000002 16.264969451067842 6 774.25000000000011 1398.2500000000002 17.11796347630715 1373.2500000000002 17.872925874660819 18.185943538673374 225.25000000000003 17.551563973236131 2323.7500000000005
decision_type=9 2 2 2 1 1 2 2 2 1 2 2 1 2 2 2 1 2 2 2 9 2 2 2 2 2 2 2 2 2
left_child=8 2 3 5 -5 7 -7 -2 11 10 28 16 14 27 22 -15 17 21 -19 29 -21 -1 -13 -16 -11 -26 -27 -14 -10 -18
right_child=1 -3 -4 4 -6 6 -8 -9 9 24 -12 12 13 15 23 -17 19 18 -20 20 -22 -23 -24 -25 25 26 -28 -29 -30 -31
leaf_value=-0.0023237833265845817 -0.0070400563950824809 0.0091487627493836814 -0.015251674107404259 0.040898570782316304 -0.013316887450453979 0.012704410015870192 -0.0037171129206402943 0.0059093403972368154 -0.019102171105753289 -0.020696629173242803 -0.02684769775303672 -0.0034449456532606275 -0.046004219854998279 0.025068232424611449 -0.052233615469828312 -0.0024001067137367346 -0.0046859595023440153 -0.014347467332315608 0.0083060406007406801 0.0018323168779963098 -0.042178878978533299 0.0083400261041916106 0.05171948866655144 -0.010857410912249128 -0.044879997366532545 0.040564898450204265 -0.0074264862284575961 0.0008634629715241174 0.0054649245900788169 -0.073261641752918036
leaf_weight=6779.76019307971 2021.9782339036465 5101.1829758286476 562.93666961789131 309.33905316889286 127.56743086874485 3113.1309623122215 11666.490066125989 15882.751427859068 577.86984030902386 3272.7999567240477 492.69579742848873 3449.0096728652716 174.04102957248688 3855.1677666157484 533.48393633961678 1030.1843933463097 20479.628548920155 5185.796464368701 3559.1846333891153 583.31127823889256 804.00498500466347 9830.3673463761806 154.15456476807594 476.91353544592857 277.57955126464367 392.54778215289116 827.31598719954491 4063.6000994294882 6098.0133327841759 56.155649751424789
leaf_count=28021 8329 22075 2288 1346 531 13318 48191 66903 2360 13252 1978 14077 703 15923 2158 4208 83346 21092 14539 2375 3236 40100 630 1929 1120 1590 3339 16603 24953 226
internal_value=4.01468e-05 0.00322504 0.00232872 0.00262772 0.0256891 0.00231922 -0.000257562 0.00444417 -0.00165323 -0.00514054 0.00125996 -0.000971048 0.00383648 0.00981755 -0.00799349 0.019275 -0.00236797 0.000843104 -0.00512699 -0.00607956 -0.0239623 0.00398709 -0.00108208 -0.0327118 -0.0147316 -0.00178915 0.00801493 -0.00106127 0.00333737 -0.00487408
internal_weight=111739 38785.4 33684.2 33121.3 436.906 32684.4 14779.6 17904.7 72953.6 11938.8 7168.58 61014.8 13736.6 9122.99 4613.56 4885.35 47278.2 25355.1 8744.98 21923.1 1387.32 16610.1 3603.16 1010.4 4770.24 1497.44 1219.86 4237.64 6675.88 20535.8
internal_count=460739 162981 140906 138618 1877 136741 61509 75232 297758 48592 29291 249166 56231 37437 18794 20131 192935 103752 35631 89183 5611 68121 14707 4087 19301 6049 4929 17306 27313 83572
cat_boundaries=0 1 2 3 4 5 6 7
cat_threshold=52 640 309 710 83 91 48
is_linear=0
shrinkage=0.05


Tree=24
num_leaves=31
num_cat=7
split_feature=3 4 6 4 6 5 6 6 5 6 6 6 6 4 4 6 6 3 5 5 5 6 6 5 5 4 5 5 6 5
split_gain=214.957 121.534 158.273 267.228 203.325 159.083 128.209 115.547 193.494 152.368 115.03 95.2998 219.486 113.045 92.5414 114.812 167.191 128.594 148.249 109.988 104.292 103.616 92.4585 91.0823 363.736 236.101 140.724 174.807 93.1245 79.4004
threshold=0 1 11.975464858942047 2 11.52141415833351 1272.5000000000002 4.3166874728528244 13.838525637873836 1243.2500000000002 13.733175903714647 8.6048812713834035 14.219507931855066 14.320746004028047 3 4 16.195953866972754 17.825992953947459 5 225.25000000000003 378.50000000000006 1101.7500000000002 19.489348701218098 13.677197808620329 1673.7500000000002 1676.0000000000002 6 1572.7500000000002 1613.7500000000002 10.864748560791512 352.75000000000006
decision_type=9 1 2 1 2 2 2 2 2 2 2 2 2 1 1 2 2 9 2 2 2 2 2 2 2 1 2 2 2 2
left_child=1 2 3 4 10 -5 -3 8 9 -4 -1 13 -13 -9 15 20 17 -17 -19 -18 29 -21 -10 26 -25 -26 28 -28 -8 -2
right_child=14 6 7 5 -6 -7 23 11 22 -11 -12 12 -14 -15 -16 16 19 18 -20 21 -22 -23 -24 24 25 -27 27 -29 -30 -31
leaf_value=-0.020072074739377225 0.012624507490361548 0.02599118151312356 0.012457062307813307 -0.054062231840755232 -0.031914997322389879 -0.010295424858105001 0.0058140041108426174 0.012206303730906609 -0.0099912337469502538 0.045209807386585484 0.016843593869416904 0.035996083389667873 0.00049347303675807209 -0.021716726793413972 0.0039181287164863762 -0.023644467007752468 -0.048181554089189303 -0.04159457311745049 0.010801315528824207 0.020085398914254073 0.015181173777633237 -0.024723553370760681 0.019370707084689666 0.05245785060639313 0.010197996993967489 -0.0094571971448673513 -0.033487325174063422 -0.0055842323748417876 -0.0046919995737841865 -0.0056370629258989009
leaf_weight=262.71695557236671 771.25767855346203 365.56765967607498 2363.9267314970493 461.93527536094189 379.73279160261154 377.75483393669128 2277.1661294400692 327.83186806738377 1341.3246530741453 418.01823429763317 1069.0631676316261 445.11469849944115 19644.959829673171 926.68730008602142 35028.625436067581 1675.4643965959549 79.793207034468651 168.55315886437893 676.44694720208645 802.1718302667141 1304.0455996394157 153.55684685707092 334.91553412377834 333.98749463260174 2650.0798296481371 3579.5241809040308 928.18554618954659 1421.2910665869713 28526.631339848042 2605.9439812898636
leaf_count=1072 3249 1694 9759 1867 1543 1536 9282 1349 5457 1733 4402 1841 80418 3774 147149 6821 321 678 2768 3395 5481 619 1371 1445 10855 14439 3741 5748 116075 10857
internal_value=3.84788e-05 -0.00170539 0.00079968 -0.0110798 0.000349037 -0.0339776 -0.00347734 0.00197478 0.00929592 0.0173818 0.00955662 0.000445368 0.00128049 -0.0129235 0.00279673 -0.00197034 -0.00874588 -0.0156956 0.000336266 0.00816478 0.00317132 0.0128789 -0.00412088 -0.00374964 0.00163113 -0.00109384 -0.00481506 -0.0166107 -0.00391517 -0.0014649
internal_weight=111702 68436.4 28354 2551.2 1711.51 839.69 40082.4 25802.8 4458.19 2781.94 1331.78 21344.6 20090.1 1254.52 43265.9 8237.23 3555.99 2520.46 845 1035.52 4681.25 955.729 1676.24 39716.9 6563.59 6229.6 33153.3 2349.48 30803.8 3377.2
internal_count=460739 279401 116122 10420 7017 3403 163279 105702 18320 11492 5474 87382 82259 5123 181338 34189 14602 10267 3446 4335 19587 4014 6828 161585 26739 25294 134846 9489 125357 14106
cat_boundaries=0 1 2 3 4 5 6 7
cat_threshold=28 554 40 8 136 2 80
is_linear=0
shrinkage=0.05


Tree=25
num_leaves=31
num_cat=15
split_feature=1 2 0 1 2 2 2 3 3 4 6 6 6 6 6 6 6 4 9 4 6 9 6 3 4 4 9 3 1 2
split_gain=180.812 114.464 144.388 89.4582 87.0879 58.4458 51.7822 41.5474 40.5252 240.898 101.568 126.302 105.216 80.2137 197.107 171.101 72.6117 261.763 120.441 84.1285 72.0795 46.2449 40.5749 37.7719 49.8724 38.2258 45.4098 36.1431 37.4764 43.3261
threshold=30.000000000000004 0 1 47.500000000000007 2 3 4 5 6 7 14.81403404491749 15.11510148297498 8.1786153273452893 16.632174044054032 16.742496947627398 16.264969451067842 17.480478577105686 8 3.5000000000000004 9 13.142580483033754 1.5000000000000002 16.550770160580075 10 11 12 2.5000000000000004 13 47.500000000000007 14
decision_type=2 1 1 2 1 1 1 9 9 1 2 2 2 2 2 2 2 1 2 1 2 2 2 9 1 1 2 9 2 1
left_child=4 5 27 6 7 -2 -4 -1 9 10 12 -12 -6 15 -15 -11 19 21 -19 20 -10 -18 -21 25 -25 26 -7 28 -3 -30
right_child=1 2 3 -5 8 23 -8 -9 16 13 11 -13 -14 14 -16 -17 17 18 -20 22 -22 -23 -24 24 -26 -27 -28 -29 29 -31
leaf_value=-0.00062469922441308972 0.01048959445952098 -0.0062814373765319956 0.012398728757259751 0.017249001289147619 0.029596555785127876 0.010547213373806997 4.4946559899801476e-05 0.0041174399116888664 0.0093478030131253064 -0.010289180143389601 0.031698828633729408 0.0039618180154320747 -0.011487100636284546 0.028503906888184313 -0.0084846955353021451 -0.037182734746680816 0.020341631799306287 -0.017562173883713679 0.0068469533221539791 -0.0049509451486434829 0.00026268722524291536 0.0014957422222265117 0.0015913403122935464 0.0093889793032216548 0.0027942558800258216 -0.0026999388902936928 -0.0016605824010899114 0.00031114040447650666 0.0065100396543519195 -0.0067596216129473157
leaf_weight=11770.135538339615 4027.856095418334 7057.4265291839838 1120.3491237610579 1490.8198499530554 172.84557838737965 1651.3343226462603 3411.7545397281647 7590.0052777826786 2760.0739180147648 5764.9091487377882 457.77970363199711 3968.5673026293516 1571.5618883818388 423.52986547350883 2403.2309543192387 659.18136815726757 742.82182317972183 3248.3528366982937 598.09800335764885 10384.673894032836 10449.90021404624 580.47613060474396 3069.3196855187416 4905.9776791036129 6956.7752229571342 3571.0586552321911 1412.7988258898258 7014.6711802780628 1430.2222287356853 1063.6857852041721
leaf_count=47897 17007 28800 4643 6377 813 6789 14134 31673 11501 23265 1870 16205 6377 1765 9790 2644 3111 13246 2413 42811 43016 2407 12626 20667 29045 14610 5791 29505 5867 4348
internal_value=6.63616e-05 0.00251055 -5.34273e-06 0.00662405 -0.00158887 0.00503146 0.0031276 0.00123534 -0.00274571 -0.00484978 0.00280012 0.0068322 -0.00741197 -0.00995065 -0.00294016 -0.0130501 -0.00172504 -0.00714884 -0.0137296 -0.000673877 0.00215972 0.0119886 -0.00345548 0.00383763 0.00552767 0.000811535 0.00490099 -0.00241593 -0.00441495 0.000847298
internal_weight=111730 45114.7 22588.9 6022.92 66615.5 22525.8 4532.1 19360.1 47255.3 15421.6 6170.75 4426.35 1744.41 9250.85 2826.76 6424.09 31833.7 5169.75 3846.45 26664 13210 1323.3 13454 18497.9 11862.8 6635.19 3064.13 16566 9551.33 2493.91
internal_count=461013 187583 93674 25154 273430 93909 18777 79570 193860 62729 25265 18075 7190 37464 11555 25909 131131 21177 15659 109954 54517 5518 55437 76902 49712 27190 12580 68520 39015 10215
cat_boundaries=0 1 2 3 4 5 6 7 8 9 10 11 12 13 14 15
cat_threshold=179 1 7 2 64 20 4 51 516 346 36 537 167 20 328
is_linear=0
shrinkage=0.05


Tree=26
num_leaves=31
num_cat=17
split_feature=1 2 0 1 2 3 2 2 6 4 6 6 3 5 3 4 4 5 5 2 6 3 1 2 3 6 5 2 4 6
split_gain=163.277 103.469 130.487 81.2775 79.7302 76.2331 52.9986 46.909 41.8703 38.7558 59.7089 43.501 113.457 39.0196 34.1745 45.2011 34.9812 75.4928 64.5082 33.8411 32.6032 32.5918 33.7791 39.1411 32.4464 29.7927 28.5523 26.5521 25.1203 54.6626
threshold=30.000000000000004 0 1 47.500000000000007 2 3 4 5 1.0000000180025095e-35 6 4.3166874728528244 11.975464858942047 7 172.25000000000003 8 9 10 936.75000000000011 847.25000000000011 11 19.975010371364711 12 47.500000000000007 13 14 17.416501043903832 1336.7500000000002 15 16 17.713826142796862
decision_type=2 1 1 2 1 9 1 1 2 1 2 2 9 2 9 1 1 2 2 1 2 9 2 1 9 2 2 1 1 2
left_child=4 6 21 7 -1 9 -2 -4 -7 10 -6 12 -11 -13 16 26 18 -18 -8 -5 -12 22 27 -24 -9 -17 -16 -3 29 -23
right_child=1 2 3 19 5 8 14 24 -10 11 20 13 -14 -15 15 25 17 -19 -20 -21 -22 28 23 -25 -26 -27 -28 -29 -30 -31
leaf_value=-0.0036003418113208941 0.0099899894846887938 -0.0018467806621848477 0.011810424155484653 0.027871695769569785 0.028697977036587059 0.044756542190194933 -0.014343370839985379 -0.0079177635867198667 0.0028741097938850377 0.010165361637038144 -0.0047726858519631611 0.040621554071766493 -0.017553261069365396 0.00058212864918362787 0.0071271721097316892 0.0042411491706696404 0.0117369075205181 -0.0025678079768634535 0.0016828765203390527 0.011086901556672029 0.022629707094895181 0.0089436946774251111 0.0061929376089980143 -0.0064189109120905159 0.0030126620917006611 -0.0041147804529762114 0.0169383644595399 -0.0082582710738902214 -0.0012686346257558465 -0.025290415390065792
leaf_weight=27053.082260817289 4018.5747912824154 2545.6481728255749 1117.9151335954666 451.32720705866814 137.36615985631943 59.869195163249969 913.30190028250217 921.98690582811832 12893.616010695696 561.20088821649551 9977.0714015811682 61.005541294813156 1045.5318605154753 14716.878093123436 3983.4847928285599 5637.981796592474 1704.6175340563059 2008.6490196734667 2007.4619141221046 1033.295337587595 109.58398129045963 1376.371238425374 1428.8357843458652 1064.6487685889006 2489.7412712574005 1315.0128282755613 912.58954322338104 4517.3710567653179 5510.5981377959251 127.23768848180771
leaf_count=110933 17007 10394 4643 1948 664 284 3739 3771 53899 2295 40386 268 4232 60028 16836 23596 7041 8206 8204 4429 441 5875 5867 4348 10363 5449 3831 18406 23105 525
internal_value=6.3466e-05 0.00238713 -4.543e-06 0.00630362 -0.00150916 -7.81291e-05 0.00478573 0.00297444 0.00306605 -0.00160953 -0.00402387 -0.000101126 -0.00791451 0.00074803 0.00364912 0.0052581 0.000770943 0.00398699 -0.00331567 0.0164568 -0.00447426 -0.00229439 -0.00419182 0.000805075 4.27062e-05 0.00265622 0.00893897 -0.00596252 0.000295626 0.00600202
internal_weight=111702 45086.7 22585 6014.27 66615.2 39562.1 22501.7 4529.64 12953.5 26608.6 10224 16384.6 1606.73 14777.9 18483.1 11849.1 6634.03 3713.27 2920.76 1484.62 10086.7 16570.7 9556.5 2493.48 3411.73 6952.99 4896.07 7063.02 7014.21 1503.61
internal_count=461013 187583 93674 25154 273430 162497 93909 18777 54183 108314 41491 66823 6527 60296 76902 49712 27190 15247 11943 6377 40827 68520 39015 10215 14134 29045 20667 28800 29505 6400
cat_boundaries=0 1 2 3 4 5 6 7 8 9 10 11 12 13 14 15 16 17
cat_threshold=179 1 216 52 2 64 389 16 36 537 792 12 20 328 12 12 17
is_linear=0
shrinkage=0.05


Tree=27
num_leaves=31
num_cat=14
split_feature=3 1 1 2 0 6 2 1 2 0 2 6 6 2 3 6 9 6 6 9 6 2 2 6 6 2 2 6 9 0
split_gain=151.209 71.6521 67.6286 58.8438 65.7993 57.4984 55.5985 52.4854 47.8079 46.3141 71.1435 40.3748 62.0962 31.1953 28.8614 54.7999 66.2189 45.8545 50.3799 48.2968 30.6896 28.5808 26.1897 25.939 76.8238 24.5158 20.5905 20.519 24.8189 19.8302
threshold=0 47.500000000000007 30.000000000000004 1 2 1.0000000180025095e-35 3 47.500000000000007 4 5 6 19.397756961337638 18.966818811793434 7 8 17.478384261716339 3.5000000000000004 18.156406904470227 17.635677999942832 1.0000000180025095e-35 16.549306644783126 9 10 17.344529618988229 17.215566714973509 11 12 6.9711984606016726 3.5000000000000004 13
decision_type=9 2 2 1 1 2 1 2 1 1 1 2 2 1 9 2 2 2 2 2 2 1 1 2 2 1 1 2 2 1
left_child=2 5 8 25 23 -2 27 22 14 10 -3 12 -8 -9 15 20 -17 18 -16 -19 -1 -11 -6 24 -5 29 -12 28 -7 -4
right_child=1 9 3 4 7 6 11 13 -10 21 26 -13 -14 -15 17 16 -18 19 -20 -21 -22 -23 -24 -25 -26 -27 -28 -29 -30 -31
leaf_value=0.00091057506718287239 0.0321198172368077 -0.0054545116078745827 0.0047739681549633407 -0.0033011931548462036 0.0093437653820379798 -0.010313475250534509 2.7042813877356818e-05 0.029773854613584685 -0.0041450704637825851 0.0067716824024009609 0.014914149810530639 -0.016676478946682421 0.023808598834624287 0.0083972372098859889 -0.0031225096039992767 -0.011428884443865361 0.010404801682912461 0.042165551552121185 -0.023196082121202284 0.0038637720507276535 0.0076800122081437652 0.022514841288322634 -0.0020261189917633077 -0.0089250815704817726 0.025413351284793641 0.0019332790074769709 0.005930070698473771 0.0044469993384357092 -0.094809926122083665 0.014876206853562939
leaf_weight=7550.8707845807076 155.06707699596882 1082.8144281953573 1885.8593931496143 8202.6981071233749 663.23990899324417 62.436941102147102 20591.455543890595 246.09782917797565 22038.893757119775 511.30526964366436 1116.0624269247055 354.22415785491467 278.10346062481403 603.32901975512505 9678.8767541199923 1580.0520188212395 444.77388593554497 89.613675862550735 323.00483304262161 1003.9336737841368 2152.0657326281071 757.07045467197895 2034.2478203177452 1920.4645371437073 239.61030904948711 11634.162000462413 1597.4499764591455 12214.913720920682 10.044282644987105 655.61230836808681
leaf_count=30807 727 4597 7860 33506 2726 265 86101 1029 89660 2290 4942 1435 1204 2508 39341 6400 1795 415 1305 4067 8755 3415 8327 7814 990 47779 6821 51355 42 2735
internal_value=6.06519e-05 0.00258524 -0.00127987 0.000643921 -0.00166596 0.00175157 0.0016108 0.00421017 -0.00248463 0.00813079 0.00536487 5.98858e-05 0.000344303 0.0150485 -0.000878824 0.000850141 -0.00663014 -0.00270588 -0.0037715 0.00701065 0.00241258 0.0164043 0.000794947 -0.00367932 -0.00248533 0.00290994 0.00966864 0.0042857 -0.0222062 0.00735352
internal_weight=111678 38730.9 72947.4 28085.3 13909.7 33666.2 33511.2 3546.91 44862.1 5064.7 3796.33 21223.8 20869.6 849.427 22823.2 11727.8 2024.83 11095.4 10001.9 1093.55 9702.94 1268.38 2697.49 10362.8 8442.31 14175.6 2713.51 12287.4 72.4812 2541.47
internal_count=461013 163194 297819 115274 56900 141129 140402 14590 182545 22065 16360 88740 87305 3537 92885 47757 8195 45128 40646 4482 39562 5705 11053 42310 34496 58374 11763 51662 307 10595
cat_boundaries=0 1 2 3 4 5 6 7 8 9 10 11 12 13 14
cat_threshold=52 179 1 39 527 1 532 12 48 449 64 2 259 1
is_linear=0
shrinkage=0.05


Tree=28
num_leaves=31
num_cat=7
split_feature=3 4 6 6 6 4 9 6 6 6 6 9 9 6 1 6 6 2 1 6 4 6 3 6 6 6 3 6 6 6
split_gain=136.562 73.3062 164.523 135.387 97.2093 166.671 191.969 112.018 280.615 148.434 187.656 87.1376 86.5024 84.6973 61.057 54.4394 53.109 53.084 53.1375 45.8829 43.2716 83.4344 139.951 146.977 73.492 56.4233 111.008 92.5701 51.0907 50.4308
threshold=0 1 17.713826142796862 17.478384261716339 18.290467868337227 2 2.5000000000000004 16.428103398034832 16.415228707259637 16.612312694996909 16.82463901056386 3.5000000000000004 1.0000000180025095e-35 17.042775923489355 30.000000000000004 17.872925874660819 16.943884265563344 3 47.500000000000007 16.576902047894297 4 11.975464858942047 5 11.440079884931739 4.3166874728528244 12.459735465385817 6 12.56058078616503 6.9711984606016726 18.242591109674979
decision_type=9 1 2 2 2 1 2 2 2 2 2 2 2 2 2 2 2 1 2 2 1 2 9 2 2 2 9 2 2 2
left_child=14 2 3 12 7 -6 -7 8 11 19 -11 -3 13 -2 20 -4 -14 -16 -19 -9 24 22 23 -22 -1 26 -23 -27 -26 -30
right_child=1 4 15 -5 5 6 -8 9 -10 10 -12 -13 16 -15 17 -17 -18 18 -20 -21 21 25 -24 -25 28 27 -28 -29 29 -31
leaf_value=0.023736840210210879 -0.0090449911763110964 0.0008782938899819005 -0.054657086684881506 0.039442497810768987 -0.012027388240842525 0.02599867220032602 -0.0098572895651836447 -0.017164537134904189 0.048870345123024607 0.015509675713219755 -0.0052716971709973722 0.014028152450292786 0.011674967121682431 0.024064946813326452 0.0027660148387878948 -0.011600861879184861 -0.0066441791695999418 -0.0033726098869679092 0.003750491049943096 -0.052196115674138489 0.013410677719767401 0.044785773875279211 -0.017463073745116318 -0.049924504717817647 -0.04690183166101812 -0.046239953285380782 0.0030605706257019281 -0.00049510323059860802 -0.0037425126270557193 -0.014016975971607396
leaf_weight=230.05788384377956 1181.2086790055037 17820.398215159774 84.113468885421753 346.33292905986309 626.48446498811245 1557.2415271997452 490.68635988235474 1181.7316930890083 321.97630494832993 1325.9415203928947 6007.6747789233923 1355.6648750603199 5063.8394086360931 230.75708617269993 14168.535650268197 579.02939811348915 428.74555711448193 10414.384479120374 3496.8185281306505 101.62703198194504 828.77126137912273 189.31225803494453 1808.8265842795372 102.86238349974155 71.355621740221977 111.01379324495792 823.65172655880451 23736.684053003788 15675.814826309681 1293.2322261929512
leaf_count=1122 4941 74921 347 1541 2623 6792 2026 4857 1399 5520 24940 5829 21797 1010 58374 2384 1855 42506 14394 412 3395 806 7310 416 288 449 3349 96764 63447 5199
internal_value=5.82133e-05 0.00245858 0.00674845 0.00893766 0.00135392 0.0104634 0.0173205 0.000487654 0.00258591 -0.00425957 -0.00151352 0.00180826 0.00740626 -0.00362898 -0.00121538 -0.0170771 0.010244 0.000612877 -0.00158059 -0.0199464 -0.00235985 -0.00112984 -0.00941 0.00633977 -0.00432215 -0.000217309 0.0113394 -0.000708453 -0.00470393 -0.00452591
internal_weight=111655 38703.5 7914.03 7250.88 30789.4 2674.41 2047.93 28115 19498 8616.98 7333.62 19176.1 6904.55 1411.97 72951.3 663.143 5492.58 28079.7 13911.2 1283.36 44871.6 27601.1 2740.46 931.634 17270.5 24860.7 1012.96 23847.7 17040.4 16969
internal_count=461013 163194 33875 31144 129319 11441 8818 117878 82149 35729 30460 80750 29603 5951 297819 2731 23652 115274 56900 5269 182545 112489 11121 3811 70056 101368 4155 97213 68934 68646
cat_boundaries=0 1 2 3 4 5 6 7
cat_threshold=52 17 352 179 389 16 32
is_linear=0
shrinkage=0.05


Tree=29
num_leaves=31
num_cat=10
split_feature=1 3 4 6 6 4 4 3 6 4 6 3 4 6 6 6 9 6 6 6 6 6 4 9 4 6 9 6 9 9
split_gain=127.955 74.4488 52.814 50.2871 156.132 109.703 104.668 70.0068 63.2975 51.5219 47.7371 47.4471 301.382 109.857 299.983 221.164 185.89 164.553 109.434 121.321 120.864 77.444 332.775 122.256 103.306 109.253 94.666 79.2074 60.5075 57.4173
threshold=30.000000000000004 0 1 17.344529618988229 17.215566714973509 2 3 4 17.398406332123759 5 15.11510148297498 6 7 16.632174044054032 16.742496947627398 16.264969451067842 3.5000000000000004 15.933490689393727 18.792991220062465 18.772908360935428 18.551611832918617 17.480478577105686 8 3.5000000000000004 9 17.478384261716339 2.5000000000000004 16.713213980254785 1.0000000180025095e-35 1.0000000180025095e-35
decision_type=2 9 1 2 2 1 1 9 2 1 2 9 1 2 2 2 2 2 2 2 2 2 1 2 1 2 2 2 2 2
left_child=11 3 -3 4 5 7 -6 -2 -5 -10 -7 12 18 15 -15 17 -16 -14 19 20 -1 24 26 -24 25 27 -23 -13 -17 -26
right_child=1 2 -4 8 6 10 -8 -9 9 -11 -12 21 13 14 16 28 -18 -19 -20 -21 -22 22 23 -25 29 -27 -28 -29 -30 -31
leaf_value=0.0050250102626114785 0.0013076337771293191 0.0010144989172250734 0.0065879651680018046 -0.049325494599174541 0.042767040719346727 0.0049038921273369777 0.0013208236319144841 -0.012230768093318791 0.0013809894144262047 -0.0089429837553953468 -0.00039563958060843214 0.0047487362779123398 -0.011243293818975163 0.031657765643054628 0.0015532526977495773 -0.0047650459092016808 -0.023209625217714039 0.0098372306289328873 -0.037259770659598054 0.052871017461052383 -0.030073151820186189 0.014880994147940483 -0.016930764603603706 0.0063272119561591251 0.0025759852397697798 0.046898238353402392 -0.0049243275895525865 -0.0053737014899537944 -0.039753021230456119 -0.0031963928509707016
leaf_weight=8169.9544964134693 1602.4333189576864 6700.4523304700851 11696.009703308344 76.216593742370605 365.34273773431778 9218.4325194060802 268.9748697578907 2359.3272651135921 2596.3937438875437 2249.5644543915987 7880.0634463876486 12991.939858049154 7045.3859377205372 592.85012745857239 2216.8632084578276 147.16625742614269 1151.1659972369671 1065.4257533550262 158.08339276909828 128.70005854964256 252.7417671084404 1882.3445259481668 3848.9545619636774 661.83934125304222 5846.3525350689888 144.59667329490185 887.42229975759983 2269.752586171031 782.56614850461483 16363.714069604874
leaf_count=33477 6599 28261 49996 312 1532 37984 1108 9515 10671 9148 32457 53842 28416 2468 9083 589 4633 4287 639 524 1018 7889 15681 2676 24125 648 3600 9290 3139 67406
internal_value=5.57532e-05 0.00211509 0.00455991 0.000423253 0.00145878 0.000722337 0.0258981 -0.00676416 -0.00413893 -0.00342621 0.00245982 -0.00133586 -0.00325429 -0.00807386 -0.00113494 -0.0111223 -0.00690946 -0.00847348 0.00394076 0.00470802 0.00397087 -0.000407231 -0.00512756 -0.0134872 0.000506148 0.00365094 0.008503 0.00324295 -0.0342213 -0.00167595
internal_weight=111621 45013.2 18396.5 26616.7 21694.6 21060.3 634.318 3961.76 4922.17 4845.96 17098.5 66607.8 21710.9 13001.4 3960.88 9040.54 3368.03 8110.81 8709.48 8551.4 8422.7 44896.9 7280.56 4510.79 37616.4 15406.3 2769.77 15261.7 929.732 22210.1
internal_count=461013 187583 78257 109326 89195 86555 2640 16114 20131 19819 70441 273430 88273 52615 16184 36431 13716 32703 35658 35019 34495 185157 29846 18357 155311 63780 11489 63132 3728 91531
cat_boundaries=0 1 2 3 4 5 6 7 8 9 10
cat_threshold=28 170 320 352 16 706 4 51 644 344
is_linear=0
shrinkage=0.05


Tree=30
num_leaves=31
num_cat=10
split_feature=3 4 6 4 6 5 6 6 5 6 6 6 5 3 6 6 5 5 5 2 4 1 2 5 4 5 6 4 6 4
split_gain=126.057 107.342 147.052 216.643 172.975 137.111 122.655 188.777 232.577 118.999 113.222 204.737 108.672 105.725 100.687 82.335 73.0802 326.803 132.856 70.1913 70.0294 62.7673 97.4794 60.625 117.245 56.747 50.8117 59.9077 50.1152 47.4151
threshold=0 1 11.975464858942047 2 11.52141415833351 1272.5000000000002 13.838525637873836 13.677197808620329 975.25000000000011 4.3166874728528244 14.219507931855066 14.320746004028047 774.25000000000011 3 8.6048812713834035 20.034587493444736 1673.7500000000002 1676.0000000000002 1532.2500000000002 4 5 53.000000000000007 6 225.25000000000003 7 172.25000000000003 19.397756961337638 8 11.09186388722183 9
decision_type=9 1 2 1 2 2 2 2 2 2 2 2 2 9 2 2 2 2 2 1 1 2 1 2 1 2 2 1 2 1
left_child=1 2 3 4 14 -5 7 8 -4 -3 12 -12 -8 -9 -1 16 18 -18 -11 -2 -6 23 -23 24 25 -21 29 -28 -26 -25
right_child=19 9 6 5 20 -7 10 13 -10 15 11 -13 -14 -15 -16 -17 17 -19 -20 21 -22 22 -24 26 28 -27 27 -29 -30 -31
leaf_value=-0.019142959905878262 0.0083381795045394461 0.025511026956731728 0.018525939370388527 -0.049926635444772043 -0.013498932252790015 -0.0093201573863789852 -0.058476584859560532 0.046498709551604595 -0.0066590440182916107 -0.0032008586525663595 0.035179078317246787 0.00075756711628945355 -0.0091024371930440405 0.0073076790601451745 0.015410872962546269 0.060530996024430454 0.049447610485621435 -0.0010847291900929711 -0.013693400913516639 0.043731920347360939 -0.061039056421487471 -0.017369685316459244 0.014989101910971728 -0.0021074989087554413 0.011802398175829207 0.00020272559621157548 0.017949056890134731 -0.020359808520408244 -0.028853903370830693 0.0025297009345749515
leaf_weight=263.45620660483837 4129.6714719980955 363.35724921524525 1711.4167357087135 456.11785432696342 260.2176775187254 382.65578439831734 123.67405225336552 474.70487479865551 1973.4959947019815 29828.615917503834 441.6169458925724 19647.712393015623 1125.2866961359978 290.67391608655453 1052.0027500838041 50.462053462862968 337.18445432186127 6224.3947984278202 3356.7645493894815 98.551626071333885 114.31086827814579 264.32393935322762 1611.2429454177618 6822.1952066868544 86.805912375450134 311.59526869654655 121.14964878559113 494.51274280250072 586.26813167333603 28572.345344021916
leaf_count=1073 17591 1726 7103 1836 1052 1553 503 1975 8043 121395 1840 80446 4591 1197 4344 205 1492 25288 13545 447 461 1129 7050 28608 353 1272 498 2001 2387 119975
internal_value=2.8405e-05 -0.00130477 0.00105248 -0.010453 -4.66718e-05 -0.0310409 0.00218131 0.00973194 0.00503667 -0.00296684 0.000606282 0.00151466 -0.0139998 0.0323272 0.0084858 -0.00322778 -0.00330901 0.00151196 -0.00426239 0.00214657 -0.0300242 0.00148831 0.0104127 0.0010373 -0.0106163 0.0104282 0.00138802 -0.0128508 -0.0232566 0.00163587
internal_weight=111577 68478.1 28317.3 2528.76 1689.99 838.774 25788.6 4450.29 3684.91 40160.8 21338.3 20089.3 1248.96 765.379 1315.46 39797.4 39747 6561.58 33185.4 43098.7 374.529 38969 1875.57 37093.4 1083.22 410.147 36010.2 615.662 673.074 35394.5
internal_count=460979 279668 116017 10319 6930 3389 105698 18318 15146 163651 87380 82286 5094 3172 5417 161925 161720 26780 134940 181311 1513 163720 8179 155541 4459 1719 151082 2499 2740 148583
cat_boundaries=0 1 2 3 4 5 6 7 8 9 10
cat_threshold=28 554 40 4 2 8 4 272 513 520
is_linear=0
shrinkage=0.05


Tree=31
num_leaves=31
num_cat=8
split_feature=3 4 6 3 5 4 6 5 6 5 5 5 5 4 6 6 5 8 4 6 5 5 4 5 6 6 6 4 6 6
split_gain=113.816 97.8902 111.591 97.5568 140.494 248.22 136.294 95.4209 204.714 166.491 72.7236 73.0695 143.854 139.256 86.3491 151.512 82.259 64.3183 55.8831 177.749 103.085 77.8056 116.078 101.212 70.0393 65.4112 152.398 136.788 52.3535 38.8983
threshold=0 1 4.3166874728528244 2 936.75000000000011 3 15.548303720008251 894.25000000000011 15.414313571108682 899.75000000000011 2323.7500000000005 1987.7500000000002 1925.0000000000002 4 15.317643854621629 14.44688259516697 1886.7500000000002 4.5000000000000009 5 6.9711984606016726 225.25000000000003 449.75000000000006 6 632.25000000000011 17.169323416820919 17.480478577105686 17.478384261716339 7 17.287039744056788 15.631780265415092
decision_type=9 1 2 9 2 1 2 2 2 2 2 2 2 1 2 2 2 2 1 2 2 2 1 2 2 2 2 1 2 2
left_child=1 10 -3 7 5 -5 -6 8 -4 -9 11 12 16 -14 15 -13 -1 18 20 -20 24 22 -22 -23 -2 26 -21 -27 -12 -16
right_child=17 2 3 4 6 -7 -8 9 -10 -11 28 14 13 -15 29 -17 -18 -19 19 25 21 23 -24 -25 -26 27 -28 -29 -30 -31
leaf_value=0.00033399024742478497 -0.012434138959446422 0.024483156929454433 0.003041923192001925 0.0072184280568783898 -0.016073731365445584 -0.012928062606291292 -0.0047276217936315793 0.03953906357391402 -0.016825824629968674 0.0011587343199703085 0.024296020757323726 -0.026880265131504679 0.023002473620760657 -0.048162833016269072 -0.081073776027270783 0.030101769309950118 -0.020645774537191422 0.010773313844964235 -0.069997453012068542 0.0038649502181280632 0.01556750611266253 -0.011276227711978764 -0.0022413546941045998 0.00030781589524794296 -0.057260304686247487 0.0044016372350925894 0.039449143241399962 -0.016346705643941931 -0.019017227543058887 -0.029997420050716862
leaf_weight=32695.392185896635 329.70646785199642 359.77852661907673 2828.5427240431309 4098.1857160180807 4618.1334068775177 2425.0226857066154 6204.7791355103254 290.96047848463058 2393.1961783617735 9696.4842660427094 495.21741284430027 280.40651087462902 1023.0724412500858 65.033819615840912 46.298822656273842 199.58598585426807 473.89320357143879 2010.4671097248793 82.782429829239845 21078.436271265149 1763.5721926093102 2339.0118990838528 1890.0342961847782 9721.6688857227564 118.60963337123394 2204.589274585247 305.18336422741413 1229.4277364015579 80.996262446045876 195.1439461261034
leaf_count=133836 1337 1726 11559 16867 18570 9810 25159 1183 9714 39433 2192 1138 4181 264 188 816 1919 8818 346 88894 7367 9763 7910 40753 476 9224 1368 5055 325 788
internal_value=2.7247e-05 -0.00123944 -0.003204 -0.00351119 -0.00607261 -0.000279161 -0.00956957 -0.000585155 -0.00606293 0.00227774 0.000579505 0.000289264 0.000621058 0.0185092 -0.0154569 -0.00317478 3.4038e-05 0.00204072 0.00161351 0.0030989 -0.000676094 -1.65871e-06 0.00639016 -0.00193842 -0.0243149 0.00334445 0.00437322 -0.00306016 0.0181967 -0.039842
internal_weight=111544 68470.1 32915.1 32555.3 17346.1 6523.21 10822.9 15209.2 5221.74 9987.44 35555 34978.8 34257.4 1088.11 721.435 479.992 33169.3 43073.5 41063 24900.4 16162.6 15714.3 3653.61 12060.7 448.316 24817.6 21383.6 3434.02 576.214 241.443
internal_count=460979 279668 134021 132295 70406 26677 43729 61889 21273 40616 145647 143130 140200 4445 2930 1954 135755 181311 172493 104887 67606 65793 15277 50516 1813 104541 90262 14279 2517 976
cat_boundaries=0 1 2 3 4 5 6 7 8
cat_threshold=28 570 16 193 536 680 160 262
is_linear=0
shrinkage=0.05


Tree=32
num_leaves=31
num_cat=9
split_feature=3 4 5 5 5 3 5 5 10 5 0 1 5 5 4 5 5 5 4 10 4 4 10 5 5 5 5 4 5 5
split_gain=102.785 90.8968 80.5487 271.954 149.37 118.185 107.186 89.4474 83.5669 61.6231 61.0329 58.2671 57.8253 300.581 202.003 165.499 124.725 140.709 143.229 114.28 102.095 58.3134 169.537 64.91 55.2471 51.2547 51.2018 122.258 54.2354 42.2903
threshold=0 1 1656.7500000000002 1645.5000000000002 1744.5000000000002 2 1632.7500000000002 1928.5000000000002 1.0000000180025095e-35 1827.0000000000002 3 40.000000000000007 1673.7500000000002 1676.0000000000002 4 1709.0000000000002 1572.7500000000002 1613.7500000000002 5 2.5000000000000004 6 7 1.5000000000000002 1547.2500000000002 249.50000000000003 2309.0000000000005 1547.2500000000002 8 1572.7500000000002 225.25000000000003
decision_type=9 1 2 2 2 9 2 2 2 2 1 2 2 2 1 2 2 2 1 2 1 1 2 2 2 2 2 1 2 2
left_child=1 2 3 6 -4 9 24 -7 -8 -6 25 -12 16 -14 19 -16 21 20 -19 -15 -18 22 -3 -23 -1 26 29 -28 -29 -2
right_child=10 12 4 -5 5 7 8 -9 -10 -11 11 -13 13 14 15 -17 17 18 -20 -21 -22 23 -24 -25 -26 -27 27 28 -30 -31
leaf_value=0.017043780636627474 -0.010279042885003309 0.01123544416832495 -0.021481538343493572 0.039697396652480614 0.029537886049348955 -0.013825142706610167 0.016194474149264899 0.0047106339917002398 -0.053194021828670703 -0.015832139760600231 0.0031270120946181447 0.011585571697465658 0.047904761183435889 0.017636583559864027 -0.041488240945829091 -0.005128578833419154 -0.0071702305312985083 0.010108351611760278 -0.021614140108039196 -0.0038053458279503566 -0.041852311126451255 -0.0040120879440296003 -0.0068715588424473105 0.014556614257761728 0.0012954957240900568 -0.043886692523108596 -0.023000941028249428 0.040697779752798272 0.0097361539115316184 0.00088239799773387701
leaf_weight=570.80050046741962 873.57931299507618 2575.0364859253168 1073.9016873389482 471.65795294940472 439.91109780967236 1265.1619356274605 60.073528930544853 1339.7250778079033 154.88181711733341 89.960696488618851 9161.4355123639107 2618.8105994611979 332.41765147447586 1655.6951491087675 346.56770513951778 3226.5568400323391 351.68480302393436 760.35052424669266 652.38119226694107 994.16295301914215 597.01239021122456 25593.215290874243 2595.5502804815769 479.25039242208004 22835.644335150719 63.975530087947845 166.93883028626442 283.23065468668938 283.65047365427017 29596.654463589191
leaf_count=2467 3598 10746 4352 1937 1807 5130 244 5565 631 368 38345 11482 1492 6786 1392 13010 1415 3079 2626 4100 2408 104154 10511 1932 93516 266 707 1249 1218 124446
internal_value=2.60121e-05 -0.00117763 0.000992369 0.00210773 -0.00538901 0.000122858 0.00135678 -0.00427383 -0.0337803 0.0214199 0.00194015 0.0050079 -0.00270687 0.00158759 -0.000886497 -0.00863351 -0.00354557 -0.0146257 -0.00461908 0.00955431 -0.0295196 -0.0027079 0.00214096 -0.00366911 0.00167983 0.000784824 0.000876711 0.0139273 0.0247817 0.000562204
internal_weight=111510 68461.6 28301.7 24093.1 4208.66 3134.76 23621.4 2604.89 214.955 529.872 43048.3 11780.2 40159.9 6555.4 6222.98 3573.12 33604.5 2361.43 1412.73 2649.86 948.697 31243.1 5170.59 26072.5 23406.4 31268 31204.1 733.82 566.881 30470.2
internal_count=460979 279668 116017 98795 17222 12870 96858 10695 875 2175 181311 49827 163651 26780 25288 14402 136871 9528 5705 10886 3823 127343 21257 106086 95983 131484 131218 3174 2467 128044
cat_boundaries=0 1 2 3 4 5 6 7 8 9
cat_threshold=28 554 16 1 80 208 132 1 82
is_linear=0
shrinkage=0.05


Tree=33
num_leaves=31
num_cat=9
split_feature=2 3 4 5 5 5 5 5 5 5 4 5 4 4 4 5 5 5 10 10 5 5 5 4 3 5 10 10 5 1
split_gain=93.6283 90.814 286.315 162.49 735.43 327.83 159.161 104.9 95.5102 94.9318 142.506 137.576 210.631 168.669 88.7797 158.596 205.772 156.896 147.659 223.642 171.72 93.6577 92.7136 190.391 92.1273 79.2942 78.2601 71.2554 56.2942 42.1475
threshold=0 1 2 996.75000000000011 1441.7500000000002 1683.2500000000002 597.25000000000011 687.75000000000011 1316.7500000000002 479.25000000000006 3 1285.2500000000002 4 5 6 1316.7500000000002 1304.2500000000002 136.25000000000003 3.5000000000000004 2.5000000000000004 875.25000000000011 1713.7500000000002 1373.2500000000002 7 8 505.25000000000006 2.5000000000000004 2.5000000000000004 1868.2500000000002 30.000000000000004
decision_type=1 9 1 2 2 2 2 2 2 2 1 2 1 1 1 2 2 2 2 2 2 2 2 1 9 2 2 2 2 2
left_child=29 2 3 6 8 -6 -2 -8 -5 10 -4 13 -13 -11 15 16 17 -3 19 25 -21 24 23 -17 -20 -16 -24 -12 -23 -1
right_child=1 14 9 4 5 -7 7 -9 -10 11 27 12 -14 -15 18 22 -18 -19 21 20 -22 28 26 -25 -26 -27 -28 -29 -30 -31
leaf_value=0.0020590106385349081 -0.011498839008535771 0.037080145436580302 -0.058469576655236125 -0.029687969577146728 0.028976802830295318 -0.0055805335860041258 0.03709114065432894 0.014074355356224755 -0.067274547038092242 0.0068539608782799523 -0.027615254883742991 -0.021788701456038093 -0.004978503494217675 -0.0051040326559457106 0.0038524504182345432 0.03397307474773608 -0.041846079011522687 0.00095816382336047002 -0.0029118596711513165 -0.00012683776368907623 0.014940441012063561 0.034339140512686141 0.012070860792604225 -0.0075816934560270256 -0.014624049754772864 -0.0040077986367359729 -0.002399357522953303 0.0023376134839343831 -0.030018973156138724 0.0085411741780745346
leaf_weight=6773.964719042182 450.27831226587296 303.70355977118015 186.28086677193642 702.44937086105347 1461.6209417879581 1293.261589512229 704.96087604761124 1667.0227224081755 223.11603528261185 4560.8980905413628 349.86538714170456 2327.695075109601 9303.067953556776 8300.0848440527916 4041.4270871579647 926.71963375806808 278.41641554236412 28724.576975569129 3365.848745688796 3626.1337828785181 3950.2501160502434 195.79872182011604 2433.3904739022255 391.26362746953964 3377.8659894764423 15558.612757384777 1515.9418351203203 458.26851333677769 40.945012435317039 3984.3287663757801
leaf_count=27913 1834 1349 749 2863 5999 5353 2921 6818 912 18778 1414 9400 37836 33700 16816 3895 1144 119776 13945 15115 16419 787 10159 1635 13654 64567 6213 1863 164 16988
internal_value=2.45962e-05 -0.000449098 -0.00264942 0.00670842 -0.000201239 0.0127527 0.0157444 0.0209184 -0.0387602 -0.00503895 -0.0201859 -0.00442572 -0.00836637 -0.000861593 0.000575145 0.00236102 0.000925833 0.00133638 -0.00123255 0.000433044 0.00772852 -0.00771947 0.0103496 0.0218337 -0.00880526 -0.00238679 0.00651532 -0.0104956 0.0231793 0.00445606
internal_weight=111478 100720 31988.9 6502.71 3680.45 2754.88 2822.26 2371.98 925.565 25486.2 994.415 24491.7 11630.8 12861 68730.9 34574 29306.7 29028.3 34156.9 27176.4 7576.38 6980.46 5267.32 1317.98 6743.71 19600 3949.33 808.134 236.744 10758.3
internal_count=460979 416078 130440 26700 15127 11352 11573 9739 3775 103740 4026 99714 47236 52478 285638 144171 122269 121125 141467 112917 31534 28550 21902 5530 27599 81383 16372 3277 951 44901
cat_boundaries=0 1 2 3 4 5 6 7 8 9
cat_threshold=2 4 34 264 9 137 604 88 34
is_linear=0
shrinkage=0.05


Tree=34
num_leaves=31
num_cat=8
split_feature=3 4 6 4 6 5 6 6 5 6 6 6 5 3 6 5 5 5 5 4 5 5 6 5 5 4 2 1 2 6
split_gain=86.7962 77.404 131.2 189.783 152.747 125.702 110.441 170.66 203.299 102.508 98.528 188.001 98.7613 95.269 92.0374 91.8396 105.966 81.7308 273.072 183.022 80.7146 115.132 75.3864 71.7023 68.8833 60.5299 60.3633 50.2755 88.2817 48.4799
threshold=0 1 11.975464858942047 2 11.52141415833351 1595.5000000000002 13.838525637873836 13.677197808620329 975.25000000000011 10.864748560791512 14.219507931855066 14.285120766993787 774.25000000000011 3 8.6048812713834035 1479.5000000000002 597.25000000000011 1673.7500000000002 1676.0000000000002 4 1572.7500000000002 1613.7500000000002 20.034587493444736 713.75000000000011 546.75000000000011 5 6 53.000000000000007 7 8.9414649335540144
decision_type=9 1 2 1 2 2 2 2 2 2 2 2 2 9 2 2 2 2 2 1 2 2 2 2 2 1 1 2 1 2
left_child=1 2 3 4 14 -5 7 8 -4 15 12 -12 -8 -9 -1 16 24 20 -19 -20 22 -22 -11 -18 -3 -6 -2 -28 -29 -17
right_child=26 9 6 5 25 -7 10 13 -10 17 11 -13 -14 -15 -16 29 23 18 19 -21 21 -23 -24 -25 -26 -27 27 28 -30 -31
leaf_value=-0.018530945913410896 0.0075378416852258483 0.021867692075045461 0.01736988372918586 -0.044690703566996545 -0.012901772769839762 -0.0048371433217670153 -0.055379190482805568 0.044319735342379346 -0.0062061025596446117 -0.0036294898972429783 0.043135023653627702 0.00078250339826826931 -0.0084417504019676775 0.0070163771492431776 0.014496626130290003 0.005742095862549851 0.029018155449857464 0.046413078471815111 0.0095655593018341509 -0.007901239346613043 -0.027094288580224113 -0.0042782759232718468 0.057746871579619365 0.0081448031492564032 -0.049815266802176579 -0.057084293058090145 0.00077030735112524696 -0.017197666898624654 0.013591285818519531 -0.030529626582960503
leaf_weight=263.85367085039616 4111.9362930655479 47.308018609881401 1702.3090918213129 520.608184710145 260.40683233737946 319.6335374712944 124.4268511235714 469.09833654761314 1974.9771716743708 28569.664354726672 265.44589334726334 19800.93913730979 1126.9508718252182 290.36504885554314 1048.4298120737076 153.63178853690624 544.41616134345531 327.53299063444138 2607.7640594244003 3501.2279599159956 909.20524345338345 1412.4930819869041 50.008735552430153 1688.9026429206133 113.78725263476372 114.90020537376404 37039.901712551713 264.47505359351635 1596.4372240155935 229.13561563193798
leaf_count=1073 17591 198 7103 2093 1052 1296 503 1975 8043 116136 1122 81164 4591 1197 4344 623 2487 1492 10729 14113 3666 5705 205 6911 458 461 155541 1129 7050 928
internal_value=2.34021e-05 -0.0010827 0.000920681 -0.0099485 -0.000189512 -0.0291911 0.00198809 0.00916511 0.00470664 -0.00249374 0.000494103 0.00134322 -0.0131169 0.0307428 0.00785124 0.00677284 0.0104096 -0.00318306 0.00194262 -0.000441556 -0.00424949 -0.0132162 -0.00352187 0.0132364 -0.028733 -0.0283174 0.00178327 0.00117307 0.00919277 -0.0159604
internal_weight=111450 68437.4 28282.3 2527.83 1687.59 840.242 25754.5 4436.75 3677.29 40155.1 21317.8 20066.4 1251.38 759.463 1312.28 2777.18 2394.41 37377.9 6436.53 6108.99 30941.4 2321.7 28619.7 2233.32 161.095 375.307 43012.8 38900.8 1860.91 382.767
internal_count=460979 279668 116017 10319 6930 3389 105698 18318 15146 163651 87380 82286 5094 3172 5417 11605 10054 152046 26334 24842 125712 9371 116341 9398 656 1513 181311 163720 8179 1551
cat_boundaries=0 1 2 3 4 5 6 7 8
cat_threshold=28 554 40 4 80 8 2 4
is_linear=0
shrinkage=0.05


Tree=35
num_leaves=31
num_cat=7
split_feature=2 3 4 5 5 5 5 6 4 5 5 6 6 6 6 6 6 6 5 5 3 5 5 5 4 4 5 5 5 5
split_gain=96.5713 79.0613 228.581 150.414 621.389 303.481 148.128 133.806 99.9514 152.194 189.114 147.048 237.742 159.629 133.777 133.069 172.2 144.557 126.228 121.889 84.4991 83.7217 206.053 270.319 241.469 145.027 231.984 171.296 76.0297 58.6675
threshold=0 1 2 996.75000000000011 1441.7500000000002 1683.2500000000002 597.25000000000011 14.898809523364624 3 1316.7500000000002 1304.2500000000002 17.460265947779984 16.137435885791575 16.770450152938377 13.639618486116543 16.632174044054032 17.975354882304163 16.549306644783126 1713.7500000000002 136.25000000000003 4 1285.2500000000002 1673.7500000000002 1676.0000000000002 5 6 855.25000000000011 886.25000000000011 1316.7500000000002 1868.2500000000002
decision_type=1 9 1 2 2 2 2 2 1 2 2 2 2 2 2 2 2 2 2 2 9 2 2 2 1 1 2 2 2 2
left_child=-1 2 3 6 28 -6 -2 -8 9 10 19 12 14 -14 -10 17 -17 -11 20 -3 -13 25 24 -24 -23 27 -27 -4 -5 -20
right_child=1 8 21 4 5 -7 7 -9 11 15 -12 18 13 -15 -16 16 -18 -19 29 -21 -22 22 23 -25 -26 26 -28 -29 -30 -31
leaf_value=0.0045401891562444341 -0.011495457551221415 0.033121071252522054 0.029209214663821034 -0.028096438807291731 0.027025846124607091 -0.0064558266681718325 0.00046637477576436191 0.026955473511172473 0.001537141300596942 0.011764540669928603 -0.039930095203603799 -0.0038050349862773364 0.012711828899268402 -0.00017388450713441868 -0.0069530499116991209 -0.02177653861356392 0.014881176074108507 0.045094364183237028 0.037539199495968345 0.0010626815033770206 -0.016194595925006793 -0.0063011186495231658 0.04612478192555719 -0.0037895222033456789 -0.027830745531092722 -0.011182447223174605 0.0025445529239331932 -0.0051016091553200537 -0.061837978242284521 -0.02932525609656398
leaf_weight=10725.175475075841 457.65816444158554 299.50561609864235 766.90073947608471 715.904929921031 1438.7018471956253 1277.4884636998177 661.63773283362389 1709.470565289259 8314.0284767001867 3608.0926416963339 279.42101344466209 2693.5257174968719 4955.6331072300673 4665.2950237840414 10495.808685779572 651.71422627568245 629.80622698366642 357.64367587864399 202.37470272183418 28718.031755298376 2852.7184303551912 3329.7157934606075 284.31231805682182 5857.5317665189505 2151.1837201118469 5701.0097721964121 6688.0647883415222 691.48927579820156 218.35052064061165 38.986153557896614
leaf_count=44848 1862 1348 3359 2906 5931 5282 2731 7046 34703 15117 1141 11141 20705 19331 43368 2682 2568 1498 815 119779 11511 13433 1318 23762 8694 23202 27123 2798 885 156
internal_value=3.20338e-05 -0.000448416 -0.00250325 0.00587581 -0.000820091 0.0112771 0.014539 0.0195664 0.000506483 0.00240348 0.000999424 -0.00140858 6.96991e-05 0.00646295 -0.0032001 0.0102462 -0.00375736 0.0147727 -0.00867357 0.00139386 -0.0102148 -0.00463643 -0.00776737 -0.00147741 -0.0148148 -0.00201145 -0.00376872 0.0128501 -0.0359935 0.0267104
internal_weight=111437 100712 31949.4 6479.21 3650.45 2716.19 2828.77 2371.11 68762.6 34544.2 29297 34218.4 28430.8 9620.93 18809.8 5247.26 1281.52 3965.74 5787.61 29017.5 5546.24 25470.2 11622.7 6141.84 5480.9 13847.5 12389.1 1458.39 934.255 241.361
internal_count=461043 416195 130332 26643 15004 11213 11639 9777 285863 144133 122268 141730 118107 40036 78071 21865 5250 16615 23623 121127 22652 103689 47207 25080 22127 56482 50325 6157 3791 971
cat_boundaries=0 1 2 3 4 5 6 7
cat_threshold=2 4 34 604 34 912 1
is_linear=0
shrinkage=0.05


Tree=36
num_leaves=31
num_cat=5
split_feature=2 3 4 6 5 6 5 6 6 6 4 5 5 5 6 6 6 6 6 5 5 5 5 5 6 4 6 1 1 6
split_gain=87.2277 71.3692 210.151 149.173 140.064 155.777 183.266 143.476 489.934 263.263 90.2649 137.789 169.847 134.583 120.624 155.147 132.665 112.43 209.466 111.338 109.437 64.7777 246.707 191.528 50.6466 52.841 43.2053 43.1399 52.5949 31.5358
threshold=0 1 2 12.712896853285754 1272.5000000000002 19.975010371364711 1673.7500000000002 14.041822681632485 13.733175903714647 17.0701877114357 3 1316.7500000000002 1304.2500000000002 136.25000000000003 16.632174044054032 17.975354882304163 16.549306644783126 17.460265947779984 16.020458722087607 136.25000000000003 1713.7500000000002 1452.0000000000002 1046.0000000000002 1579.7500000000002 12.459735465385817 4 15.804530646367278 30.000000000000004 21.500000000000004 16.515277534847453
decision_type=1 9 1 2 2 2 2 2 2 2 1 2 2 2 2 2 2 2 2 2 2 2 2 2 2 1 2 2 2 2
left_child=27 2 3 24 7 6 -6 8 -4 -9 11 12 19 26 16 -16 -13 18 -15 -3 -19 22 -5 -23 25 -2 -12 28 -1 -14
right_child=1 10 4 21 5 -7 -8 9 -10 -11 13 14 29 17 15 -17 -18 20 -20 -21 -22 23 -24 -25 -26 -27 -28 -29 -30 -31
leaf_value=0.0074693425403529398 -0.0040470045902420617 0.031810946741171041 -0.0013334972823683979 0.0093928786696302197 -0.01805450832952268 0.036016909746322087 -0.0039747385881446868 -0.011699152380730354 0.048020880346614725 0.0070579901317860674 0 0.01120330942005901 -0.043543229431223324 -0.0031333327034739756 -0.020619366254071694 0.01416552733010399 0.043282030312867877 -0.0089916467087577182 0.0057723754064940343 0.0010097535200760119 0.025442630025315147 0.029263744016069904 -0.014525133356637729 0.0040785898324219956 -0.045745396858515509 -0.029976837152654163 -0.066281154834104003 0.0084689230766060858 -0.0015935609534445006 0.010505696296558679
leaf_weight=2601.882128700614 1025.4999704509974 296.33481980860233 3198.5674108117819 3527.5705811977386 4397.5492465347052 182.16977758705616 4873.7434489876032 5488.5160069316626 596.49225810170174 2837.4700480252504 32.074601009488106 3599.6249076426029 250.76927097141743 17913.566529899836 653.82371020317078 628.58005948364735 354.08378551900387 5471.72530195117 10456.608531445265 28712.324382692575 240.73289379477501 1020.8542019575834 1552.4790010899305 2899.3297373950481 102.39810617268085 236.37479607760906 104.95534558594227 3955.4377838969231 4158.9960931092501 30.04023802280426
leaf_count=10726 4183 1348 13212 14493 17730 736 19841 22127 2463 11681 130 15117 1019 74325 2682 2568 1498 22336 43544 119779 971 4220 6292 11989 414 951 424 16937 17185 122
internal_value=3.0645e-05 -0.000425919 -0.00237857 0.00347075 -0.00518916 -0.00975345 -0.0106537 -0.00163319 0.00642357 -0.00530617 0.000481428 0.00228491 0.000949837 -0.00133817 0.00975623 -0.00356561 0.0140785 -0.00113951 0.000148944 0.00132468 -0.00753923 0.00580991 0.00208233 0.0106389 -0.0119311 -0.00917975 -0.0507736 0.00431705 0.00189356 -0.0377417
internal_weight=111401 100684 31939 10364.5 21574.5 9453.46 9271.29 12121 3795.06 8325.99 68745.2 34525.6 29289.5 34219.7 5236.11 1282.4 3953.71 34082.6 28370.2 29008.7 5712.46 9000.23 5080.05 3920.18 1364.27 1261.87 137.03 10716.3 6760.88 280.81
internal_count=461043 416195 130332 42542 87790 38307 37571 49483 15675 33808 285863 144133 122268 141730 21865 5250 16615 141176 117869 121127 23307 36994 20785 16209 5548 5134 554 44848 27911 1141
cat_boundaries=0 1 2 3 4 5
cat_threshold=2 4 50 604 48
is_linear=0
shrinkage=0.05


Tree=37
num_leaves=31
num_cat=14
split_feature=8 2 2 3 4 5 5 4 4 5 5 5 5 5 5 5 5 0 2 0 2 8 10 2 0 8 2 8 8 3
split_gain=82.5813 100.644 68.049 53.7737 207.718 165.061 169.786 146.05 70.1936 104.97 132.623 96.7321 83.2941 58.2645 241.206 171.669 56.8232 47.1844 45.6629 42.3855 64.6705 36.9817 32.5094 26.4875 25.1996 31.0138 56.0554 24.74 23.1119 22.2853
threshold=3.5000000000000004 0 1 2 3 951.75000000000011 932.25000000000011 4 5 1316.7500000000002 1304.2500000000002 136.25000000000003 456.00000000000006 841.25000000000011 969.00000000000011 743.25000000000011 1373.2500000000002 6 7 8 9 4.5000000000000009 1.5000000000000002 10 11 2.5000000000000004 12 1.0000000180025095e-35 1.5000000000000002 13
decision_type=2 1 1 9 1 2 2 1 1 2 2 2 2 2 2 2 2 1 1 1 1 2 2 1 1 2 1 2 2 9
left_child=2 17 24 4 5 6 -4 -7 9 10 -5 22 -13 15 -15 -6 -11 -2 -19 20 29 -20 -10 -21 27 -26 -27 -1 -29 -3
right_child=1 19 3 8 13 7 -8 -9 11 16 -12 12 -14 14 -16 -17 -18 18 21 23 -22 -23 -24 -25 25 26 -28 28 -30 -31
leaf_value=0.0047920503558630083 -0.0070119766750020886 0.0037168456888025309 0.007868967140672865 0.00066412198792572283 -0.0061808477599220937 0.0036867333951506884 0.04595655820065752 -0.011533545239039898 -0.00027183320955530922 0.019223547016541977 -0.037771978344138667 0.0044528983523375127 -0.0030356184492864105 0.012944801867883771 -0.0078005270216876983 -0.031191230744444423 0.0055802122382711322 0.024179647126080214 -0.013486108890184876 0.02338654115911229 0.00069610158785235379 0.021424809184568256 -0.062323778263516663 0.0095262388295421635 0.006742300238641411 0.015229546941976729 -0.018231197985834422 -0.001804958242443347 0.0031617615634080263 0.013364326705415753
leaf_weight=3515.265947625041 2506.8334986120462 900.27735422551632 3149.880217179656 22980.091305181384 2967.967646330595 4199.0836523622274 322.56987464427948 2510.2058433294296 27.932648032903671 1017.8451423794031 226.54175278544426 4441.9774793684483 22622.418252691627 1631.515068680048 9914.5444991439581 892.65340769290924 3057.6410313248634 253.61674588918686 257.81996093690395 439.30884209275246 4388.5854043364525 107.31476512551308 88.399536535143852 1829.4270715266466 4338.7521583586931 188.6626153588295 332.37333579361439 6690.4493833780289 3603.8027870506048 1962.0733634382486
leaf_count=14479 10426 3770 13128 95592 12100 17272 1328 10160 113 4310 915 18367 93291 6613 40171 3593 12676 1112 1097 1934 18375 472 355 7951 18017 810 1380 27581 15128 8527
internal_value=2.92812e-05 0.00383361 -0.000457973 -0.00109195 -0.00298216 0.00255802 0.0114097 -0.0020188 -0.000203388 0.0015879 0.000288534 -0.00200146 -0.00180636 -0.00664307 -0.00486859 -0.0119657 0.00898922 -0.00394618 0.00840199 0.00638592 0.00452521 -0.00312337 -0.0474804 0.0123583 0.00225952 0.00535757 -0.00616276 0.00117051 -6.57138e-05 0.0103554
internal_weight=111366 12645.3 98720.6 80051.3 25588.4 10181.7 3472.45 6709.29 54462.8 27282.1 23206.6 27180.7 27064.4 15406.7 11546.1 3860.62 4075.49 3125.58 618.751 9519.67 7250.94 365.135 116.332 2268.74 18669.3 4859.79 521.036 13809.5 10294.3 2862.35
internal_count=461043 53664 407379 329984 104365 41888 14456 27432 225619 113493 96507 112126 111658 62477 46784 15693 16986 13107 2681 40557 30672 1569 468 9885 77395 20207 2190 57188 42709 12297
cat_boundaries=0 1 2 3 4 5 6 7 8 9 10 11 12 13 14
cat_threshold=132 6 4 51 48 604 1 4 1 259 40 1 2 56
is_linear=0
shrinkage=0.05


Tree=38
num_leaves=31
num_cat=13
split_feature=1 2 2 3 4 5 5 5 6 6 6 4 5 5 6 5 6 5 0 2 0 2 1 2 0 1 2 1 3 1
split_gain=74.7365 90.9543 61.4276 48.5354 187.397 149.313 155.093 137.148 119.052 283.966 233.798 63.5583 112.838 124.723 92.5266 82.7672 144.624 83.561 42.7102 41.6885 38.5697 58.6452 33.4456 24.3254 22.7779 28.0256 50.7467 22.3466 21.4338 21.4309
threshold=47.500000000000007 0 1 2 3 951.75000000000011 932.25000000000011 1441.7500000000002 16.632174044054032 16.264969451067842 16.742496947627398 4 1316.7500000000002 1304.2500000000002 16.870277012158958 449.75000000000006 17.061728452125518 734.75000000000011 5 6 7 8 53.000000000000007 9 10 40.000000000000007 11 21.500000000000004 12 9.5000000000000018
decision_type=2 1 1 9 1 2 2 2 2 2 2 1 2 2 2 2 2 2 1 1 1 1 2 1 1 2 1 2 9 2
left_child=2 18 24 4 5 6 -4 -7 9 -6 -10 15 13 -13 -14 16 -5 -17 28 -20 21 -3 -21 -22 27 29 -27 -1 -2 -26
right_child=1 20 3 11 8 7 -8 -9 10 -11 -12 12 14 -15 -16 17 -18 -19 19 22 23 -23 -24 -25 25 26 -28 -29 -30 -31
leaf_value=0.0045555998407606239 -0.0028785625805007571 0.009867425377772493 0.0074858570788828424 0.0094347182324510358 -0.0065761374958688279 -0.011328653459125064 0.044025156536449596 0.0035119673925396834 0.026955743028022679 -0.034112539794326435 -0.0043322571022759403 0.00029766093568160874 0.011973793195895116 -0.032930247899240629 -0.0040122179705899021 -0.010129704002051453 -0.014627293020468612 -0.0018947126208064794 0.023172230172086902 -0.012774388081959366 0.022394490393175707 0.00066146776961545459 0.020483683017112134 0.0090756782454963769 0.025941693470789381 0.014561468343932987 -0.017294841080221453 -6.2381470264841578e-05 -0.012392802008499952 0.005777617930808678
leaf_weight=3512.9009340405464 1530.8177937120199 2854.8261177688837 3145.6460999548435 2997.468734100461 9564.7306763082743 2455.1149570345879 319.95635484158993 4253.5210352092981 698.43132960796356 1037.9045447409153 4110.3927534818649 27533.189026579261 3773.956377312541 285.23663364350796 1190.1431361883879 3955.3963979482651 788.58811566233635 13936.630201414227 251.89443273842335 258.56102615594864 436.35539467632771 4387.9937473684549 106.65486331284046 1824.8572918325663 136.12131974101067 187.93485346436501 333.37022143602371 10293.720381736755 979.06307758390903 4197.6861686110497
leaf_count=14479 6418 12297 13128 12488 38591 9936 1328 17496 2980 4168 16738 114374 15851 1150 4856 16321 3205 57374 1112 1097 1934 18375 472 7951 562 810 1380 42709 4008 17455
internal_value=2.83158e-05 0.00364969 -0.00043504 -0.00103732 -0.00283322 0.00243201 0.0108619 -0.0019185 -0.00630882 -0.00927248 0.000211424 -0.000193143 0.00119565 -4.29793e-05 0.00814014 -0.00229315 0.00442133 -0.00371555 -0.00374252 0.00802561 0.00607993 0.0043054 -0.00296418 0.0117881 0.00214747 0.00509461 -0.00585262 0.00111226 -0.00665309 0.00641269
internal_weight=111339 12631 98708 80046.3 25585.7 10174.2 3465.6 6708.64 15411.5 10602.6 4808.82 54460.6 32782.5 27818.4 4964.1 21678.1 3786.06 17892 3126.99 617.11 9504.03 7242.82 365.216 2261.21 18661.7 4855.11 521.305 13806.6 2509.88 4333.81
internal_count=461043 53664 407379 329984 104365 41888 14456 27432 62477 42759 19718 225619 136231 115524 20707 89388 15693 73695 13107 2681 40557 30672 1569 9885 77395 20207 2190 57188 10426 18017
cat_boundaries=0 1 2 3 4 5 6 7 8 9 10 11 12 13
cat_threshold=132 6 4 51 163 1 4 1 259 40 1 2 18
is_linear=0
shrinkage=0.05


Tree=39
num_leaves=31
num_cat=8
split_feature=3 2 6 6 4 6 6 5 6 6 4 6 4 6 6 5 6 6 5 1 1 0 2 4 1 5 6 1 5 5
split_gain=67.8566 57.303 57.035 65.4496 66.9952 83.7675 182.128 140.484 59.4194 147.177 94.1583 50.4188 52.9842 154.228 73.9453 195.191 95.4083 60.2546 30.283 17.1189 19.2441 9.18204 8.78877 8.63358 8.23401 6.96263 6.53438 6.19257 5.87455 6.64265
threshold=0 1 1.0000000180025095e-35 4.3166874728528244 2 12.858103192840799 13.838525637873836 505.25000000000006 11.881804547884274 12.56058078616503 3 1.0000000180025095e-35 4 6.9711984606016726 17.825992953947459 378.50000000000006 17.635677999942832 17.713826142796862 988.25000000000011 30.000000000000004 21.500000000000004 5 6 7 40.000000000000007 1366.0000000000002 18.966818811793434 40.000000000000007 225.25000000000003 172.25000000000003
decision_type=9 1 2 2 1 2 2 2 2 2 1 2 1 2 2 2 2 2 2 2 2 1 1 1 2 2 2 2 2 2
left_child=2 19 -1 18 5 7 -7 -5 10 -10 -6 -3 14 24 16 -16 -13 -15 27 20 28 26 -20 25 -14 -21 -22 -4 29 -2
right_child=1 11 3 4 8 6 -8 -9 9 -11 -12 12 13 17 15 -17 -18 -19 22 23 21 -23 -24 -25 -26 -27 -28 -29 -30 -31
leaf_value=-0.040081114467289326 0.035120509432742135 0.029686046207500649 0.033854871997039425 0.022464517411730622 -0.0083801329050893856 0.01365820108580172 0.00034635077697730648 -0.009075036736188119 -0.020469296761927325 -0.0023964675127965845 0.0082947993791962649 -0.0021868812593288478 -0.058602414187719221 0.0034833876761125159 -0.03321252071164843 0.01362994886352845 -0.032546706533729423 -0.0045595023240157795 -0.014902394206163589 0.015008894346478436 -0.0016124988041925114 0.0078115834373447268 0.010260422089151868 0.0084519782956179092 -0.098830776435193876 0.034008371333385211 0.019008533813864754 0.012169066321295861 0.011278352584438454 -0.018023601843452749
leaf_weight=92.905405879020691 7.0365888178348532 152.38053743541241 204.34834161400795 392.10612951219082 1190.9907037168741 2922.0187266618013 21297.017582193017 3532.1309123039246 1164.500200510025 34516.042913779616 2866.3482431769371 12839.287166446447 61.601475611329079 20935.470040485263 255.25206829607487 1720.9427151829004 264.03374733030796 2619.4973952770233 48.79969996213913 456.77004779875278 1144.8081542700529 403.69441731274128 74.360639631748199 1091.1852864772081 17.046125188469887 54.501928865909576 39.627904236316681 40.336185321211815 871.05737578868866 32.430874228477478
leaf_count=374 31 717 1079 1661 4843 12183 87433 14386 4742 140541 11681 53635 254 88707 1039 7344 1073 10889 214 2050 4823 1707 325 4816 72 251 166 191 3684 132
internal_value=2.73294e-05 0.00158413 -0.000951451 -0.000898193 -0.00101226 0.00085417 0.00195268 -0.00592187 -0.00233386 -0.0029865 0.00339851 0.000989842 0.00087694 0.002354 -0.00143828 0.00757571 -0.00279926 0.00258873 0.0201321 0.00719858 0.00462543 0.00129911 -4.98517e-05 0.0112521 -0.0674995 0.0167233 -0.000916809 0.0303068 0.0104209 -0.00835744
internal_weight=111309 42966.6 68341.9 68249 67881.2 28143.3 24219 3924.24 39737.9 35680.5 4057.34 38865.5 38713.1 23633.6 15079.5 1976.19 13103.3 23555 367.845 4101.11 2498.66 1588.13 123.16 1602.46 78.6476 511.272 1184.44 244.685 910.525 39.4675
internal_count=461043 181390 279653 279279 277470 115663 99616 16047 161807 145283 16524 163730 163013 99922 63091 8383 54708 99596 1809 17660 10543 6696 539 7117 326 2301 4989 1270 3847 163
cat_boundaries=0 1 2 3 4 5 6 7 8
cat_threshold=28 2 554 320 680 1 226 273
is_linear=0
shrinkage=0.05


Tree=40
num_leaves=31
num_cat=15
split_feature=8 2 2 0 8 3 0 3 4 5 5 5 4 3 10 4 4 5 5 5 5 4 5 4 5 8 2 8 3 5
split_gain=78.5118 76.4286 54.3119 48.5493 65.5128 32.8276 32.1167 30.3964 144.999 126.971 195.264 106.74 41.0949 65.802 45.7353 89.8415 35.7831 33.5315 30.3579 29.2725 156.044 99.919 27.8292 26.7095 27.3746 22.4618 20.3519 20.2863 21.3586 17.9686
threshold=1.5000000000000002 0 1 2 3.5000000000000004 3 4 5 6 951.75000000000011 597.25000000000011 1441.7500000000002 7 8 1.0000000180025095e-35 9 10 927.75000000000011 1547.2500000000002 512.25000000000011 546.75000000000011 11 1388.2500000000002 12 423.25000000000006 4.5000000000000009 13 1.0000000180025095e-35 14 1904.5000000000002
decision_type=2 1 1 1 2 9 1 9 1 2 2 2 1 9 2 1 1 2 2 2 2 1 2 1 2 2 1 2 9 2
left_child=2 3 6 -2 -5 18 -1 8 9 10 -4 -11 13 22 15 -14 -16 -15 23 21 -21 -10 -9 24 -3 -25 -8 28 -28 -7
right_child=1 5 7 4 -6 29 26 12 19 11 -12 -13 14 17 16 -17 -18 -19 -20 20 -22 -23 -24 25 -26 -27 27 -29 -30 -31
leaf_value=-0.0044163483446791538 -0.0024962777131029837 -0.010960164422407569 -0.012660043709978109 0.00019528692077148572 0.014500220242423201 0.0015870151636540966 0.0065457407270359319 0.00090201025220388318 0.0045379876271735937 -0.011567004973807284 0.019555851999467161 0.0035965133870078645 -0.0034314593561328276 -0.013608063648073869 0.002555140445992362 0.010857348493160876 -0.0016253307303864689 -0.003545798402742681 0.023887077027769585 0.036009683000975394 -0.0074046643612816184 -0.042573335390314083 0.017157465110225249 0.0028638689742078289 0.012150498715740525 0.01236728791580591 -0.013854410740813809 0.001437740477609863 0.0012300587518144271 0.0078039786756149811
leaf_weight=15089.254268303514 13159.526240453124 137.68149751424789 617.79277181625366 3434.9277576059103 1043.7250192463398 16771.390159711242 1059.8186262249947 2819.2479883730412 226.09250092506409 1793.0031149238348 1967.9062610715628 3289.2316997647285 1674.4927096813917 1395.7017587870359 10688.703489616513 3186.9619388878345 9804.5484653860331 2039.9121065437794 223.9327799975872 213.12511776387691 7026.4692049175501 216.7585800588131 290.43058229982853 6332.4476651698351 1794.5280242562294 689.89266665279865 543.76205433905125 1906.8158733397722 410.92576117813587 1249.2988449186087
leaf_count=61959 54584 580 2496 14268 4608 69336 4361 11850 921 7243 8239 13443 6976 5668 44161 13483 40348 8254 1006 941 28441 871 1242 27035 7956 3096 2248 7841 1674 5173
internal_value=-1.74592e-05 0.00159831 -0.00111089 -0.000965169 0.00353034 0.00326002 -0.00336688 -0.000202359 -0.00202987 0.00283247 0.0118565 -0.00175229 0.00067725 -0.00285182 0.00158925 0.00594995 0.000555297 -0.00761312 0.00569467 -0.00688101 -0.00612543 -0.019373 0.00241455 0.00524526 0.0104466 0.00379298 0.000661626 -0.0015336 -0.00748915 0.00201721
internal_weight=111098 44837.4 66261 17638.2 4478.65 27199.2 19010.6 47250.4 15350.4 7667.93 2585.7 5082.23 31900 6545.29 25354.7 4861.45 20493.3 3435.61 9178.48 7682.45 7239.59 442.851 3109.68 8954.55 1932.21 7022.34 3921.32 2861.5 954.688 18020.7
internal_count=460302 187642 272660 73460 18876 114182 78083 194577 62595 31421 10735 20686 131982 27014 104968 20459 84509 13922 39673 31174 29382 1792 13092 38667 8536 30131 16124 11763 3922 74509
cat_boundaries=0 1 2 3 4 5 6 7 8 9 10 11 12 13 14 15
cat_threshold=780 208 1 2 1 4 179 33 10 772 780 576 17 16 14
is_linear=0
shrinkage=0.05


Tree=41
num_leaves=31
num_cat=8
split_feature=1 5 5 4 6 6 5 6 4 5 5 4 6 5 6 4 4 6 3 5 4 5 4 5 5 6 5 5 6 5
split_gain=70.8924 36.1721 111.576 136.805 116.942 112.849 99.557 74.3076 144.84 143.138 173.107 143.927 114.965 98.0914 63.0929 174.067 113.481 49.5701 30.6094 84.9187 72.7717 57.1227 40.1392 64.0668 100.329 133.68 94.7746 74.6337 61.6137 46.7786
threshold=30.000000000000004 969.00000000000011 958.25000000000011 0 13.217216053417308 4.3166874728528244 982.25000000000011 14.81403404491749 1 1171.2500000000002 1147.2500000000002 2 13.700946206469519 1272.5000000000002 15.548303720008251 3 4 11.440079884931739 5 1786.0000000000002 6 1656.7500000000002 7 936.75000000000011 1343.0000000000002 16.6988712090386 1025.5000000000002 241.50000000000003 11.52141415833351 172.25000000000003
decision_type=2 2 2 1 2 2 2 2 1 2 2 1 2 2 2 1 1 2 9 2 1 2 1 2 2 2 2 2 2 2
left_child=1 2 5 4 -4 -1 17 8 13 10 -9 -11 -10 -8 16 -16 -7 -3 22 21 -21 -20 23 27 26 -26 -25 -2 -29 -24
right_child=18 6 3 -5 -6 14 7 9 12 11 -12 -13 -14 -15 15 -17 -18 -19 19 20 -22 -23 29 24 25 -27 -28 28 -30 -31
leaf_value=0.03310229136975696 -0.009392645493031029 0.028463114745465909 -0.048354194104280608 -0.0076375674800149536 0.038296327231503328 -0.0083331220766301502 0.0090753927378425144 -0.0042849048830265633 -0.0057363330072222954 -0.0040155648986096399 -0.0338563063207796 0.0057235384158574416 -0.020489762469176255 -0.0054248042791554098 -0.011281125756294585 0.00028905483569637361 0.003373069203532759 -0.029509765078098507 0.0024772968018582217 -0.0057343355594670301 0.033185061019361264 -0.013457704849509436 0.019790015190056284 0.0013198010577688613 -0.006369145923708657 0.014388020043367901 -0.027186283790971225 -0.017526486227791738 0.011447134236839143 -0.0031456395058401653
leaf_weight=249.40624448657036 596.76464179158211 40.033683195710182 41.799227848649025 353.89692641794682 544.97052218019962 2433.4864000082016 2197.8416014611721 4404.5873339176178 4280.2438026666641 6038.5370048284531 557.55212916433811 10170.036433652043 1910.501875475049 2484.5954509675503 4432.897219479084 12116.851144909859 13553.13165256381 445.51459445059299 26717.182107999921 173.46685312688351 391.82943713665009 574.30640678107738 228.18709589540958 530.35353036224842 1760.7588862031698 1386.0503465384245 646.6482889354229 194.46924056112766 3190.1036151647568 8427.1301200389862
leaf_count=1324 2491 165 176 1444 2300 9923 9096 17997 17568 24624 2260 41674 7773 10191 18248 49985 56100 1812 113027 723 1667 2364 1032 2153 7140 5839 2618 798 13258 34532
internal_value=-1.65629e-05 -0.00105551 9.17002e-05 0.0170692 0.03157 -0.000395305 -0.00224509 -0.00190438 -0.0052641 -0.000178595 -0.00760921 0.00209596 -0.0102738 0.00137734 -0.000652334 -0.00281644 0.00158769 -0.0247147 0.00151926 0.00253838 0.02172 0.00214174 -0.000155716 0.00232568 -0.00188459 0.00277218 -0.0143383 0.00690515 0.00978044 -0.00253724
internal_weight=111073 66255.9 33726.4 940.667 586.77 32785.8 32529.4 32043.9 10873.2 21170.7 4962.14 16208.6 6190.75 4682.44 32536.4 16549.7 15986.6 485.548 44817.3 27856.8 565.296 27291.5 16960.5 8305.15 4323.81 3146.81 1177 3981.34 3384.57 8655.32
internal_count=460302 272660 139500 3920 2476 135580 133160 131183 44628 86555 20257 66298 25341 19287 134256 68233 66023 1977 187642 117781 2390 115391 69861 34297 17750 12979 4771 16547 14056 35564
cat_boundaries=0 1 2 3 4 5 6 7 8
cat_threshold=592 30 135 104 768 44 428 230
is_linear=0
shrinkage=0.05


Tree=42
num_leaves=31
num_cat=12
split_feature=8 2 2 0 8 6 5 0 6 4 2 5 4 5 2 8 2 8 8 2 0 2 5 6 6 5 8 8 6 6
split_gain=64.0209 69.2333 49.0085 43.5851 59.4276 34.1502 58.3007 28.8733 23.5762 35.4095 20.9515 20.7458 140.076 87.7011 18.3745 18.3915 17.1703 47.9295 24.1192 16.5641 15.5204 14.5269 13.566 11.9321 19.5765 12.6632 11.6628 19.2669 11.5453 11.0651
threshold=1.5000000000000002 0 1 2 3.5000000000000004 4.3166874728528244 988.25000000000011 3 6.9711984606016726 4 5 1381.0000000000002 6 1368.7500000000002 7 1.0000000180025095e-35 8 2.5000000000000004 3.5000000000000004 9 10 11 1343.0000000000002 4.3166874728528244 6.9711984606016726 1074.2500000000002 3.5000000000000004 2.5000000000000004 17.344529618988229 16.549306644783126
decision_type=2 1 1 1 2 2 2 1 2 1 1 2 1 2 1 2 1 2 2 1 1 1 2 2 2 2 2 2 2 2
left_child=2 3 7 16 19 6 -4 -1 9 -7 20 13 -13 -10 -9 -16 17 -2 -19 -5 26 -6 -11 25 -25 -18 27 -3 -28 -12
right_child=1 10 5 4 21 8 -8 14 11 22 29 12 -14 -15 15 -17 23 18 -20 -21 -22 -23 -24 24 -26 -27 28 -29 -30 -31
leaf_value=-0.0041396626912363734 0.00084954255808102812 0.0055378268421882437 0.035013165921071572 -0.0049434101414555275 0.020617255100321561 0.0045836957040522883 -0.014685133246511809 0.0062693462018828007 0.00015728239833357046 -0.030275756697107383 0.001665911838340214 -0.014594178489629626 0.0005245039439902093 0.024679343427564757 -0.0070764532272122567 0.0014207217345670728 0.031322410570625327 -0.016128122685232702 -0.0044445314965050262 0.0024759987594235849 0.011873439167048489 0.0081636719733840356 -0.076305678396248244 -0.035744655775467586 -0.0013673667870432843 -0.032859395277102667 0.01123989877165169 -0.0054863496913283606 -0.0017135554444459447 0.0039695904524750308
leaf_weight=15096.665902853012 1571.2176504582167 1317.4902518540621 171.16720600426197 1097.1768903434277 442.01820653676987 105.1942968070507 89.792788505554199 1058.8029040247202 35731.703664302826 83.932201862335205 15288.844212636352 1843.9495387971401 8821.5848819762468 368.27789930999279 955.6467267870903 1906.4382563084364 48.835168436169624 1026.0757558941841 778.25767663121223 2336.0315901488066 978.54693649709225 596.60155555605888 20.068538397550583 41.503434643149376 9684.4918981641531 8.9599425345659238 881.53568510711193 566.37011156976223 212.88420061767101 7919.8789859116077
leaf_count=61959 6487 5612 929 4555 1986 437 382 4361 147252 343 63984 7497 36126 1529 3922 7841 223 4233 3246 9713 4234 2622 82 171 40188 36 3878 2418 931 33125
internal_value=-1.54799e-05 0.00144447 -0.00100269 -0.000995371 0.00326809 -0.000139333 0.0178944 -0.0031451 -0.00023969 -0.0169839 0.00302743 -0.000164646 -0.00210218 0.000407653 0.000675005 -0.00140995 -0.00244534 -0.00551587 -0.011092 9.62032e-05 0.00639114 0.0137471 -0.035829 -0.00137835 -0.00151494 0.0212464 0.00460931 0.00222071 0.00871573 0.00245121
internal_weight=111050 44796.7 66253.2 17631.2 4471.83 47235.7 260.96 19017.6 46974.7 209.195 27165.6 46765.5 10665.5 36100 3920.89 2862.08 13159.3 3375.55 1804.33 3433.21 3956.83 1038.62 104.001 9783.79 9726 57.7951 2978.28 1883.86 1094.42 23208.7
internal_count=460302 187642 272660 73460 18876 194577 1311 78083 193266 862 114182 192404 43623 148781 16124 11763 54584 13966 7479 14268 17073 4608 425 40618 40359 259 12839 8030 4809 97109
cat_boundaries=0 1 2 3 4 5 6 7 8 9 10 11 12
cat_threshold=780 208 1 1 26 2 9 16 512 8 1 12
is_linear=0
shrinkage=0.05


Tree=43
num_leaves=31
num_cat=9
split_feature=1 2 2 6 5 3 6 6 6 6 6 6 3 1 2 5 2 1 6 6 3 5 5 5 6 5 3 5 2 5
split_gain=57.8092 62.5008 44.1986 31.1848 53.6791 30.2395 64.1172 177.747 56.3374 34.9658 69.8026 43.0323 28.5963 28.4526 31.5259 27.932 25.5356 23.837 21.8179 76.9539 44.7679 41.9911 34.8123 55.0812 32.5692 17.9002 16.3421 17.007 14.3265 14.3012
threshold=30.000000000000004 0 1 4.3166874728528244 988.25000000000011 2 13.189202246547067 13.27161475917457 12.459735465385817 17.480478577105686 17.797066475161422 17.432526797014162 3 47.500000000000007 4 1547.2500000000002 5 53.000000000000007 17.344529618988229 17.215566714973509 6 1904.5000000000002 680.25000000000011 493.75000000000006 18.714071889764412 493.75000000000006 7 1786.0000000000002 8 1656.7500000000002
decision_type=2 1 1 2 2 9 2 2 2 2 2 2 9 2 1 2 1 2 2 2 9 2 2 2 2 2 9 2 1 2
left_child=2 13 -1 4 -4 6 8 -8 -5 11 -11 -7 15 16 25 17 -2 28 19 21 -21 -14 23 -20 -24 -15 -18 -28 -3 -17
right_child=1 12 3 5 -6 9 7 -9 -10 10 -12 -13 18 14 -16 29 26 -19 22 20 -22 -23 24 -25 -26 -27 27 -29 -30 -31
leaf_value=-0.0029864897260822483 0.002395263937394464 0.00066242474333846012 0.033879516447743091 -0.0056491842988710961 -0.013915554444705864 0.0011193161106685431 0.053314612699083212 -0.0012447857652599225 -0.024441579790330556 -0.013274776753445903 0.00019768386662023633 0.016692521343293142 0.0012044003906192646 -0.0042259452006889906 -0.0013752032808709569 0.02567302658712255 -0.0062363986064918686 0.012393599854451938 -0.0077256851557892916 0.0025848562302217613 0.037677652546028582 0.011799633730700018 -0.0081195616406857154 0.01595651865064724 0.0062139762390778586 0.0088150463060223169 -0.0022508001768437721 0.016002082289680662 0.0052565424112901958 -0.031184411358126218
leaf_weight=19024.680125132203 2497.05135448277 2464.9182175397873 168.13161413371563 2095.4087008535862 90.020204067230225 26116.996263340116 150.98758339881897 12466.529688984156 492.89554098248482 1272.7347575873137 3926.8906002342701 451.21091137826443 13185.502559065819 307.18611212074757 2512.1804514974356 210.33911095559597 3150.0212872028351 910.22068278491497 425.28240288794041 160.82390604913235 232.60530586540699 1006.6295622885227 1908.0727999210358 580.04706093668938 499.72479106485844 1813.0416174978018 7222.2641842067242 129.75239205360413 5552.6198643445969 11.512627735733984
leaf_count=78083 10353 10573 929 8464 382 108146 624 50804 1987 5184 16148 1909 54623 1331 10603 955 12834 4130 1764 669 985 4199 7797 2426 2046 7736 30059 544 23964 51
internal_value=-1.44872e-05 0.00137321 -0.000952445 -0.000132373 0.0171946 -0.000227768 -0.00206071 -0.000591087 -0.00923059 0.000649869 -0.00309926 0.00138405 0.00287801 -0.000944641 0.00241893 0.0051544 -0.00214442 0.00472368 0.00171829 0.0025615 0.0243727 0.00195634 -0.00187854 0.00593354 -0.00514251 0.00689065 -0.00322351 -0.00192515 0.00385216 0.0226873
internal_weight=111036 44779.8 66256.5 47231.8 258.152 46973.7 15205.8 12617.5 2588.3 31767.8 5199.63 26568.2 27148.3 17631.5 4632.41 9149.61 12999.1 8927.76 17998.7 14585.6 393.429 14192.1 3413.13 1005.33 2407.8 2120.23 10502 7352.02 8017.54 221.852
internal_count=460302 187642 272660 194577 1311 193266 61879 51428 10451 131387 21332 110055 114182 73460 19670 39673 53790 38667 74509 60476 1654 58822 14033 4190 9843 9067 43437 30603 34537 1006
cat_boundaries=0 1 2 3 4 5 6 7 8 9
cat_threshold=780 208 4 2 264 4 48 4 17
is_linear=0
shrinkage=0.05


Tree=44
num_leaves=31
num_cat=15
split_feature=1 2 2 0 1 6 9 3 4 6 6 4 9 6 4 6 4 6 6 6 4 4 4 6 0 2 2 1 1 2
split_gain=52.2149 56.4928 40.0569 39.3804 52.5785 26.0512 43.7189 25.8742 23.391 33.4549 27.4804 32.6731 22.6826 21.2796 40.1136 33.0895 79.3896 41.7751 19.7108 70.263 71.5505 46.7387 27.8532 23.2122 22.6894 14.6155 14.4874 37.1904 110.053 27.8105
threshold=30.000000000000004 0 1 2 47.500000000000007 4.3166874728528244 1.5000000000000002 3 4 18.640881644856247 18.290467868337227 5 3.5000000000000004 8.6048812713834035 6 10.330094668866876 7 10.694849517662156 17.344529618988229 17.215566714973509 8 9 10 18.485230661856772 11 12 13 47.500000000000007 40.000000000000007 14
decision_type=2 1 1 1 2 2 2 9 1 2 2 1 2 2 1 2 1 2 2 2 1 1 1 2 1 1 1 2 2 1
left_child=2 3 -1 26 25 6 -4 8 9 -3 12 -12 -10 14 -7 16 -15 -17 19 22 -21 24 -9 -23 -20 -5 -2 28 -28 -29
right_child=1 7 5 4 -6 13 -8 18 10 -11 11 -13 -14 15 -16 17 -18 -19 21 20 -22 23 -24 -25 -26 -27 27 29 -30 -31
leaf_value=-0.0024986816362872 -0.0005432475294384672 0.010982715694753134 0.033416360878998949 -0.0045502781829124869 0.013042874888237122 -0.0362822168630762 -0.012593872648070088 -0.0027017353230562725 0.0017700380964219928 -0.02592975071302225 0.022599191289586765 0.00026610829300720886 0.013428614988966255 -0.017293475128646287 -0.003304682817955542 -0.017475337662466145 0.016093103372705073 1.9643150219412919e-05 -0.014642712164302036 0.0414389266287781 -0.0016799500634386514 -0.0012118301185510606 0.0029328335085178968 0.0094677513391612199 0.0021442913082964214 0.0024163975182545645 -0.00092876478645546586 0.0089101897896310452 -0.01647996248299647 -0.004096472145841688
leaf_weight=24703.822872549295 6320.3245044797659 1901.0316631346941 144.71160726249218 1098.547744885087 1033.8023564219475 101.40889532864094 79.975630059838295 2702.7931498736143 6050.0771908611059 63.262626484036446 379.16783407330513 294.33277568221092 448.22074015438557 219.58438657224178 576.34823180735111 344.10307331383228 809.24951419234276 39277.120327189565 806.89691168069839 217.88935777544975 173.46239539980888 1591.5237978696823 11484.61264398694 747.37112472951412 267.48874188959599 2335.4330053478479 3536.9928861707449 850.55937495827675 1677.5464821010828 779.07969835400581
leaf_count=101445 26197 8485 812 4555 4608 415 339 11051 25960 261 1698 1273 1996 901 2399 1412 3388 161549 3289 935 719 6548 47771 3101 1095 9713 14591 3637 6913 3246
internal_value=-1.34363e-05 0.0013058 -0.000904744 -0.000897426 0.00315768 4.33586e-05 0.0170188 0.00273733 0.00490468 0.00974051 0.00356765 0.0131876 0.00257515 -4.88415e-05 -0.00883492 9.75469e-05 0.00894988 -0.000132215 0.00163437 0.00243619 0.0233343 -0.00178408 0.00185921 0.00218949 -0.0103624 0.000179985 -0.00227473 -0.00386647 -0.00593285 0.00271871
internal_weight=111017 44760.4 66256.3 17632.3 4467.78 41552.5 224.687 27128.1 9136.09 1964.29 7171.8 673.501 6498.3 41327.8 677.757 40650.1 1028.83 39621.2 17992 14578.8 391.352 3413.28 14187.4 2338.89 1074.39 3433.98 13164.5 6844.18 5214.54 1629.64
internal_count=460302 187642 272660 73460 18876 171215 1151 114182 39673 8746 30927 2971 27956 170064 2814 167250 4289 162961 74509 60476 1654 14033 58822 9649 4384 14268 54584 28387 21504 6883
cat_boundaries=0 1 2 3 4 5 6 7 8 9 10 11 12 13 14 15
cat_threshold=780 240 1 2 17 650 577 912 352 57 320 1 8 12 256
is_linear=0
shrinkage=0.05


Tree=45
num_leaves=31
num_cat=8
split_feature=2 1 3 0 3 5 5 5 5 10 5 5 5 5 10 10 0 1 2 1 2 1 1 1 1 2 10 5 5 5
split_gain=52.3922 109.779 31.6962 35.1639 28.2898 33.7479 79.8903 77.7526 63.0104 49.025 43.7385 36.7893 50.0161 33.9513 63.9763 29.7196 24.5283 43.4957 56.2606 39.5584 31.7781 54.1567 41.7874 40.3425 70.3709 31.4021 24.4939 30.0605 47.7044 23.9745
threshold=0 53.000000000000007 1 2 3 996.75000000000011 1124.7500000000002 850.75000000000011 1131.2500000000002 1.0000000180025095e-35 1167.2500000000002 694.25000000000011 597.25000000000011 857.25000000000011 2.5000000000000004 1.5000000000000002 4 40.000000000000007 5 9.5000000000000018 6 30.000000000000004 47.500000000000007 40.000000000000007 47.500000000000007 7 1.0000000180025095e-35 320.50000000000006 336.25000000000006 1171.2500000000002
decision_type=1 2 9 1 9 2 2 2 2 2 2 2 2 2 2 2 1 2 1 2 1 2 2 2 2 1 2 2 2 2
left_child=4 16 3 -3 5 7 -7 11 9 -8 -10 12 -1 -9 -15 -13 20 18 -18 -20 21 25 -23 -22 -25 -2 27 -6 -29 -28
right_child=1 2 -4 -5 26 6 8 13 10 -11 -12 15 -14 14 -16 -17 17 -19 19 -21 23 22 -24 24 -26 -27 29 28 -30 -31
leaf_value=-0.00095480517098002872 0.000334135286876354 -0.0064790620953966011 0.013117956447747518 0.016673330017086072 -0.034195146918869788 -0.018708497699536017 -0.061604388118941526 0.032455181494399778 -0.030194143788524443 0.034732045831630393 -0.0012149123189949599 -0.0011366720551888093 0.012271913347848697 0.014431599775570046 -0.0092545238291018347 -0.017743237060208458 0.0026365738444312659 0.0058633031562386022 0.016593377626796916 -0.0045340086874673703 -0.0021994740295555588 0.0040652167049689547 -0.0037258391032856161 -0.013348347311874531 0.00053525507899036112 -0.0042533677320918777 0.00049669969850006386 0.04575429219102578 0.0053750109949515174 0.0042311061481838941
leaf_weight=4458.9838917553425 6294.9436720460653 520.32435873150826 1738.5536824464798 239.32967871427536 46.848078280687332 697.06074739992619 14.157756879925726 170.85747508704662 132.57524542510509 175.08542892336845 7056.8343674838543 573.84320837259293 850.97416308522224 1244.2774486392736 369.45774909853935 508.92703877389431 6338.8722868263721 3015.2106856256723 228.77830648422241 6846.8777543902397 21819.483287289739 7770.6139333993196 2209.9407004565001 2276.4754682481289 1522.3419777899981 9150.6268105357885 13711.944040134549 74.217142373323441 4797.0297835916281 6262.3316557705402
leaf_count=18517 25857 2157 7587 1023 195 2825 58 710 538 740 28851 2352 3640 5091 1515 2060 26187 12816 935 28225 89740 32272 9238 9376 6389 37533 57530 347 20389 26070
internal_value=-2.93813e-05 -0.000861934 0.00942998 0.000799253 0.00138622 -0.000236233 -0.0025293 0.00202745 -0.000999947 0.0274697 -0.00175041 -0.000547867 0.00116416 0.011255 0.00900543 -0.00894768 -0.0012432 0.000436877 -0.000782493 -0.00384453 -0.00178407 -0.000530614 0.00233956 -0.00302653 -0.00778343 -0.00238592 0.00244543 0.00560766 0.00599217 0.00166778
internal_weight=111118 69972.4 2498.21 759.654 41145.4 16253 8075.71 8177.32 7378.65 189.243 7189.41 6392.73 5309.96 1784.59 1613.74 1082.77 67474.2 16429.7 13414.5 7075.66 51044.4 25426.1 9980.55 25618.3 3798.82 15445.6 24892.4 4918.1 4871.25 19974.3
internal_count=460763 289335 10767 3180 171428 66897 33012 33885 30187 798 29389 26569 22157 7316 6606 4412 278568 68163 55347 29160 210405 104900 41510 105505 15765 63390 104531 20931 20736 83600
cat_boundaries=0 1 2 3 4 5 6 7 8
cat_threshold=39 48 1 44 1 592 152 8
is_linear=0
shrinkage=0.05


Tree=46
num_leaves=31
num_cat=10
split_feature=1 3 4 6 5 5 5 4 4 6 6 5 4 6 5 6 4 6 5 4 6 5 5 6 4 5 5 3 5 4
split_gain=42.4117 32.5549 205.826 190.704 185.018 295.653 203.437 202.625 182.689 162.852 206.076 129.26 124.826 123.017 67.1858 66.1806 209.269 167.724 136.62 127.726 142.435 122.571 150.651 118.41 111.445 95.2931 87.7292 83.182 60.323 52.4936
threshold=47.500000000000007 0 1 18.222046500487469 951.75000000000011 597.25000000000011 1441.7500000000002 2 3 17.797066475161422 17.0701877114357 1398.2500000000002 4 16.374848570379687 515.75000000000011 13.541547250415237 5 14.219507931855066 1567.2500000000002 6 15.051031787382108 1087.2500000000002 1160.0000000000002 14.36842930928035 7 172.25000000000003 1036.5000000000002 8 965.25000000000011 9
decision_type=2 9 1 2 2 2 2 1 1 2 2 2 1 2 2 2 1 2 2 1 2 2 2 2 1 2 2 9 2 1
left_child=1 2 4 9 5 13 11 -8 -7 10 -4 -6 14 -1 -5 16 25 18 24 20 -19 26 -23 -21 -17 -3 -18 -27 -14 -20
right_child=-2 15 3 12 6 8 7 -9 -10 -11 -12 -13 28 -15 -16 17 21 19 29 23 -22 22 -24 -25 -26 27 -28 -29 -30 -31
leaf_value=-0.02614483779311438 0.0027189745321298028 0.042187079011738661 -0.0082684176594459598 -0.095989110763605334 -0.008202651025061708 -0.0090455001948460262 -0.019912817025897787 0.0067651189581176899 0.021031699420580596 -0.032311283260345817 0.0099855127125582002 -0.042793371834891659 -0.050738257235925545 0.0061197560171070663 0.035898962105506894 -0.019216140322630821 -0.0057125355894434814 0.011382386094117247 -0.011637637557501294 0.016213498199970977 0.0011679886427620858 0.023044274538467427 -0.0013022302091773479 -0.0030891476111037821 -0.0020848115320794554 -0.013034737089944654 -0.049010115314622606 0.011025620358135438 0.0036098302534418683 -0.052331100680767566
leaf_weight=661.10097225010395 12475.440799281001 230.25637502968311 12563.723430350423 9.7353881746530515 3350.9940239489079 590.51154747605324 797.00965325534344 6037.3401547074318 3405.2904482632875 614.3598540276289 1762.818845063448 293.7707787156105 58.153465658426285 533.61660373210907 494.01665565371513 1304.1464006751776 4792.0435507744551 4049.8114064484835 150.04172626137733 824.53873243927956 21711.188435941935 909.15285232663155 2108.3722106516361 21695.177086025476 3453.6531979292631 379.6826883405447 119.86043706536293 5085.8158011436462 412.5176172554493 230.15844283998013
leaf_count=2672 53356 1093 50964 39 13537 2406 3215 24780 14391 2478 7176 1181 234 2159 2126 5326 19981 16713 607 3443 90210 3806 8841 89512 14285 1565 497 21565 1676 929
internal_value=-2.77294e-05 -0.00037521 -0.0016984 -0.00570191 0.00236861 0.0100899 -0.00145323 0.00363377 0.0166154 -0.00710349 -0.00602195 -0.0109932 0.0157236 -0.0117305 0.0326732 0.000248302 0.00335889 -0.00054496 -0.00913327 0.000368916 0.00277292 -0.00189586 0.00603201 -0.00238105 -0.00682676 0.0106597 -0.00677108 0.00934937 -0.00303928 -0.0379744
internal_weight=111104 98628.9 31585 15915.3 15669.6 5190.52 10479.1 6834.35 3995.8 14940.9 14326.5 3644.76 974.423 1194.72 503.752 67043.9 13625.2 53418.7 5138 48280.7 25761 7929.43 3017.53 22519.7 4757.8 5695.75 4911.9 5465.5 470.671 380.2
internal_count=460763 407407 129034 64693 64341 21628 42713 27995 16797 60618 58140 14718 4075 4831 2165 278373 57348 221025 21147 199878 106923 33125 12647 92955 19611 24223 20478 23130 1910 1536
cat_boundaries=0 1 2 3 4 5 6 7 8 9 10
cat_threshold=4 179 1 16 320 216 781 612 32 112
is_linear=0
shrinkage=0.05


Tree=47
num_leaves=31
num_cat=3
split_feature=2 1 3 3 6 6 5 6 6 5 5 5 6 6 6 5 5 6 6 5 6 6 5 6 6 6 6 5 6 6
split_gain=47.0662 96.605 28.8347 24.1984 31.7414 56.2491 41.3775 35.6335 30.4811 29.6203 77.9712 56.7753 62.9252 52.6755 29.9854 28.5443 91.8372 30.1814 25.0598 23.4697 21.5161 115.469 75.3237 64.5203 46.8271 126.139 64.142 109.864 99.7462 61.3792
threshold=0 53.000000000000007 1 2 11.09186388722183 8.6048812713834035 429.75000000000006 1.0000000180025095e-35 11.975464858942047 996.75000000000011 850.75000000000011 1089.5000000000002 19.975010371364711 16.300646139023097 15.11510148297498 1700.7500000000002 1663.0000000000002 11.440079884931739 11.790594390268121 988.25000000000011 17.635677999942832 17.797066475161422 1886.7500000000002 17.825992953947459 16.549306644783126 16.550770160580075 16.428103398034832 1213.2500000000002 16.415228707259637 16.59118431911434
decision_type=1 2 9 9 2 2 2 2 2 2 2 2 2 2 2 2 2 2 2 2 2 2 2 2 2 2 2 2 2 2
left_child=3 20 -3 8 5 7 -7 -5 18 10 14 -11 -13 -12 -10 16 17 -6 -1 -9 24 -22 23 -23 26 -26 28 -28 -2 -27
right_child=1 2 -4 4 15 6 -8 19 9 11 13 12 -14 -15 -16 -17 -18 -19 -20 -21 21 22 -24 -25 25 29 27 -29 -30 -31
leaf_value=-0.0045295115071132272 -0.0013903197573029032 0.0006262958746373039 0.012383858410046099 0.034873858636031353 -0.015527880405396297 -0.026130524443853498 0.016994918595009467 -0.021425034325013064 0.0049855929276427747 -0.018412654136153395 0.019993278793783445 -0.001061604585266106 0.041401095162543464 -0.00046502920690249714 -0.0025105397948305568 0.010984019814251636 -0.040896301169468456 0.0018970124365051623 -0.025181137907341451 -3.5817114332688595e-07 -0.018422228063858532 0.027807575864038939 -0.024083444137358301 -0.0010664210377667922 0.038095216064431885 -0.015683617142932045 -0.023001325670361523 0.0011802047432114492 0.030837911438324248 0.0017712180121851194
leaf_weight=1553.5725815147161 42144.47897619009 758.84307840466499 1731.276941716671 55.009835377335548 251.21096767485142 58.264086589217186 1153.1142650395632 192.68835227191448 2109.4218605160713 473.59171698987484 961.22515535354614 6799.2001647949219 88.2779161632061 467.0103026330471 3628.6769441962242 814.71385519206524 127.16568848490715 21840.493037953973 162.33218361437321 380.73314072191715 1124.9895964711905 198.35774616897106 348.71273553371429 7697.5910205692053 234.27284143865108 523.69977612793446 919.16756361722946 959.68525671958923 241.34799298644066 13069.348706796765
leaf_count=6450 174167 3180 7587 277 1052 245 4942 815 8816 1919 3960 27845 362 1925 14966 3386 514 91676 654 1624 4583 817 1400 31686 1009 2147 3740 3953 1051 54015
internal_value=-2.64548e-05 -0.000815575 0.00885526 0.00131583 0.00229589 0.00861725 0.0149146 -0.00351413 -0.000185124 0.00055885 0.00284728 -0.00166837 -0.000516034 0.0133007 0.000244332 0.00179171 0.00145438 0.00169857 -0.00648751 -0.00721095 -0.00117275 -0.00339631 -0.00134521 -0.000340088 -0.000814019 0.00172572 -0.00160749 -0.0106478 -0.00120662 0.00109826
internal_weight=111068 69951.8 2490.12 41116.7 24873.4 1839.81 1211.38 628.431 16243.3 14527.4 7166.33 7361.07 6887.48 1428.24 5738.1 23033.6 22218.9 22091.7 1715.9 573.421 67461.7 9369.65 8244.66 7895.95 58092 13827.3 44264.7 1878.85 42385.8 13593
internal_count=460763 289335 10767 171428 104531 7903 5187 2716 66897 59793 29667 30126 28207 5885 23782 96628 93242 92728 7104 2439 278568 38486 33903 32503 240082 57171 182911 7693 175218 56162
cat_boundaries=0 1 2 3
cat_threshold=39 48 44
is_linear=0
shrinkage=0.05


Tree=48
num_leaves=31
num_cat=7
split_feature=2 8 3 0 3 4 6 5 5 5 6 6 6 6 6 6 6 6 4 5 6 6 6 6 5 6 4 6 5 6
split_gain=42.4838 87.4123 26.1964 31.8568 21.8553 64.761 65.4419 60.3624 89.7665 112.849 77.0286 65.047 62.1434 42.6724 323.127 62.9897 32.7565 42.8694 29.7027 80.3927 68.074 49.6664 46.0903 41.9219 40.7664 38.7954 164.749 37.9809 32.948 31.587
threshold=0 4.5000000000000009 1 2 3 4 11.975464858942047 1381.0000000000002 1673.7500000000002 1676.0000000000002 15.141100828930584 18.442536809558643 14.977056119915632 17.0701877114357 17.18427796434214 16.884442036925403 10.864748560791512 10.504881817711256 5 499.75000000000006 16.770450152938377 13.322880852119555 12.775515662753916 15.259385639768688 396.25000000000006 17.713826142796862 6 17.203414337583407 1761.2500000000002 17.432526797014162
decision_type=1 2 9 1 9 1 2 2 2 2 2 2 2 2 2 2 2 2 1 2 2 2 2 2 2 2 1 2 2 2
left_child=4 -2 3 -3 5 6 16 11 10 -10 -9 12 -7 15 -15 -8 17 -1 19 20 22 -21 -6 -23 29 28 -27 -22 -26 -20
right_child=1 2 -4 -5 18 7 13 8 9 -11 -12 -13 -14 14 -16 -17 -18 -19 24 21 27 23 -24 -25 25 26 -28 -29 -30 -31
leaf_value=-0.011476179166926052 -0.0011139217479592188 -0.0063188288211030903 0.011808640172013109 0.015754106389605071 -0.019950656779723488 0.0041924653208442039 0.0060924291591918905 -0.035026236289178773 0.04452554775679704 -0.0051815687815778043 -0.0089642571069314027 0.017671539670118589 -0.0061020695925017585 -0.063884699040657411 0.0057723790665504884 0.030410158165341612 -0.025262167373899577 0.027745056843901744 -0.012575409957625884 0.0061498510074066495 -0.051993625564754987 -0.011724505108921302 0.027818109302280864 -0.0017377607457717281 0.0043921049356368414 0.013138581295147729 -0.014886309797613309 0.00074619002819131613 0.019906649826412617 0.0096968957213648538
leaf_weight=301.66907534003258 67466.64543761313 520.61509566009045 1725.4734718799591 238.13210552930832 55.589037925004959 2589.1275880485773 4233.8720623254776 477.52458767592907 123.11393444240093 1556.6110489368439 699.60477355122566 470.59622004628181 3378.2457440197468 185.8726786673069 1588.6727934479713 284.22580100595951 261.89418141543865 90.456987455487251 663.65758801996708 1354.0100481957197 41.479902595281601 1476.6005613058805 532.59914614260197 3649.4991577118635 14231.586514130235 931.59006579220295 1174.0191075205803 189.72275742888451 350.7572855502367 209.08172656595707
leaf_count=1229 278568 2157 7587 1023 232 10819 17520 1935 572 6299 2834 2011 13780 752 6529 1186 1065 366 2784 5758 173 6089 2298 15106 60109 3993 4822 788 1490 889
internal_value=-2.49304e-05 -0.000774576 0.00843594 0.000595469 0.00125065 -0.000175732 0.00347325 -0.00290421 -0.00895596 -0.00153292 -0.0195431 -0.000222385 -0.00163464 0.00504339 -0.00152414 0.00762396 -0.0115716 -0.00241097 0.00218242 -0.000498076 0.0142557 -0.00236538 0.0232924 -0.00461564 0.00329656 0.00384957 -0.00249308 -0.00871259 0.00476576 -0.00723342
internal_weight=111053 69950.9 2484.22 758.747 41101.7 16241.5 6946.66 9294.82 2856.85 1679.72 1177.13 6437.97 5967.37 6292.64 1774.55 4518.1 654.02 392.126 24860.2 7299.5 819.391 6480.11 588.188 5126.1 17560.7 16688 2105.61 231.203 14582.3 872.739
internal_count=460763 289335 10767 3180 171428 66897 28647 38250 11640 6871 4769 26610 24599 25987 7281 18706 2660 1595 104531 30444 3491 26953 2530 21195 74087 70414 8815 961 61599 3673
cat_boundaries=0 1 2 3 4 5 6 7
cat_threshold=39 48 1 44 178 162 516
is_linear=0
shrinkage=0.05


Tree=49
num_leaves=31
num_cat=11
split_feature=2 1 3 0 0 1 2 1 2 1 1 2 5 2 3 4 6 5 5 5 6 6 6 6 6 6 4 6 6 6
split_gain=38.3642 79.098 23.7879 28.8347 21.7643 38.5349 50.7006 35.9114 28.6118 24.0845 28.6492 23.1721 20.9502 19.7517 19.7359 58.4822 59.0599 54.5053 80.9732 103.432 69.5718 58.9138 56.0661 38.5741 290.649 57.3873 29.8479 29.4733 38.7234 27.9026
threshold=0 53.000000000000007 1 2 3 40.000000000000007 4 9.5000000000000018 5 30.000000000000004 47.500000000000007 6 2401.7500000000005 7 8 9 11.975464858942047 1381.0000000000002 1673.7500000000002 1676.0000000000002 15.141100828930584 18.442536809558643 14.977056119915632 17.0701877114357 17.18427796434214 16.884442036925403 10 10.864748560791512 10.504881817711256 11.09186388722183
decision_type=1 2 9 1 1 2 1 2 1 2 2 1 2 1 9 1 2 2 2 2 2 2 2 2 2 2 1 2 2 2
left_child=14 4 3 -3 8 6 -6 -8 9 13 -11 -7 -10 -2 15 16 27 21 20 -20 -19 22 -17 25 -25 -18 -23 28 -1 -16
right_child=1 2 -4 -5 5 11 7 -9 12 10 -12 -13 -14 -15 29 17 23 18 19 -21 -22 26 -24 24 -26 -27 -28 -29 -30 -31
leaf_value=-0.01089011933010847 0.0004682866273880773 -0.0059961016610000284 0.011259089530953871 0.015029471670523466 0.0026245688329240751 0.013992640090529362 0.015964430584866008 -0.0041835642366417989 -0.0025048655338534617 0.0041026844664885931 -0.0035694314098494127 0.0032939494970654799 0.026294055667270607 -0.0037356631294402269 0.0080129231314807186 0.003985403838013879 0.0057935055081741824 -0.033282243251226022 0.04304055809735241 -0.0049210112274325878 -0.0085132883236691947 0.038809465238408641 -0.0057931475691742418 -0.060475436175042342 0.0054883337865256126 0.029072291815788104 0.0089074891069521912 -0.023949426010788456 0.026406105970727456 0.0016025397717796025
leaf_weight=302.00489766895771 6293.8104863017797 521.19434449076653 1719.848416402936 237.1629099547863 6336.3464621901512 642.55009718239307 228.34872488677502 6851.0312594622374 32777.501870468259 5326.7567634880543 1576.2989171296358 2368.7363153994083 63.143413707613945 5012.6899658590555 1833.2319561690092 2587.5108597278595 4229.8193782269955 477.42617832124233 121.05007460713387 1557.071975544095 699.83048215508461 108.34531202912331 3380.4203046113253 186.52047663927078 1587.3877639919519 282.4897078871727 360.49716801941395 262.42799074947834 90.30055645108223 23010.928826123476
leaf_count=1229 25857 2157 7587 1023 26187 2729 935 28225 135013 22121 6584 10087 281 20549 7903 10819 17520 1935 572 6299 2834 512 13780 752 6529 1186 1499 1065 366 96628
internal_value=-2.34708e-05 -0.000735675 0.00803688 0.000566332 -0.00105806 0.000524721 -0.000622281 -0.00352778 -0.00156746 2.25663e-05 0.00235002 0.0056363 -0.00244852 -0.00139798 0.00118919 -0.000166566 0.00330282 -0.0027594 -0.00851183 -0.001456 -0.0185643 -0.000211017 -0.00155264 0.00479666 -0.00144773 0.00725258 0.0168526 -0.0109802 -0.00228802 0.00207495
internal_weight=111033 69955.4 2478.21 758.357 67477.2 16427 13415.7 7079.38 51050.2 18209.6 6903.06 3011.29 32840.6 11306.5 41077.3 16233.1 6940.95 9292.15 2855.38 1678.12 1177.26 6436.77 5967.93 6286.22 1773.91 4512.31 468.842 654.733 392.305 24844.2
internal_count=460763 289335 10767 3180 278568 68163 55347 29160 210405 75111 28705 12816 135294 46406 171428 66897 28647 38250 11640 6871 4769 26610 24599 25987 7281 18706 2011 2660 1595 104531
cat_boundaries=0 1 2 3 4 5 6 7 8 9 10 11
cat_threshold=39 48 1 1 592 136 264 8 44 178 64
is_linear=0
shrinkage=0.05


Tree=50
num_leaves=31
num_cat=10
split_feature=0 3 1 1 1 3 6 9 6 4 4 9 6 4 6 6 6 6 4 6 6 6 4 6 4 6 6 3 9 6
split_gain=43.9463 69.4639 52.5078 44.7488 53.3709 39.1999 32.4424 119.976 44.0567 75.6075 42.0285 72.5659 35.9002 188.782 74.6164 68.8273 107.1 68.2452 31.3283 29.0828 62.6179 42.1031 27.0237 26.026 24.1779 39.982 33.9395 22.6664 22.1333 14.9547
threshold=0 1 40.000000000000007 9.5000000000000018 21.500000000000004 2 4.3166874728528244 1.5000000000000002 8.6048812713834035 3 4 1.5000000000000002 10.330094668866876 5 8.9414649335540144 10.694849517662156 10.818352022119006 9.8957058099515827 6 13.189202246547067 13.27161475917457 12.459735465385817 7 11.09186388722183 8 15.11510148297498 14.000784395711237 9 1.0000000180025095e-35 12.712896853285754
decision_type=1 9 2 2 2 9 2 2 2 1 1 2 2 1 2 2 2 2 1 2 2 2 1 2 1 2 2 9 2 2
left_child=6 19 3 -3 -5 -6 7 28 9 -8 11 -11 13 14 -10 18 -17 -15 -14 21 -21 22 -2 -24 25 -22 -26 -12 -1 -23
right_child=1 2 -4 4 5 -7 8 -9 12 10 27 -13 15 17 -16 16 -18 -19 -20 20 24 29 23 -25 26 -27 -28 -29 -30 -31
leaf_value=-0.081824013454559433 0.0032971084055979753 0.014714115293988229 0.0081831816999472905 -0.0039260024686246352 0.0019465934808458405 0.010810614697238305 -0.050732820435171161 -0.022289512709968692 0.0093999286865571897 -0.029635112074069509 0.016981212459773829 0.011612129600645818 0.0096798558714152102 0.00681879330189705 -0.030600178397366225 0.021593581714197067 -0.00063895763556601876 0.028335711349473658 -0.020394042096394116 0.042276440931053282 0.014276535339491867 -0.054025923259329839 -0.031725844435448479 -0.0064578700199453059 0.008469477447950206 -0.001811371804771659 -0.0064112837982445801 -0.01745457990572211 0.031955880789671876 -0.022565003294863772
leaf_weight=4.2166676372289649 434.78190377354622 656.724788621068 4227.3583860248327 3624.5269802808762 10597.475984662771 1406.8157564401627 92.818635120987892 163.78247088193893 164.02813875675201 134.36892592906952 45.906667783856392 514.56049577891827 98.529441207647324 982.01225453615189 401.26001204550266 545.3277747631073 78800.810973823071 590.67884607613087 597.16965253651142 81.432278782129288 530.14325001835823 55.230030566453934 145.59490869939327 341.76564164459705 440.81239613890648 1420.1620454341173 2914.7297003418207 613.46436727046967 312.4291749894619 123.33275105059147
leaf_count=17 1831 2708 18505 14977 44094 5850 384 687 695 557 186 2192 410 4116 1655 2305 325852 2505 2454 341 2192 223 590 1386 1819 5902 11885 2519 1652 500
internal_value=3.56381e-05 0.00179059 0.00321613 0.00192843 0.00139076 0.00299652 -0.000528004 0.0124261 -0.000602539 -0.00939399 -0.00601994 0.00301398 -0.000452578 0.00594134 -0.0186551 -0.000623434 -0.000486068 0.0148105 -0.0162808 -0.00271648 -0.00120637 -0.0101269 -0.00581538 -0.0137398 -0.00187546 0.00254662 -0.0044415 -0.0148296 0.0303996 -0.0323487
internal_weight=111062 27000.9 20512.9 16285.5 15628.8 12004.3 84061.4 480.428 83580.9 1401.12 1308.3 648.929 82179.8 2137.98 565.288 80041.8 79346.1 1572.69 695.699 6487.98 5387.28 1100.71 922.142 487.361 5305.85 1950.31 3355.54 659.371 316.646 178.563
internal_count=460989 112803 86134 67629 64921 49944 348186 2356 345830 5838 5454 2749 339992 8971 2350 331021 328157 6621 2864 26669 22139 4530 3807 1976 21798 8094 13704 2705 1669 723
cat_boundaries=0 1 2 3 4 5 6 7 8 9 10
cat_threshold=1 4 18 576 152 898 132 141 39 32
is_linear=0
shrinkage=0.05


Tree=51
num_leaves=31
num_cat=10
split_feature=3 6 4 6 6 4 9 9 6 6 6 4 6 6 9 6 6 4 6 4 6 4 6 6 9 4 4 6 6 4
split_gain=40.9051 47.3166 222.97 139.064 124.623 260.881 276.345 273.094 190.493 145.932 127.459 311.982 123.038 115.997 109.003 101.483 128.65 116.305 89.0557 117.048 88.015 78.6222 73.6063 73.4562 57.7304 110.719 70.1857 45.9936 88.5577 160.356
threshold=0 17.460265947779984 1 19.651028396125692 16.549306644783126 2 3.5000000000000004 2.5000000000000004 17.153564085006796 17.11796347630715 16.264969451067842 3 18.772908360935428 17.398406332123759 3.5000000000000004 16.107446276054848 15.667429933639264 4 17.551563973236131 5 16.456277932497489 6 16.374848570379687 17.11796347630715 1.0000000180025095e-35 7 8 19.397756961337638 18.383467525719258 9
decision_type=9 2 1 2 2 1 2 2 2 2 2 1 2 2 2 2 2 1 2 1 2 1 2 2 2 1 1 2 2 1
left_child=1 4 18 12 10 6 23 13 -9 -8 15 22 14 -7 -4 16 -1 -17 19 -3 -13 -5 -12 -6 25 -20 -26 28 -2 -30
right_child=27 2 3 21 5 7 9 8 -10 -11 11 20 -14 -15 -16 17 -18 -19 24 -21 -22 -23 -24 -25 26 -27 -28 -29 29 -31
leaf_value=-0.00015773122771117764 0.0010063127440781191 -0.0058694773947302872 -0.017104223752448171 0.023897945497348545 -0.0062329824167724757 -0.004002587084303677 -0.047094632484587451 0.022382806105858973 -0.0014251972414534217 -0.0086750821508940253 -0.07166290575201785 -0.011268764807179296 -0.036932406122231927 0.018314299856270623 0.0011541677115634817 0.031509174898208023 -0.0090184074537705636 0.0036111350799559539 0.028054230438216234 -0.064225544371206297 0.0068792430021958981 -0.034517510172255836 -0.032257451208230599 0.0079928552471277125 0.0049192869465491881 -0.0030338766767308034 -0.0080940870680368173 -0.012163049707412957 -0.017431170039390272 0.018578406034677215
leaf_weight=37119.082069799304 35613.880717068911 495.73587892949581 2623.8662911206484 364.45318134129047 1830.2381036430597 3507.5557561963797 523.6251185387373 3785.4373225569725 1079.3371455222368 468.86475476622581 152.55642588436604 1447.5865595787764 539.59773290157318 698.04507710039616 1186.5721134543419 478.14028705656528 4604.7854120582342 1631.6654604077339 617.90876206755638 95.748951762914658 1240.2496461123228 59.77842304110527 537.16427879035473 1799.3800896257162 4012.5944229662418 529.47547863423824 1385.8330225944519 618.55227226018906 374.44189840555191 1622.1472763866186
leaf_count=152271 151408 2011 10591 1473 7449 14312 2126 15984 4426 1902 616 5891 2174 2899 4821 2007 18648 6617 2697 387 5105 240 2170 7376 16364 2171 5597 2528 1534 7194
internal_value=3.37983e-05 -0.00066148 -0.00354363 -0.0118939 -9.78101e-05 0.00410189 -0.0055618 0.00902308 0.0170996 -0.0289525 -0.00131594 -0.010675 -0.0145843 -0.000296897 -0.0114174 -0.000594653 -0.00113576 0.0101036 0.00205517 -0.0165187 -0.00288219 0.0153984 -0.040404 0.000818113 0.00373764 0.0139229 0.00157172 0.00135805 0.00158095 0.0118278
internal_weight=111044 72815.3 11911.6 4774.27 60903.7 13692.5 4622.11 9070.38 4864.77 992.49 47211.2 3377.56 4350.04 4205.6 3810.44 43833.7 41723.9 2109.81 7137.3 591.485 2687.84 424.232 689.721 3629.62 6545.81 1147.38 5398.43 38229 37610.5 1996.59
internal_count=460989 298325 48526 19299 249799 56474 18853 37621 20410 4028 193325 13782 17586 17211 15412 179543 170919 8624 29227 2398 10996 1713 2786 14825 26829 4868 21961 162664 160136 8728
cat_boundaries=0 1 2 3 4 5 6 7 8 9 10
cat_threshold=52 710 83 616 2 66 257 68 642 113
is_linear=0
shrinkage=0.05


Tree=52
num_leaves=31
num_cat=15
split_feature=0 2 1 2 2 1 1 1 1 2 1 3 2 1 2 1 2 1 5 1 10 4 2 3 5 10 4 5 4 3
split_gain=39.6617 98.7814 94.3634 79.2687 62.9076 50.2 48.0047 37.9592 35.8125 47.1347 31.0301 28.0108 27.916 48.7355 44.5268 26.2048 25.1235 22.7524 22.62 16.7419 15.8477 36.8394 15.733 14.7306 17.0177 16.6647 16.3595 18.1242 13.9221 13.5472
threshold=0 1 21.500000000000004 2 3 53.000000000000007 9.5000000000000018 40.000000000000007 30.000000000000004 4 30.000000000000004 5 6 21.500000000000004 7 21.500000000000004 8 9.5000000000000018 289.75000000000006 9.5000000000000018 1.0000000180025095e-35 9 10 11 2323.7500000000005 1.0000000180025095e-35 12 172.25000000000003 13 14
decision_type=1 1 2 1 1 2 2 2 2 1 2 9 1 2 1 2 1 2 2 2 2 1 1 9 2 2 1 2 1 9
left_child=4 5 3 19 10 11 -5 8 9 -4 12 20 15 14 -14 29 17 -13 -15 -3 21 -2 -10 24 -12 -26 27 -25 -9 -1
right_child=1 2 7 6 -6 -7 -8 28 22 -11 23 16 13 18 -16 -17 -18 -19 -20 -21 -22 -23 -24 26 25 -27 -28 -29 -30 -31
leaf_value=-0.0072712547633435824 0.016655025617500461 -0.0054661136430388174 -0.0072823905157275845 0.015686539997791481 -0.0018784676200485852 0.020292176704100762 -0.0076235702407774887 0.011846061465530321 -0.0025276646234248098 0.004161913172932216 0.0011889227995803317 0.022197069298539557 -0.0036347572965150197 0.0088568847478321371 0.0061057119284261057 -0.0011156445379642806 0.0019648437090826116 0.0066749235330353278 -0.0016345879689392561 -0.028906698626777683 0.0018073587612781263 -0.01261223528270774 -0.01031227615079271 -0.041137146809896372 -0.068238667608895659 0.027068531351356995 0.0059534510190925654 0.00083189145564112321 0.0036534581690759269 -0.023468304399941613
leaf_weight=1470.2285360097885 125.87583054602146 89.595033720135689 1149.2992760241032 249.20104284584522 41788.004477068782 496.37291494011879 1929.9109322875738 753.50511564314365 1809.5343392342329 4012.1370151787996 10791.64471539855 245.64426997303963 1495.3383008539677 535.28234280645847 5368.4242265969515 3393.0669235140085 3479.4489259421825 6220.8816263377666 12654.586190149188 532.06242473423481 2600.4101597815752 527.49941788613796 1024.2944026887417 26.029586255550385 4.70688472688198 91.602639853954315 4621.1795175373554 1653.3774131983519 1732.076297223568 138.9045974612236
leaf_count=6024 517 369 4732 1025 172498 2268 7931 3263 7531 16532 44639 1022 6176 2230 22150 13912 14597 26210 52195 2187 10702 2175 4259 108 19 411 20179 7075 7483 570
internal_value=3.22405e-05 0.00170028 -0.00137228 -0.00952606 -0.000503207 0.00467778 -0.00493232 0.000804918 -0.000872303 0.0016065 0.000857321 0.00409362 -0.000264682 0.000569158 0.0039865 -0.0036024 0.00540834 0.00725445 -0.00120837 -0.0251336 5.64987e-05 -0.00690256 -0.00538877 0.00249365 0.001375 0.0222928 0.00441675 0.000174972 0.00620179 -0.00886493
internal_weight=111010 26977.7 13281.6 2800.77 84032.4 13696.1 2179.11 10480.8 7995.27 5161.44 42244.4 13199.8 25055.8 20053.6 6863.76 5002.2 9945.97 6466.53 13189.9 621.657 3253.79 653.375 2833.83 17188.5 10888 96.3095 6300.59 1679.41 2485.58 1609.13
internal_count=460989 112803 55312 11512 348186 57491 8956 43800 33054 21264 175688 55223 103257 82751 28326 20506 41829 27232 54425 2556 13394 2692 11790 72431 45069 430 27362 7183 10746 6594
cat_boundaries=0 1 2 3 4 5 6 7 8 9 10 11 12 13 14 15
cat_threshold=1 598 32 171 8 4 128 1 518 516 41 52 162 145 22
is_linear=0
shrinkage=0.05


Tree=53
num_leaves=31
num_cat=14
split_feature=0 3 1 1 1 3 5 5 5 4 3 10 5 4 5 5 4 4 4 4 4 5 10 4 3 5 5 4 10 5
split_gain=35.8266 59.4492 43.0542 37.1169 44.0269 35.8729 26.6174 146.18 114.149 185.441 217.295 145.284 119.776 115.005 112.174 159.72 199.266 123.22 105.485 93.6087 82.2227 166.351 80.6698 77.3688 67.7248 92.3997 86.558 61.9129 60.5882 224.061
threshold=0 1 40.000000000000007 9.5000000000000018 21.500000000000004 2 969.00000000000011 982.25000000000011 847.25000000000011 3 4 1.5000000000000002 871.75000000000011 5 747.25000000000011 781.25000000000011 6 7 8 9 10 734.75000000000011 3.5000000000000004 11 12 996.75000000000011 1700.7500000000002 13 1.5000000000000002 1203.7500000000002
decision_type=1 9 2 2 2 9 2 2 2 1 9 2 2 1 2 2 1 1 1 1 1 2 2 1 9 2 2 1 2 2
left_child=6 -2 3 -3 -5 -6 8 27 14 10 13 -12 19 -10 20 17 -17 -16 -14 -11 22 -22 -1 28 26 -26 -25 -8 -9 -30
right_child=1 2 -4 4 5 -7 7 23 9 12 11 -13 18 -15 15 16 -18 -19 -20 -21 21 -23 -24 24 25 -27 -28 -29 29 -31
leaf_value=0.0014742699454835949 -0.0025538190958739777 0.013444358989508584 0.0074465711561891692 -0.0035427794594108507 0.0017394424062444473 0.010227670405839039 -0.012678002998365398 -0.0019755088710784806 0.034001892140645848 0.038475954559387522 -0.013555294354533828 0.01172084689385974 -0.034969937773745477 0.0066712565897759568 0.0017281259893817446 0.0080209560363914863 -0.014245220913869032 -0.028451591055477184 -0.0044798210623016544 0.0039062960559792127 -0.0024623722727669843 0.024060895341637828 0.011952550767366489 -0.001724687086788707 0.019806115873917396 -0.0069233187294908257 0.013402214905305972 -0.046228579383446156 -0.010461085243839411 0.0077247361708280143
leaf_weight=7265.3726067692041 6483.8180381804705 653.70035526156425 4208.1856756061316 3627.50829385221 10587.423567220569 1403.4581149965525 414.67770300805569 7343.579931139946 1286.5187458693981 228.75085736811161 859.92889861762524 1676.6582487523556 312.99370302259922 574.54083961248398 473.20522221922874 2253.5119207501411 1797.0919865369797 1218.5607099086046 2419.455733448267 1133.174857661128 17611.627563461661 611.57833245396614 2458.9553797096014 12584.88291592896 334.39700601994991 9604.6384693533182 1022.3932269960642 218.73977683484554 2134.8299357742071 8192.7021630108356
leaf_count=30210 26669 2708 18505 14977 44094 5850 1696 30330 5346 1002 3588 7158 1289 2355 1938 9268 7415 5019 9917 4692 73609 2590 10357 52211 1363 39039 4211 895 8786 33902
internal_value=3.06478e-05 0.00161649 0.00293682 0.001772 0.00128305 0.00274341 -0.000478152 -0.00137157 0.000408131 0.00558886 0.0127022 0.00313744 -0.00207616 0.0256487 -0.000897611 -0.00726249 -0.0018719 -0.0201654 -0.00811972 0.0100299 0.000410022 -0.00157098 0.00412025 -0.00100508 -0.00288109 -0.00601726 -0.000587226 -0.0252073 0.00149515 0.00396495
internal_weight=110997 26964.1 20480.3 16272.1 15618.4 11990.9 84032.8 41850.8 42181.9 8492.02 4397.65 2536.59 4094.38 1861.06 33689.9 5742.37 4050.6 1691.77 2732.45 1361.93 27947.5 18223.2 9724.33 41217.4 23546.3 9939.04 13607.3 633.417 17671.1 10327.5
internal_count=460989 112803 86134 67629 64921 49944 348186 172433 175753 35347 18447 10746 16900 7701 140406 23640 16683 6957 11206 5694 116766 76199 40567 169842 96824 40402 56422 2591 73018 42688
cat_boundaries=0 1 2 3 4 5 6 7 8 9 10 11 12 13 14
cat_threshold=1 4 18 659 4 642 203 258 32 64 548 312 18 185
is_linear=0
shrinkage=0.05


Tree=54
num_leaves=31
num_cat=8
split_feature=6 4 6 6 4 9 6 6 4 6 6 4 6 6 4 9 6 4 6 6 6 9 9 4 4 6 6 6 6 6
split_gain=36.2817 227.926 184.588 97.2398 110.632 155.257 86.4675 186.726 158.757 141.916 294.487 114.468 293.119 85.3957 85.0249 79.6285 116.348 68.7973 68.3104 114.929 112.675 144.858 90.5866 85.9228 76.2343 68.2316 63.9323 169.176 112.027 56.4811
threshold=17.635677999942832 0 17.713826142796862 18.290467868337227 1 2.5000000000000004 16.549306644783126 16.550770160580075 2 16.612312694996909 16.793070616012738 3 16.515277534847453 16.300646139023097 4 1.0000000180025095e-35 19.013930035842261 5 19.651028396125692 18.575609909310138 17.975354882304163 1.0000000180025095e-35 3.5000000000000004 6 7 16.456277932497489 16.107446276054848 16.149975834356667 15.984494230832272 16.415228707259637
decision_type=2 1 2 2 1 2 2 2 1 2 2 1 2 2 1 2 2 1 2 2 2 2 2 1 1 2 2 2 2 2
left_child=6 2 17 4 -4 -6 11 -8 9 -9 -11 12 29 26 25 16 -5 -2 19 20 21 -3 -22 -20 -21 -15 28 -28 -13 -1
right_child=1 18 3 15 5 -7 7 8 -10 10 -12 13 -14 14 -16 -17 -18 -19 23 24 22 -23 -24 -25 -26 -27 27 -29 -30 -31
leaf_value=-0.002865000985756508 -0.0033325053214424503 0.0083399955936161955 -0.021885629742283808 0.030719040349299648 0.010011556530131064 -0.014058572525351663 0.037649421953445443 -0.031226313089053628 0.0057034085966293701 0.016009213753915869 -0.0068864398848883755 0.0017521970326824605 -0.052126999942940823 -0.0075134128041102408 -0.015748544143976619 0.0054530516726805315 -0.0060414906151040433 -0.04926058089152921 0.017506105373276178 -0.014976260060799843 -0.0062129672485031666 -0.029082118251461231 0.014491391395488102 -0.032356168196983406 -0.038948546976864264 0.012916073364009404 0.028186931741231849 0.00057509565111265649 -0.012375541983336132 0.0088292874543757626
leaf_weight=26819.866596192122 143.23233038187027 356.77491049468517 578.8718017488718 788.8888413310051 1970.7350076436996 1014.7750467658043 384.02002397179604 423.29309824109077 14125.563097313046 1835.9702806472778 5973.4491866677999 37537.842873051763 299.62002342939377 1005.9386886209249 1432.9637464880943 4094.3582808077335 295.67012898623943 214.55403159558773 421.96504436433315 1204.3561120927334 2054.0620681792498 937.52913309633732 711.07588097453117 98.580024763941765 479.53462788462639 688.19581227004528 814.9410715252161 1738.1813118606806 1457.5104586035013 1073.5687317848206
leaf_count=110968 592 1494 2344 3591 8138 4114 1681 1712 59289 7546 24412 156568 1227 4165 5806 17042 1217 865 1710 4913 8430 3800 2905 396 1963 2885 3499 7229 5950 4538
internal_value=2.92309e-05 -0.00222592 0.0028271 0.00427131 -0.0020835 0.00182214 0.000391695 0.00308322 0.00248913 -0.00302851 -0.00150297 -0.000448265 -0.00294233 0.00112594 -0.00684154 0.00864592 0.0206932 -0.0323638 -0.00955768 -0.0111452 -0.00658779 -0.018763 -0.000886547 0.00776404 -0.0221281 0.000778235 0.00172601 0.00939134 0.00122399 -0.0024147
internal_weight=110976 15365 9101.09 8743.3 3564.38 2985.51 95610.9 22742.3 22358.3 8232.71 7809.42 72868.6 28193.1 44675.6 3127.1 5178.92 1084.56 357.786 6263.88 5743.33 4059.44 1294.3 2765.14 520.545 1683.89 1694.13 41548.5 2553.12 38995.4 27893.4
internal_count=460989 63514 37903 36446 14596 12252 397475 94640 92959 33670 31958 302835 116733 186102 12856 21850 4808 1457 25611 23505 16629 5294 11335 2106 6876 7050 173246 10728 162518 115506
cat_boundaries=0 1 2 3 4 5 6 7 8
cat_threshold=710 64 202 804 19 68 257 304
is_linear=0
shrinkage=0.05


Tree=55
num_leaves=31
num_cat=10
split_feature=2 3 6 6 4 4 6 5 6 4 6 6 4 6 5 6 6 4 4 5 5 4 6 5 6 5 5 5 3 5
split_gain=36.0009 27.5304 117.514 235.848 151.259 132.371 152.173 123.054 93.1592 64.4326 63.1033 59.8193 183.896 120.356 111.789 104.041 135.508 219.92 121.616 209.075 153.645 107.451 86.0372 74.3523 57.774 54.2337 52.7959 19.8264 15.367 13.9787
threshold=0 1 13.189202246547067 13.27161475917457 2 3 12.459735465385817 439.50000000000006 13.677197808620329 4 9.6493562220546902 13.342572252321885 5 13.27161475917457 172.25000000000003 14.255836268801319 14.320746004028047 6 7 1479.5000000000002 1197.0000000000002 8 13.27161475917457 1441.7500000000002 12.712896853285754 982.25000000000011 1398.2500000000002 944.75000000000011 9 259.25000000000006
decision_type=1 9 2 2 1 1 2 2 2 1 2 2 1 2 2 2 2 1 1 2 2 1 2 2 2 2 2 2 9 2
left_child=28 2 5 -4 8 10 9 -6 -5 -7 27 12 14 23 -3 18 17 -17 20 -20 -13 -18 -16 -14 -8 -12 -15 -2 29 -1
right_child=1 11 3 4 7 6 24 -9 -10 -11 25 15 13 26 22 16 21 -19 19 -21 -22 -23 -24 -25 -26 -27 -28 -29 -30 -31
leaf_value=-0.066318147666041702 0.015321078129959391 0.045423984745139333 0.042959192351006599 -0.028633329476416065 -0.042355617462630758 0.014197582569863003 -0.03734723052258429 -0.0032985564220092915 0.0045054040281746295 -0.0020968976878674586 -0.029016959763073225 -0.030004224309986761 -0.0049070512589487461 0.026791297004927436 0.010925695175596863 0.035229081609585204 -0.0029168153025823504 -0.032673003903366776 0.0012682274457744549 -0.035636837665105746 -3.8601201095114678e-07 0.0019686296774651473 -0.014898974148468636 0.011395130343889441 -0.011270608227696507 -0.0093335808633470754 -0.073206510031308805 -0.059331347497909484 0.0016333352325766954 0.0058978620086969713
leaf_weight=6.6040829420089713 9.4588442295789701 221.78141415119171 316.47528763115406 216.07612088322639 204.48901273310184 804.10858272016048 343.34941229224205 14250.880856648088 11091.550189882517 2373.9709528237581 585.43549755215645 1026.0062435865402 6294.6877015680075 430.86687009036541 4703.1484519839287 583.57248644530773 17729.618777737021 142.25622104108334 4290.14325119555 421.35314038395882 730.97145634889603 30778.621024280787 346.02118413150311 786.61422574520111 559.20385085046291 872.9329135119915 13.49734243750572 119.12601041793823 7335.2333413362503 3324.540040910244
leaf_count=28 38 1077 1325 876 825 3565 1379 58081 45691 9634 2351 4216 26348 1813 20113 2476 72985 591 17848 1713 2984 128782 1436 3352 2258 3522 57 491 30462 14558
internal_value=0.000158479 -0.00013544 -0.00135236 6.51538e-05 -0.000461732 -0.00787823 -0.00307401 -0.00384904 0.00386805 0.0020627 -0.0200816 0.000428605 0.00351143 -0.00150859 0.0106623 -0.000279454 0.000503709 0.0219465 -0.00624111 -0.00202755 -0.0174258 0.000182713 0.00915467 -0.00309531 -0.0211993 -0.01724 0.0237269 -0.0537933 0.00291866 0.00573399
internal_weight=110913 100246 31747.1 26079.5 25763 5667.59 4080.63 14455.4 11307.6 3178.08 1586.95 68499.2 12796.6 7525.67 5270.95 55702.5 49234.1 725.829 6468.47 4711.5 1756.98 48508.2 5049.17 7081.3 902.553 1458.37 444.364 128.585 10666.4 3331.14
internal_count=460875 415827 130036 106798 105473 23238 16836 58906 46567 13199 6402 285791 54196 31570 22626 231595 204834 3067 26761 19561 7200 201767 21549 29700 3637 5873 1870 529 45048 14586
cat_boundaries=0 1 2 3 4 5 6 7 8 9 10
cat_threshold=2 4 178 834 5 216 803 612 226 2
is_linear=0
shrinkage=0.05


Tree=56
num_leaves=31
num_cat=13
split_feature=1 6 4 6 9 6 6 6 4 4 6 4 4 3 9 6 6 9 4 6 4 6 3 4 4 6 3 6 6 4
split_gain=30.0725 22.1247 87.9838 102.417 62.0941 47.6225 33.9321 72.1557 112.774 93.6167 53.3377 118.975 58.3468 30.3957 44.6061 56.2833 41.3717 32.0243 30.2963 28.926 31.075 26.4955 25.8398 22.5528 19.3429 52.1122 50.2782 43.1991 68.6772 37.9674
threshold=30.000000000000004 17.635677999942832 0 18.290467868337227 2.5000000000000004 17.597782500319173 16.59118431911434 16.742496947627398 1 2 16.300646139023097 3 4 5 1.0000000180025095e-35 17.797066475161422 19.651028396125692 1.5000000000000002 6 18.640881644856247 7 18.714071889764412 8 9 10 19.299108815414776 11 4.3166874728528244 8.9414649335540144 12
decision_type=2 2 1 2 2 2 2 2 1 1 2 1 1 9 2 2 2 2 1 2 1 2 9 1 1 2 9 2 2 1
left_child=24 5 3 4 18 6 10 9 -9 -8 12 -12 -2 14 21 -16 17 -15 -3 20 -5 -4 -7 -21 25 -1 27 -26 -29 -30
right_child=1 2 13 19 -6 22 7 8 -10 -11 11 -13 -14 16 15 -17 -18 -19 -20 23 -22 -23 -24 -25 26 -27 -28 28 29 -31
leaf_value=0.00070441930799614418 -0.0023315710845077508 -0.015802252731920718 0.017367049216272964 0.040327718319950079 -0.020157745921630905 -0.0080132665169027097 -0.014129149624490271 -0.0091906900772356272 0.0057232927873522707 0.019803315907685901 0.012538714850885611 -0.012576513494313338 0.0027768705480402129 -0.027010413027090719 -0.036406932962634177 -0.0046989854222438 0.016984437458320165 -0.0089069943686731004 0.0070078362767052836 -0.0093330275138768081 0.013814125204129694 -0.011170869852256352 0.034639672258946458 0.010314647995505391 0.024050291213376512 -0.023998845847239089 1.8951070934926612e-05 -0.038470422185828579 -0.00087242208656241747 -0.0063616033860169705
leaf_weight=26734.235850289464 7811.9491541236639 175.26873195171356 325.97381301224232 148.56176218390465 492.11863550543785 46.748189210891724 237.8637662678957 1658.8500173836946 5265.4873922616243 1231.4934262782335 621.12427949905396 1872.244378939271 19584.94881670177 468.49155749380589 155.49290870130062 1400.6608653068542 94.871464490890503 512.98825041949749 670.92993770539761 167.64981751143932 525.9988149702549 108.06139945983887 152.80066259205341 893.49604138731956 137.69581100344658 215.09688176214695 26393.032330542803 143.56261421740055 6139.7974855452776 6491.9145607501268
leaf_count=110397 32658 718 1411 664 2002 190 1011 6819 22387 5266 2660 7840 82615 1898 634 5801 386 2080 2815 683 2306 458 646 3834 845 866 109034 587 24920 26444
internal_value=0.00015089 0.00115428 -0.00163243 0.00434056 -0.00603602 0.00159907 0.00147191 0.00428103 0.00214457 0.0143449 0.000682884 -0.00631794 0.00132023 -0.00761091 -0.003898 -0.00787263 -0.0143715 -0.0175553 0.00217217 0.0123692 0.0204684 0.0102495 0.025957 0.00721447 -0.000524835 0.000506788 -0.00123209 -0.00378751 -0.0040911 -0.00369967
internal_weight=110879 44624.1 6140.56 3074.02 1338.32 38483.5 38284 8393.69 6924.34 1469.36 29890.3 2493.37 27396.9 3066.54 1990.19 1556.15 1076.35 981.48 846.199 1735.71 674.561 434.035 199.549 1061.15 66255.3 26949.3 39306 12913 12775.3 12631.7
internal_count=460875 187782 25690 13022 5535 162092 161256 35483 29206 6277 125773 10500 115273 12668 8304 6435 4364 3978 3533 7487 2970 1869 836 4517 273093 111263 161830 52796 51951 51364
cat_boundaries=0 1 2 3 4 5 6 7 8 9 10 11 12 13
cat_threshold=708 138 112 257 800 6 64 64 16 64 58 12 641
is_linear=0
shrinkage=0.05


Tree=57
num_leaves=31
num_cat=4
split_feature=2 8 8 3 6 6 5 6 6 5 6 6 5 5 6 5 5 6 6 6 6 5 6 6 6 5 6 8 0 3
split_gain=32.5574 23.7836 39.9689 23.1317 106.592 215.188 109.687 148.782 101.116 95.2967 73.8163 59.3642 58.6959 82.979 50.9006 134.485 87.864 64.5763 125.835 97.2644 47.36 54.9059 41.2531 29.5955 48.9896 24.0006 14.2671 12.7941 15.931 14.7426
threshold=0 1.5000000000000002 1.0000000180025095e-35 1 13.189202246547067 13.27161475917457 479.25000000000006 16.374848570379687 12.459735465385817 556.50000000000011 12.712896853285754 12.923499558441728 1786.0000000000002 1827.0000000000002 13.189202246547067 172.25000000000003 309.25000000000006 14.255836268801319 14.320746004028047 13.874969247874629 12.324680269607297 694.25000000000011 15.759527432605623 13.189202246547067 16.870277012158958 1786.0000000000002 12.417773910692015 4.5000000000000009 2 3
decision_type=1 2 2 9 2 2 2 2 2 2 2 2 2 2 2 2 2 2 2 2 2 2 2 2 2 2 2 2 1 9
left_child=1 2 -1 4 8 -6 7 -7 20 -8 25 -12 14 22 15 26 -17 19 -19 -16 21 -2 -14 -15 -25 -10 -5 28 29 -3
right_child=3 27 -4 12 5 6 9 -9 10 -11 11 -13 13 23 17 16 -18 18 -20 -21 -22 -23 -24 24 -26 -27 -28 -29 -30 -31
leaf_value=0.0058681145301887339 0.0072272250926138761 -0.002335956625043753 -0.0020615739202626822 0.0068411250438642482 0.041259663202389454 -0.055982713353441661 0.015400952564413421 -0.0063691039571985636 -0.031912926660680664 -0.0004364894212289819 0.00010304283794029612 -0.030560560619552552 0.033969270679142738 -0.030102110996410594 -0.0006893432699888514 -0.013489153405717685 0.0036450164352657671 0.02096854459204783 -6.5347831259816063e-05 -0.012652509041395036 0.0097389593423859479 -0.0086266135144241023 0.00074944073935718537 0.014328247189035206 -0.018054468056020474 -0.061967945516556371 0.04221384860154849 0.015732814865169014 0.010724600329348022 0.0055888802221868566
leaf_weight=2571.2572776377201 650.11704789102077 852.42244781553745 4158.7710240036249 32.800037458539009 313.60989609360695 198.98089653253555 988.97159333527088 628.51058469712734 312.32206989824772 23937.815421149135 426.81519854068756 250.063441619277 402.07486595213413 76.274111986160278 5066.359315559268 806.93255533277988 10250.599864125252 721.71273767948151 47674.627373844385 2556.9561430364847 535.23605899512768 3402.3433184474707 122.15509441494942 340.99578133225441 177.43739368021488 85.210618257522583 239.28003384172916 303.49002851545811 919.3280643671751 1851.4521599113941
leaf_count=10685 2961 3620 17249 133 1325 799 4209 2545 1253 97920 1716 1016 1698 317 21018 3334 43463 3067 198342 10575 2182 13761 500 1451 724 349 1169 1370 4025 8099
internal_value=0.000143807 0.00276992 0.000967322 -0.000135712 -0.0012515 9.85418e-05 -0.000402641 -0.0183107 -0.00746999 0.000191721 -0.0212776 -0.0112207 0.000381411 0.0117388 0.000192685 0.00324924 0.00239407 -0.0004254 0.00024826 -0.00470271 -0.00423486 -0.00608191 0.0262396 -0.00103741 0.00323405 -0.0383817 0.037972 0.00586509 0.00503675 0.00310069
internal_weight=110855 10656.7 6730.03 100198 31730 26067.9 25754.3 827.491 5662.11 24926.8 1074.41 676.879 68468.2 1118.94 67349.3 11329.6 11057.5 56019.7 48396.3 7623.32 4587.7 4052.46 524.23 594.707 518.433 397.533 272.08 3926.69 3623.2 2703.87
internal_count=460875 45048 27934 415827 130036 106798 105473 3344 23238 102129 4334 2732 285791 4690 281101 48099 46797 233002 201409 31593 18904 16722 2198 2492 2175 1602 1302 17114 15744 11719
cat_boundaries=0 1 2 3 4
cat_threshold=2 4 1 56
is_linear=0
shrinkage=0.05


Tree=58
num_leaves=31
num_cat=6
split_feature=3 4 5 5 6 6 6 5 5 5 6 3 5 5 6 5 5 6 4 6 5 6 4 4 6 5 6 6 6 5
split_gain=27.2984 51.2182 100.597 178.099 166.703 144.258 209.088 139.335 125.497 159.178 104.927 99.5456 81.9484 66.4023 64.9004 70.7919 344.684 115.837 244.671 187.146 77.3467 69.9473 60.579 46.0753 183.406 160.279 146.48 134.908 108.36 98.1419
threshold=0 1 1373.2500000000002 781.25000000000011 18.772908360935428 17.872925874660819 17.797066475161422 1645.5000000000002 1368.7500000000002 996.75000000000011 17.398406332123759 2 537.25000000000011 1452.0000000000002 11.663712296943883 1351.7500000000002 1316.7500000000002 15.607516757966241 3 15.588291229379381 556.50000000000011 15.213924099986583 4 5 17.825992953947459 378.50000000000006 6.9711984606016726 15.699816496824988 15.631780265415092 474.25000000000006
decision_type=9 1 2 2 2 2 2 2 2 2 2 9 2 2 2 2 2 2 1 2 2 2 1 1 2 2 2 2 2 2
left_child=1 2 3 5 7 6 -1 10 9 -5 -4 -9 -7 -6 22 16 20 19 -19 -17 -16 -18 -3 24 27 -26 -25 28 -2 -27
right_child=23 14 4 8 13 12 -8 11 -10 -11 -12 -13 -14 -15 15 17 21 18 -20 -21 -22 -23 -24 26 25 29 -28 -29 -30 -31
leaf_value=-0.0024515443093495459 -0.00052767297096050999 0.0091237103451040635 -0.011396712050918146 0.014246752539511742 -0.05679954715881811 -0.0039419847434225275 0.053761281462360505 0.016813478815757607 0.03578196164190716 0.0010824980744765268 -0.04497115799069297 -0.0040342215608235085 -0.039650390832134744 0.033781528683551908 0.0028291618345100025 -0.003757977665915551 -0.027364760868723005 -0.011872345026035375 0.0077698021643366824 -0.06837353483521405 -0.0042317215240905625 -0.075353899531151194 -0.0027693695961209471 -0.06205508988454092 -0.033428596157272332 0.046197436417940795 0.0023575444026554572 -0.010389563468755685 0.030542247772541321 0.012675949859496868
leaf_weight=4731.868086785078 5555.8359841406345 2646.8462467342615 2239.5512093007565 3950.5831326246262 21.348597258329391 269.74285757541656 171.3144890666008 741.42517001926899 383.24232697486877 5485.8577683568001 259.77808050811291 2395.1483883410692 398.55750009417534 349.14863674342632 4727.0708218067884 5534.3754523098469 129.76558156311512 1966.9635489583015 8010.8361894190311 114.28769089281559 21585.531365677714 184.92786893248558 1789.9766638278961 88.414890184998512 166.95796316862106 259.33942121267319 30371.210964307189 4618.294682174921 295.44320201873779 1386.0094405561686
leaf_count=19644 23598 11244 9093 16399 88 1165 722 3086 1696 22495 1045 9684 1609 1453 19642 22519 526 8199 32961 461 87682 745 7358 362 687 1213 129191 19091 1252 5965
internal_value=0.000136831 -0.000484842 0.00154031 0.00368286 -0.00394645 -0.00345697 -0.000485423 -0.00608308 0.00773435 0.00659436 -0.0148901 0.000933297 -0.0252478 0.0285347 -0.00141318 -0.00201763 -0.00358547 0.000653642 0.00389297 -0.0050674 -0.00296303 -0.0555962 0.00433885 0.00112713 -0.00145722 0.0132262 0.00216949 -0.00400091 0.00104075 0.0179651
internal_weight=110830 68088.1 21397.6 15391.2 6006.4 5571.48 4903.18 5635.9 9819.68 9436.44 2499.33 3136.57 668.3 370.497 46690.6 42253.8 26627.3 15626.5 9977.8 5648.66 26312.6 314.693 4436.82 42741.5 12281.9 1812.31 30459.6 10469.6 5851.28 1645.35
internal_count=460875 279516 88179 63730 24449 23140 20366 22908 40590 38894 10138 12770 2774 1541 191337 172735 108595 64140 41160 22980 107324 1271 18602 181359 51806 7865 129553 43941 24850 7178
cat_boundaries=0 1 2 3 4 5 6
cat_threshold=28 522 16 5 53 648
is_linear=0
shrinkage=0.05


Tree=59
num_leaves=31
num_cat=12
split_feature=2 6 4 6 6 4 3 6 4 6 9 6 6 4 6 6 4 3 6 4 4 6 4 9 9 4 6 9 1 1
split_gain=29.4188 22.0307 179.351 150.756 70.286 78.0862 60.2592 116.477 106.301 87.6684 57.9028 57.7532 127.025 123.786 129.552 101.19 176.175 140.759 98.031 219.009 96.635 62.6668 46.9321 44.321 43.9917 61.2884 60.7461 36.7448 21.2955 36.2625
threshold=0 17.635677999942832 1 17.713826142796862 18.290467868337227 2 3 18.595614151068641 4 18.034358471296148 1.0000000180025095e-35 16.549306644783126 16.550770160580075 5 16.612312694996909 16.428103398034832 6 7 16.415228707259637 8 9 16.456277932497489 10 2.5000000000000004 3.5000000000000004 11 19.651028396125692 2.5000000000000004 30.000000000000004 21.500000000000004
decision_type=1 2 1 2 2 1 9 2 1 2 2 2 2 1 2 2 1 9 2 1 1 2 1 2 2 1 2 2 2 2
left_child=28 11 3 22 5 -5 7 9 -9 -4 -6 15 23 14 -14 18 21 -18 20 -20 -2 -17 -3 -13 26 -26 -8 -15 29 -1
right_child=1 2 6 4 10 -7 24 8 -10 -11 -12 12 13 27 -16 16 17 -19 19 -21 -22 -23 -24 -25 25 -27 -28 -29 -30 -31
leaf_value=0.0055945922286490569 -0.0033998775860088039 -0.0048609570826717366 -0.013997727230877314 -0.018948833947635319 0.019060593504354212 0.0019335908766640022 -0.022280096282554885 0.0043277028378383821 -0.029377198862155007 0.0072332499649514579 0.005239829505109728 -0.099462079998519137 -0.031395730678728549 0.002791348224486837 -0.0016059590174030338 -0.019516999444890978 -0.024235836160678585 0.0031811579430456958 0.041322696457532587 -0.063024865708526154 0.00094576791660662624 0.024012767350027192 -0.04497511126992227 0.035397483359864694 0.040592642300409681 -0.0090773914771917052 0.0060299630710365336 0.008289741114085784 0.0055606766843783236 -0.001961098816774537
leaf_weight=2568.3038055896759 17909.675060331821 131.4083299189806 671.83638033270836 526.45104430615902 954.00736197829247 2694.7988439053297 1555.097321793437 349.17322190105915 710.26426103711128 1758.843368023634 3694.6872516572475 6.0939699113368979 384.74961338937283 7654.2009693086147 7076.7301548421383 101.60814842581749 1568.0540679991245 669.06128503382206 309.00051717460155 51.213573008775711 44702.490612089634 439.85819046199322 196.61210182309151 330.99587434530258 63.747925221920013 380.75095164775848 215.42899711430073 5043.4427120983601 3918.7704228758812 4158.9102330803871
leaf_count=10685 73942 541 2780 2126 4272 11058 6258 1448 2890 7259 15390 25 1551 32108 28922 428 6395 2726 1377 213 186110 1865 791 1488 265 1532 868 21199 17114 17249
internal_value=0.000130388 -0.000135313 -0.00198238 0.00275574 0.00414408 -0.00153099 -0.00878103 -0.00465261 -0.018501 0.00136265 0.00807756 0.000162363 0.00247979 0.00197045 -0.00313893 -0.000559965 -0.00989778 -0.0160565 -0.00014785 0.0258575 -0.000297582 0.0155459 -0.0304454 0.0329159 -0.0152331 -0.00122633 -0.0188325 0.00497181 0.00262803 0.000922797
internal_weight=110796 100150 13903.1 8197.96 7869.94 3221.25 5705.14 3490.12 1059.44 2430.68 4648.69 86247.2 20496.2 20159.1 7461.48 65751 2778.58 2237.12 62972.4 360.214 62612.2 541.466 328.02 337.09 2215.03 444.499 1770.53 12697.6 10646 6727.21
internal_count=460875 415827 57478 34178 32846 13184 23300 14377 4338 10039 19662 358349 85293 83780 30473 273056 11414 9121 261642 1590 260052 2293 1332 1513 8923 1797 7126 53307 45048 27934
cat_boundaries=0 1 2 3 4 5 6 7 8 9 10 11 12
cat_threshold=2 710 64 6 256 202 16 6 258 800 68 8
is_linear=0
shrinkage=0.05


Tree=60
num_leaves=31
num_cat=10
split_feature=2 0 1 2 1 2 2 2 1 1 1 3 1 5 5 5 5 10 5 10 5 1 1 5 5 10 3 10 2 0
split_gain=28.2465 21.3804 65.2507 115.291 69.5219 63.664 44.1318 42.6689 55.9437 28.4018 42.0018 22.5826 19.3824 17.1822 27.5162 17.5023 16.2436 78.1215 32.7053 56.7385 32.422 15.7272 35.938 15.5111 39.6641 23.2739 13.2793 11.1994 11.0619 10.539
threshold=0 1 21.500000000000004 2 9.5000000000000018 3 4 5 53.000000000000007 40.000000000000007 30.000000000000004 6 9.5000000000000018 969.00000000000011 850.75000000000011 1197.0000000000002 2323.7500000000005 2.5000000000000004 2055.2500000000005 1.5000000000000002 1916.7500000000002 21.500000000000004 30.000000000000004 1171.2500000000002 1206.2500000000002 1.5000000000000002 7 3.5000000000000004 8 9
decision_type=1 1 2 1 2 1 1 1 2 2 2 9 2 2 2 2 2 2 2 2 2 2 2 2 2 2 9 2 1 1
left_child=21 6 3 12 28 -6 11 8 26 10 -9 23 -3 14 -13 -15 18 -18 20 -20 -8 -1 -23 25 -25 -2 -4 -19 -5 -24
right_child=1 2 7 4 5 -7 16 9 -10 -11 -12 13 -14 15 -16 -17 17 27 19 -21 -22 22 29 24 -26 -27 -28 -29 -30 -31
leaf_value=0.0059308890440459656 -0.002706488275514474 -0.0031105161883801242 0.002438843052091846 0.02132781024850413 0.0085465350655546286 -0.0072320816001095467 -3.8054716831285009e-05 0.0016079754842515512 0.022638151912603113 0.004902916985459047 -0.0058335358175983501 -0.0014465825405897417 -0.028007872650367967 -0.0077526564739248127 0.0069326824111789745 -0.001731380720752054 -0.054729391450075798 0.023329801695305422 0.002028906830818892 -0.021423208002865929 0.0081949044395128508 -0.0018123270231657261 0.0033887569796149661 0.021243601344128702 -0.0040172977914889512 -0.010678376614949858 0.0065123558650724729 -0.0024278740514909703 0.0076832435454595414 0.0094332970192110826
leaf_weight=2559.1772499233484 1592.5320445895195 92.247543558478355 5076.4517659544945 272.29012134671211 809.50380593538284 2916.6152981966734 55790.577640250325 5046.9244557917118 426.20404441654682 2508.5280191004276 3036.7282784879208 4522.1996200978756 530.50769963860512 1698.3816494494677 1250.5353993624449 4181.278674826026 40.221547484397888 262.49235814809799 556.72347544133663 479.80347619950771 1221.8989558070898 4143.05239354074 2940.6875568330288 170.52094472944736 1737.9951651990414 2160.333692997694 3349.1310802251101 49.849650755524635 408.22312100231647 957.77212165296078
leaf_count=10659 6528 380 21480 1134 3343 12011 231490 20835 1980 10895 12633 18898 2175 6997 5227 17189 170 1209 2249 1947 4987 17180 12824 698 7089 8768 13877 202 1683 4217
internal_value=6.09395e-05 -0.000198806 0.00108583 -0.00399008 -0.0011116 -0.00379915 -0.000614131 0.00239904 0.0049586 0.000254628 -0.00118694 -0.00283032 -0.0239446 -0.00156775 0.000367822 -0.00347162 4.32776e-05 0.0107416 -2.16242e-05 -0.00882316 0.000138322 0.0025141 0.00142916 -0.00542067 -0.00175669 -0.00729699 0.00406932 0.0192034 0.0135787 0.00487526
internal_weight=110789 100189 24473.4 5029.39 4406.63 3726.12 75715.3 19444 8851.79 10592.2 8083.65 17313.8 622.755 11652.4 5772.74 5879.66 58401.6 352.564 58049 1036.53 57012.5 10600.7 8041.51 5661.38 1908.52 3752.87 8425.58 312.342 680.513 3898.46
internal_count=460954 416074 102426 20726 18171 15354 313648 81700 37337 44363 33468 71394 2555 48311 24125 24186 242254 1581 240673 4196 236477 44880 34221 23083 7787 15296 35357 1411 2817 17041
cat_boundaries=0 1 2 3 4 5 6 7 8 9 10
cat_threshold=2 1 32 528 576 612 48 6 524 1
is_linear=0
shrinkage=0.05


Tree=61
num_leaves=31
num_cat=3
split_feature=6 6 5 6 6 6 5 5 5 5 5 5 5 5 5 6 6 5 5 3 5 3 5 6 5 5 6 5 3 5
split_gain=27.0699 161.457 111.603 62.0101 143.566 78.1108 128.861 172.792 218.096 129.418 99.214 76.2255 92.8153 169.32 159.182 58.8552 426.262 147.841 116.59 101.351 67.2686 47.5357 111.894 148.129 101.364 137.258 96.8859 58.1736 46.6646 123.636
threshold=17.635677999942832 17.797066475161422 2212.7500000000005 16.549306644783126 16.550770160580075 16.300646139023097 1617.0000000000002 1243.2500000000002 754.75000000000011 2401.7500000000005 1298.0000000000002 2323.7500000000005 1722.0000000000002 1632.7500000000002 1738.2500000000002 16.943884265563344 16.995599834270305 875.25000000000011 1807.0000000000002 0 881.25000000000011 1 1645.5000000000002 17.825992953947459 1589.2500000000002 1567.2500000000002 18.595614151068641 1761.2500000000002 2 560.75000000000011
decision_type=2 2 2 2 2 2 2 2 2 2 2 2 2 2 2 2 2 2 2 9 2 9 2 2 2 2 2 2 9 2
left_child=3 28 21 5 -5 11 7 8 -7 -8 -9 12 13 -1 -14 17 -17 19 -18 -6 -19 22 23 -3 25 -23 -26 -24 -2 -30
right_child=1 2 -4 4 15 6 9 10 -10 -11 -12 -13 14 -15 -16 16 18 20 -20 -21 -22 24 27 -25 26 -27 -28 -29 29 -31
leaf_value=0.00010224159104645177 -0.039285594371519655 0.032992227564649125 -0.058529322782913853 0.033072248649409886 -0.021886522811415288 0.001917201825511747 -0.034477333544032616 0.044484639736329601 -0.025891436194919661 0.013864937402974425 0.0062519372195533954 -0.054064455860268715 0.044821438789417994 -0.014589179704073269 0.0045666595183223033 -0.035724289928335262 0.003288429217589347 0.046331745503950368 -0.019629874255637399 0.001407741958068303 0.010312573251714962 0.0034130950703276323 0.029733117216852345 -0.0080681627207955676 -0.0025084812526598105 0.042391110689971062 -0.037774838387909036 -0.0074189664367181095 0.010776093691962208 -0.020829751646425275
leaf_weight=60317.901981264353 184.71232682466507 231.32651571929455 80.852696299552917 381.27913053333759 536.210339859128 1680.1744466423988 657.27335312962532 197.99865530431271 1214.3733754307032 175.15553079545498 1187.2960962802172 64.768508329987526 258.25747764110565 2026.9862898737192 4984.4661414772272 782.11116626858711 12516.725681364536 133.42007818818092 580.52544564008713 3209.3959790617228 4559.2328713387251 7173.4111468195915 357.69897988438606 4303.8948125392199 672.59705272316933 233.13647711277008 274.23532800376415 149.02348345518112 412.15712735056877 1238.524683535099
leaf_count=251570 745 974 326 1724 2181 7029 2670 806 4991 810 4906 276 1046 8245 20431 3208 52011 571 2362 13330 19311 30341 1464 17467 2719 977 1109 601 1728 5025
internal_value=5.81651e-05 -0.00189342 1.08223e-06 0.000371238 0.00265286 -0.000340447 -0.00629976 -0.00279727 -0.00974835 -0.0242989 0.0117229 0.000109814 0.000161882 -0.000375355 0.00655139 0.0021328 0.000130347 0.00542582 0.00227207 -0.00198083 0.0113387 0.000355173 -0.00347442 -0.00597203 0.00266822 0.00464124 -0.012731 0.0187978 -0.0158056 -0.012857
internal_weight=110775 15311.6 13476.2 95463.6 22698.9 72764.7 5112.27 4279.84 2894.55 832.429 1385.29 67652.4 67587.6 62344.9 5242.72 22317.6 13879.4 8438.26 13097.3 3745.61 4692.65 13395.3 5041.94 4535.22 8353.38 7406.55 946.832 506.722 1835.39 1650.68
internal_count=460954 63476 55978 397478 94698 302780 21212 17732 12020 3480 5712 281568 281292 259815 21477 92974 57581 35393 54373 15511 19882 55652 20506 18441 35146 31318 3828 2065 7498 6753
cat_boundaries=0 1 2 3
cat_threshold=16 48 40
is_linear=0
shrinkage=0.05


Tree=62
num_leaves=31
num_cat=18
split_feature=2 0 1 2 1 2 2 2 1 1 3 1 1 2 1 4 1 2 2 1 1 1 3 2 3 4 4 1 3 4
split_gain=25.5111 19.3329 58.5287 103.487 63.2431 57.4285 40.2554 39.7156 33.8117 18.4453 18.163 17.3807 16.4291 28.945 31.3634 16.3726 15.2135 82.5723 28.2475 15.1468 16.2807 23.7254 15.7216 13.3061 19.8808 23.8025 23.4817 14.4009 14.4847 12.2558
threshold=0 1 21.500000000000004 2 9.5000000000000018 3 4 5 40.000000000000007 30.000000000000004 6 9.5000000000000018 30.000000000000004 7 21.500000000000004 8 53.000000000000007 9 10 9.5000000000000018 30.000000000000004 21.500000000000004 11 12 13 14 15 9.5000000000000018 16 17
decision_type=1 1 2 1 2 1 1 1 2 2 9 2 2 1 2 1 2 1 1 2 2 2 9 1 9 1 1 2 9 1
left_child=19 6 3 11 -5 -6 12 8 9 -4 15 -3 13 14 -2 -9 18 -18 -14 22 21 -21 -1 27 25 -25 -26 28 -8 -15
right_child=1 2 7 4 5 -7 23 10 -10 -11 -12 -13 16 29 -16 -17 17 -19 -20 20 -22 -23 -24 24 26 -27 -28 -29 -30 -31
leaf_value=-0.0008794417191430548 -0.009293386481605246 -0.0029258517866975575 -0.00037347595405204132 0.012983465335971629 0.0081301209880722727 -0.0068632572343349163 -0.00092367238584709045 0.0051767665131340467 0.0052911810505031137 -0.0065714090199243168 0.0049417498065579797 -0.026499241400856577 0.004766525809266362 0.0023050420255074518 -0.00080776847148681221 -0.0023822392217776253 -0.02192695350330235 0.0042583531703590041 4.1703788710846318e-05 0.0046341568897298397 0.0046251856130410792 -0.0017251942200585306 0.023001173206510385 0.00016288047673274336 0.0019187353648024014 -0.0071111459614037536 -0.0029731265968133921 -0.00067073546507672192 -0.015790642794152085 -0.00057388123839542302
leaf_weight=120.18848010897636 1604.9872059971094 92.269666999578476 2890.9233977496624 678.98022855818272 808.3006307631731 2918.621655985713 352.40949302911758 1146.5759269148111 1662.8906447291374 2054.9882495552301 9801.5423146039248 531.77838963270187 6740.8222394734621 7411.6938750594854 3390.9596533179283 1871.6760443300009 400.19648095965385 1123.2507014274597 5967.4104631394148 2269.8762187212706 3892.2216031402349 4143.2411144524813 166.1273000985384 1553.9082809984684 3500.011411473155 4109.4122774302959 8150.4833513945341 23721.153822317719 310.18744869530201 7358.509910941124
leaf_count=497 6582 380 11918 2817 3343 12011 1459 4769 7244 8534 41543 2175 28286 30654 13925 7692 1681 4828 24968 9457 17041 17180 705 6384 14675 16699 33636 98252 1273 30346
internal_value=5.52133e-05 -0.000191619 0.00103038 -0.00377624 -0.00104621 -0.0036066 -0.000586559 0.00227505 -0.000874068 -0.00294976 0.0038965 -0.0226597 0.00069029 -0.00024193 -0.00352791 0.000495319 0.00198586 -0.00273398 0.00255208 0.00238762 0.00207406 0.000524909 0.0137348 -0.00162752 -0.00268774 -0.00511767 -0.00150271 -0.000873707 -0.00814457 0.000871013
internal_weight=110746 100154 24458.5 5029.95 4405.9 3726.92 75695.4 19428.6 6608.8 4945.91 12819.8 624.048 33997.8 19766.2 4995.95 3018.25 14231.7 1523.45 12708.2 10591.7 10305.3 6413.12 286.316 41697.6 17313.8 5663.32 11650.5 24383.8 662.597 14770.2
internal_count=460954 416074 102426 20726 18171 15354 313648 81700 27696 20452 54004 2555 141270 81507 20507 12461 59763 6509 53254 44880 43678 26637 1202 172378 71394 23083 48311 100984 2732 61000
cat_boundaries=0 1 2 3 4 5 6 7 8 9 10 11 12 13 14 15 16 17 18
cat_threshold=2 1 32 528 169 152 4 128 23 32 160 36 276 48 584 49 26 122
is_linear=0
shrinkage=0.05


Tree=63
num_leaves=31
num_cat=1
split_feature=6 6 5 6 3 5 6 5 5 5 6 5 5 6 6 5 6 6 6 5 5 5 6 5 5 5 5 6 5 6
split_gain=25.1892 52.2747 89.4048 46.3752 125.187 124.697 71.089 125.084 94.7621 67.1011 66.0518 49.9538 38.3868 247.996 127.184 71.5248 57.7671 222.492 161.07 29.8701 63.621 31.0446 26.8354 41.9742 29.9158 24.8037 22.738 19.7432 91.3626 26.6593
threshold=8.6048812713834035 4.3166874728528244 1062.7500000000002 10.864748560791512 0 309.25000000000006 11.440079884931739 1579.7500000000002 1827.0000000000002 1713.7500000000002 10.694849517662156 805.75000000000011 326.25000000000006 12.894455416860996 17.51328213851788 309.25000000000006 14.621395172094443 14.36842930928035 14.658845313905625 718.25000000000011 336.25000000000006 857.25000000000011 11.335083336554581 1188.7500000000002 1391.2500000000002 1469.2500000000002 620.25000000000011 9.2198065698828842 1452.0000000000002 9.6493562220546902
decision_type=2 2 2 2 9 2 2 2 2 2 2 2 2 2 2 2 2 2 2 2 2 2 2 2 2 2 2 2 2 2
left_child=1 2 26 4 5 -2 7 22 -9 11 27 -7 13 15 -15 -8 17 -14 -18 20 -3 -21 24 -24 -5 -12 -1 28 -6 -29
right_child=3 19 -4 6 10 9 12 8 -10 -11 25 -13 16 14 -16 -17 18 -19 -20 21 -22 -23 23 -25 -26 -27 -28 29 -30 -31
leaf_value=-0.07643491247561926 -0.051423018686027583 0.015827365801925217 -0.030813679984937739 -0.010168782774670457 0.0071606056677063559 0.0047771914435544354 0.01559312275682611 0.031745189244626409 -0.015590701845594948 -0.039428447008425092 0.00097171139384720571 0.018927292828242834 -0.00054501307442055924 0.0035378938128061486 -0.018284117317336274 0.047949543492853838 0.026196100344356588 -0.015707543656834657 0.00038640869873647908 0.018760802275312977 -0.032155358633573161 -0.007954250026866649 -0.048979004550994444 -0.010496413563195629 -0.033238405291524192 0.024695691014376277 0.018816935711379431 -0.039973314281402564 -0.058750353836853966 -0.011690729128514252
leaf_weight=6.2331113517284384 76.776000142097473 89.053354233503342 119.214306011796 977.66380229592323 390.46343316137791 937.16206501424313 331.64648234844208 272.94986808300018 172.3002121001482 59.405381992459297 245.42276246845722 1871.627452224493 22393.918530166149 4597.1978621184826 781.04755641520023 353.6745041012764 609.68144923448563 2712.4981847256422 69797.081297397614 118.10465760529041 305.33505794405937 1347.0830855816603 149.18192546069622 135.76625087857246 164.40638415515423 200.51984106004238 472.68125057220459 92.065963849425316 60.650240018963814 890.83589459955692
leaf_count=25 313 369 479 4016 1598 3995 1467 1154 694 249 995 8064 92967 19190 3240 1586 2508 11216 289982 481 1253 5698 626 570 668 805 2476 374 256 3640
internal_value=5.25036e-05 -0.00495272 0.00789951 0.000166168 0.00495759 0.0113702 -5.7264e-05 -0.00971134 0.0134168 0.0130942 -0.00511851 0.0142082 0.000120641 0.00397836 0.000367615 0.0323032 -0.000124215 -0.00218343 0.000610013 -0.0090895 -0.0213069 -0.00579628 -0.0169316 -0.0306713 -0.0134968 0.0116536 0.0175511 -0.0103738 -0.00170081 -0.0143488
internal_weight=110732 2457.7 598.129 108274 4824.93 2944.97 103449 1872.27 445.25 2868.19 1879.96 2808.79 101577 6063.57 5378.25 685.321 95513.2 25106.4 70406.8 1859.58 394.388 1465.19 1427.02 284.948 1142.07 445.943 478.914 1434.02 451.114 982.902
internal_count=460954 10781 2980 450173 20289 12621 429884 7728 1848 12308 7668 12059 422156 25483 22430 3053 396673 104183 292490 7801 1622 6179 5880 1196 4684 1800 2501 5868 1854 4014
cat_boundaries=0 1
cat_threshold=18
is_linear=0
shrinkage=0.05


Tree=64
num_leaves=31
num_cat=7
split_feature=6 4 6 5 6 4 4 5 5 3 6 6 6 5 6 6 6 4 5 5 6 6 4 6 4 6 5 5 5 5
split_gain=23.7449 157.559 148.039 107.493 65.4807 85.221 61.213 58.5167 172.93 132.691 118.803 116.554 114.482 80.4591 57.5913 55.1245 131.043 140.58 110.482 204.785 109.208 286.865 168.79 104.342 92.8403 258.387 110.605 101.183 257.379 153.899
threshold=17.635677999942832 0 17.713826142796862 1722.0000000000002 18.290467868337227 1 2 556.50000000000011 894.25000000000011 3 17.872925874660819 19.651028396125692 18.242591109674979 352.75000000000006 19.489348701218098 16.549306644783126 16.550770160580075 4 1127.2500000000002 1256.2500000000002 17.18427796434214 16.943884265563344 5 16.793070616012738 6 16.515277534847453 136.25000000000003 1368.7500000000002 1462.7500000000002 680.25000000000011
decision_type=2 1 2 2 2 1 1 2 2 9 2 2 2 2 2 2 2 1 2 2 2 2 1 2 1 2 2 2 2 2
left_child=15 2 6 4 5 -4 -2 9 -9 13 -10 -11 -12 -3 -6 24 -17 18 23 -20 21 -19 -22 -18 25 -1 -26 29 -29 -28
right_child=1 7 3 -5 14 -7 -8 8 10 11 12 -13 -14 -15 -16 16 17 20 19 -21 22 -23 -24 -25 26 -27 27 28 -30 -31
leaf_value=-0.002075349172399947 -0.001806180603493049 -0.037064693331071409 -0.020071240210356927 -0.018675408028555916 0.010791489871604746 0.0029243978543087054 -0.045062615005971265 -0.024494026407710746 -0.034351550168937928 -0.034917041029409193 0.01344287353780051 0.015613626090920783 -0.0075646789839604895 0.018116812146994312 -0.0053043353194884152 0.031734250883539039 -0.010088711585608673 0.0021526674342024986 0.032316661408579701 0.0064623829058834906 0.0087400602651828661 -0.020692623504943459 -0.01581482559082931 0.0046883305105491534 0.039712938190989394 -0.048302588465084541 -0.002380119596148346 -0.021483531133823331 2.3195305209282537e-05 0.0047012449711220615
leaf_weight=27818.302672058344 141.92246295511723 71.999223247170448 461.7281574010849 503.30098931491375 4329.280077829957 2747.7115440368652 213.97581395506859 1512.041966304183 296.82517077028751 356.36876267194748 928.10602974891663 167.62689644098282 2151.9349216222763 782.91578237712383 637.077033624053 376.77227030694485 1514.6771281063557 3465.3659593462944 936.35615789890289 4210.8312488943338 3371.761025249958 2276.5461987555027 873.00291247665882 5650.1161165386438 184.51133652031422 305.51772536337376 11716.610255882144 1650.8946090638638 8834.8963906168938 22225.179502233863
leaf_count=115272 583 293 1867 2030 18525 11320 863 6153 1199 1433 3806 677 8770 3332 2625 1724 6327 14246 3892 17893 14047 9316 3552 23701 903 1245 49396 6771 36401 92792
internal_value=5.00778e-05 -0.00177825 0.00244798 0.00374737 0.00512854 -0.000436274 -0.0291491 -0.00786241 -0.0104408 0.00121856 -0.00414619 -0.0183919 -0.00123264 0.0133043 0.00872567 0.000343373 0.00249587 0.00200148 0.00557444 0.0111672 -0.0024061 -0.00690434 0.00367186 0.00156359 -0.000327603 -0.00257696 0.00109063 0.000930277 -0.00336254 0.00225663
internal_weight=110714 15302.8 9035 8679.1 8175.8 3209.44 355.898 6267.82 4888.91 1378.91 3376.87 523.996 3080.04 854.915 4966.36 95411.3 22675.4 22298.7 12312 5147.19 9986.68 5741.91 4244.76 7164.79 72735.9 28123.8 44612.1 44427.6 10485.8 33941.8
internal_count=460954 63476 37813 36367 34337 13187 1446 25663 19928 5735 13775 2110 12576 3625 21150 397478 94698 92974 51813 21785 41161 23562 17599 30028 302780 116517 186263 185360 43172 142188
cat_boundaries=0 1 2 3 4 5 6 7
cat_threshold=710 64 68 18 805 82 804
is_linear=0
shrinkage=0.05


Tree=65
num_leaves=31
num_cat=17
split_feature=1 2 2 0 1 2 3 1 5 5 2 5 0 2 2 1 2 5 2 0 1 1 2 2 3 5 2 1 0 6
split_gain=25.7555 68.3275 24.0043 47.2203 36.8862 112.18 29.643 27.6523 34.9219 32.254 23.9784 21.4722 21.2687 31.7501 20.1025 18.7165 19.6417 18.6262 18.1447 18.9147 41.1166 19.5063 43.9029 19.3436 16.5728 23.9405 16.4484 15.7864 15.7039 15.329
threshold=47.500000000000007 0 1 2 40.000000000000007 3 4 30.000000000000004 1904.5000000000002 1886.7500000000002 5 309.25000000000006 6 7 8 9.5000000000000018 9 320.50000000000006 10 11 53.000000000000007 53.000000000000007 12 13 14 1786.0000000000002 15 53.000000000000007 16 17.422372489205635
decision_type=2 1 1 1 2 1 9 2 2 2 1 2 1 1 1 2 1 2 1 1 2 2 1 1 9 2 1 2 1 2
left_child=2 12 7 4 -4 -6 -5 15 9 10 -9 -8 -2 -14 -7 16 -1 -13 19 21 26 23 -23 -3 25 -20 -21 -15 -18 -10
right_child=1 18 3 6 5 14 11 8 29 -11 -12 17 13 27 -16 -17 28 -19 24 20 -22 22 -24 -25 -26 -27 -28 -29 -30 -31
leaf_value=0.011968449010521692 -0.0064471729767073315 0.0095725882992507925 -0.0013957503958370704 0.00086309021738267301 0.011707809716311406 -0.0061999266079393245 0.0024813134399346943 0.0035188288718333372 0.016053706767741916 -0.043011992956774214 -0.00059381414835159014 0.042446787322836105 0.017777596260529386 -0.012510728241360874 -0.014281137125039292 -0.00054364069456896362 -0.0039761909103557423 0.013103911091906366 0.0010119547483655761 0.013447312412667814 0.020906699528754461 0.0028193408906478229 -0.018827332233800072 -0.0016215735906524318 0.0078381899403545535 0.03558663748375232 -0.0043422261490348567 0.010421458601710572 0.012649644125228413 -0.0079414020560615219
leaf_weight=613.79044336080551 2440.7864562869072 597.93561907112598 33334.579896226525 10848.29291190207 686.54988214373589 1530.9338218867779 565.78925536572933 8839.1260897517204 599.17261482775211 40.025327250361443 5910.4231348782778 60.653942510485649 238.61085273325443 248.15268424153328 1674.3851082772017 32144.019701883197 590.43913213908672 511.22178192436695 1743.1363043487072 161.73011617362499 357.85987994074821 543.89350327849388 400.70971193909645 1052.1866397708654 3926.5073714405298 51.46620337665081 522.86118064820766 107.25776948034763 186.90634576976299 74.5206678211689
leaf_count=2557 10192 2551 137549 45078 2871 6397 2364 37477 2516 162 24598 255 1096 1064 6884 132815 2438 2127 7368 722 1675 2305 1679 4404 17371 225 2309 498 777 302
internal_value=-3.64483e-06 0.00214418 -0.000274728 -0.00105462 -0.00193374 -0.00654024 0.00167445 0.000508583 0.00225794 0.00175037 0.00187247 0.00931661 -0.00436707 0.00409762 -0.0104545 -0.000297758 0.00537973 0.0162317 0.00425639 0.00148207 0.00717488 -0.000797609 -0.00652856 0.00248021 0.00601357 0.00199708 0 -0.00542255 1.58327e-05 0.0133913
internal_weight=110604 12393.1 98210.8 49212.4 37226.4 3891.87 11986 48998.4 15463.3 14789.6 14749.5 1137.66 3034.81 594.021 3205.32 33535.2 1391.14 571.876 9358.29 3637.18 1042.45 2594.73 944.603 1650.12 5721.11 1794.6 684.591 355.41 777.345 673.693
internal_count=460626 53459 407167 203525 153701 16152 49824 203642 65055 62237 62075 4746 12850 2658 13281 138587 5772 2382 40609 15645 4706 10939 3984 6955 24964 7593 3031 1562 3215 2818
cat_boundaries=0 1 2 3 4 5 6 7 8 9 10 11 12 13 14 15 16 17
cat_threshold=132 174 1 16 22 162 1 4 65 10 608 1 576 32 56 32 1
is_linear=0
shrinkage=0.05


Tree=66
num_leaves=31
num_cat=9
split_feature=3 4 4 5 5 5 10 5 5 3 5 4 5 10 10 5 5 5 4 4 10 5 5 5 4 5 5 5 5 4
split_gain=24.3479 46.1788 45.2823 74.6831 134.859 215.596 177.357 115.627 108.312 74.8607 93.5619 84.3415 65.4989 70.5357 56.2533 50.5517 134.076 132.328 67.4026 57.2427 84.0408 47.4215 44.6207 44.3159 199.888 69.9753 42.6926 61.6669 50.0744 146.8
threshold=0 1 2 1373.2500000000002 1171.2500000000002 1131.2500000000002 2.5000000000000004 781.25000000000011 1298.0000000000002 3 1579.7500000000002 4 1904.5000000000002 3.5000000000000004 1.5000000000000002 1904.5000000000002 1886.7500000000002 1928.5000000000002 5 6 3.5000000000000004 2323.7500000000005 1180.2500000000002 537.25000000000011 7 637.25000000000011 225.25000000000003 195.00000000000003 408.50000000000006 8
decision_type=9 1 1 2 2 2 2 2 2 9 2 1 2 2 2 2 2 2 1 1 2 2 2 2 1 2 2 2 2 1
left_child=2 26 3 4 5 7 8 -1 -6 10 11 -5 13 -11 -14 16 23 18 -17 20 -19 -21 -8 24 -4 -25 27 -2 29 -28
right_child=1 -3 15 9 6 -7 22 -9 -10 12 -12 -13 14 -15 -16 17 -18 19 -20 21 -22 -23 -24 25 -26 -27 28 -29 -30 -31
leaf_value=-0.0029568915391307727 0.00016368777129890645 0.0019775059794782364 0.010177835342819255 0.0083761923047534267 0.0071969525512890547 -0.029817248103707464 0.044492919957394975 0.0070174097045116388 -0.025170845335940731 -0.016163481133238133 0.015299556220352208 -0.019430235681724958 0.0086138106759627592 0.0036409450573387236 -0.014074531561237925 0.029029557391070354 -0.034379154343758503 0.010553165550917143 -0.024229620830034982 -0.0076372741352499487 -0.01475571845462461 -0.056479415265693778 0.020008620061449173 -0.0099277243671254747 -0.011669491837033148 -0.0016604241218710972 0.023476325683307438 -0.044415115829170217 -0.0027183991339368428 -0.0036531636876328318
leaf_weight=5565.7491529136896 172.12308023869991 30401.27370595932 3125.278889477253 525.2712232619524 1006.1962115317583 548.77523674070835 212.16424807906151 6078.0842491686344 347.66558247804642 2093.9643017500639 1002.5028966069221 549.15826134383678 907.2953762114048 571.98418278992176 390.72189903259277 609.91006679832935 316.0109545737505 1431.4493619650602 60.49661748111248 921.24753133952618 425.28347057104111 52.482948824763298 1539.9386762678623 2759.7783116847277 1562.3710857927799 35319.266053661704 746.82413783669472 140.79924188554287 9750.1992298364639 1457.9000372737646
leaf_count=23141 693 129533 13118 2160 4145 2246 885 25185 1415 8441 4181 2229 3684 2340 1574 2557 1274 6085 245 3718 1734 226 6515 11566 6397 144211 3227 568 41127 6206
internal_value=-3.19224e-06 0.000932668 -0.000591222 0.00131571 0.00317521 0.000805362 0.0124762 0.00224928 -0.0011125 -0.00339045 0.00429185 -0.00593483 -0.00740902 -0.0119126 0.00177988 -0.00146497 -0.00193489 0.00431229 0.0242848 -0.000417196 0.00472755 -0.010176 0.0229787 -0.00169496 0.00289188 -0.00225975 -0.00165566 -0.0198863 -0.00117927 0.00562492
internal_weight=110592 42669.1 67923 21339.5 15298.6 12192.6 3105.96 11643.8 1353.86 6040.9 2076.93 1074.43 3963.97 2665.95 1298.02 46583.6 43082.7 3500.87 670.407 2830.46 1856.73 973.73 1752.1 42766.7 4687.65 38079 12267.8 312.922 11954.9 2204.72
internal_count=460626 181354 279272 88141 63532 50572 12960 48326 5560 24609 8570 4389 16039 10781 5258 191131 176566 14565 2802 11763 7819 3944 7400 175292 19515 155777 51821 1261 50560 9433
cat_boundaries=0 1 2 3 4 5 6 7 8 9
cat_threshold=28 648 522 16 520 208 53 228 128
is_linear=0
shrinkage=0.05


Tree=67
num_leaves=31
num_cat=4
split_feature=6 6 5 6 6 3 3 5 6 6 3 3 5 5 5 5 5 5 5 6 6 6 5 6 5 6 5 6 6 5
split_gain=25.0831 132.415 85.7777 57.3866 53.7823 104.571 52.1024 95.0728 54.2408 46.887 96.8244 68.4983 145.86 68.6112 46.7843 46.222 35.5118 46.0473 40.8101 34.6874 85.3507 336.835 121.788 138.465 98.6637 77.1362 112.398 55.545 45.4088 295.157
threshold=17.635677999942832 17.797066475161422 2212.7500000000005 17.766110644004659 17.597782500319173 0 1 747.25000000000011 17.746187587377403 17.825992953947459 2 3 1645.5000000000002 1589.2500000000002 881.25000000000011 1167.2500000000002 886.25000000000011 664.50000000000011 1261.0000000000002 16.59118431911434 16.943884265563344 16.995599834270305 1673.7500000000002 16.884442036925403 1807.0000000000002 16.576902047894297 303.75000000000006 16.742496947627398 16.549306644783126 1366.0000000000002
decision_type=2 2 2 2 2 9 9 2 2 2 9 9 2 2 2 2 2 2 2 2 2 2 2 2 2 2 2 2 2 2
left_child=4 3 9 6 19 -6 8 -8 -2 10 14 12 -11 -13 -3 -7 17 -5 -18 25 22 -22 23 -21 -23 28 -27 -24 -1 -30
right_child=1 2 -4 16 5 15 7 -9 -10 11 -12 13 -14 -15 -16 -17 18 -19 -20 20 21 24 27 -25 -26 26 -28 -29 29 -31
leaf_value=-0.00030788258957888999 -0.039063246505525125 0.050706374368643475 -0.052213931316981481 -0.025208163462611594 0.038906597537659009 -0.029479315716789398 0.012975675218373204 -0.016483573281715375 0.0047678482493873292 -0.0081081278760738781 -0.014533907113759764 0.0039795498783307091 0.020742025853457489 -0.011025909306291827 0.0089694329270441787 0.014650245276400556 0.0045227032871840182 -0.077221344102209155 -0.042809059500066443 0.00083673917500038926 -0.032096806969143292 0.0025712025203940749 0.031029199501682626 0.022080044779757189 -0.018581125474588414 0.033237050013432995 -0.03489868563728956 0.006990686596809033 -0.025945649373122315 0.035500209987715831
leaf_weight=72700.814374774694 261.24954929947853 171.21184161305428 78.551415577530861 94.805853679776192 245.80635985732079 118.86587719619274 454.97969388961792 687.38742519915104 96.405473366379738 4280.8627731353045 162.76572187244892 7256.268584266305 487.88207253813744 850.91828621923923 111.03693194687366 118.14470864832401 99.549178674817085 77.920661464333534 83.557239279150963 5638.4804199635983 788.19524320960045 11978.370311960578 654.19001998007298 887.87281301617622 577.74870191514492 74.219733670353889 324.95382818579674 380.87705452740192 320.3754585236311 500.63429896533489
leaf_count=302736 1056 738 318 387 1049 483 1909 2792 392 17388 657 30764 1997 3445 458 484 400 313 342 23483 3226 49863 2911 3741 2349 304 1313 1715 1306 2307
internal_value=-2.79422e-06 -0.00188522 -0.000151176 -0.0144019 0.000298458 0.0169423 -0.0101134 -0.00470494 -0.026496 0.000155843 0.0161105 -0.00039531 -0.00514431 0.0024009 0.03314 -0.00716165 -0.032458 -0.0487325 -0.0170606 0.000213644 0.00201188 -0.000392656 0.006256 0.00372783 0.00159738 -0.000294854 -0.0222123 0.02219 -0.000175759 0.0115164
internal_weight=110565 15255.4 13399.5 1855.86 95309.5 482.817 1500.02 1142.37 357.655 13320.9 445.014 12875.9 4768.74 8107.19 282.249 237.011 355.833 172.727 183.106 94826.7 20905.7 13344.3 7561.42 6526.35 12556.1 73921 399.174 1035.07 73521.8 821.01
internal_count=460626 63356 55765 7591 397270 2016 6149 4701 1448 55447 1853 53594 19385 34209 1196 967 1442 700 742 395254 87288 55438 31850 27224 52212 307966 1617 4626 306349 3613
cat_boundaries=0 1 2 3 4
cat_threshold=4 44 18 48
is_linear=0
shrinkage=0.05


Tree=68
num_leaves=31
num_cat=10
split_feature=6 4 6 6 9 6 4 9 3 6 4 6 9 6 9 4 9 4 6 3 9 6 9 4 9 4 6 4 9 6
split_gain=22.6635 157.191 133.469 63.433 69.4935 95.8212 66.4863 90.7474 49.79 79.1524 108.103 88.9306 94.7836 57.391 58.6704 70.6882 51.7701 50.6785 49.061 95.8354 47.9762 47.6852 47.1788 43.5192 41.6303 32.3313 31.3364 96.8614 165.996 245.078
threshold=17.635677999942832 0 17.713826142796862 18.290467868337227 1.0000000180025095e-35 19.013930035842261 1 2.5000000000000004 2 18.595614151068641 3 18.034358471296148 1.0000000180025095e-35 19.651028396125692 3.5000000000000004 4 1.0000000180025095e-35 5 17.597782500319173 6 1.5000000000000002 18.185943538673374 1.5000000000000002 7 2.5000000000000004 8 16.59118431911434 9 3.5000000000000004 17.416501043903832
decision_type=2 1 2 2 2 2 1 2 9 2 1 2 2 2 2 1 2 1 2 9 2 2 2 1 2 1 2 1 2 2
left_child=18 2 23 6 5 -5 22 -8 9 11 16 12 -3 14 17 -16 -11 -10 26 -20 -6 -13 -4 -2 -21 -15 -1 28 -28 -30
right_child=1 8 3 4 20 -7 7 -9 13 10 -12 21 -14 25 15 -17 -18 -19 19 24 -22 -23 -24 -25 -26 -27 27 -29 29 -31
leaf_value=-0.00028002780540114304 -0.0040207910079687881 0.010582080432535099 -0.032975310594745559 0.028040791685905425 -0.0080482878541642718 -0.0056809896457190399 0.0078351098979600724 -0.010622520183096881 -0.013487666200817412 -0.066696012593460946 -0.025719112662825772 0.020929976529003518 -0.027128086396868246 0.016697804585673156 0.043110080200367329 -0.0087502590964486284 0.011260132180421628 -0.03194716584450253 0.037401311286721729 -0.027923665439847048 0.0066428603559217847 0.0019302768568229753 -0.0040966312999661646 -0.040686175873264355 0.013946465441262277 -0.033311475096790881 0.0021267544655163488 -0.0012228702546382849 0.022795909568321369 -0.04321707246901714
leaf_weight=73918.684258103371 143.57541824877262 252.911242172122 259.90053229033947 758.75708012282848 662.94700157642365 291.2546634376049 1953.525654181838 1010.0906843543053 1062.5401488095522 22.506880581378937 778.98415465652943 425.85690331459045 487.23432449996471 206.6142553538084 67.413489282131195 421.41984820365906 364.41749481856823 620.33642630279064 243.38320325314999 119.20986530184746 3425.7421989142895 1473.1530014872551 311.17991842329502 217.43909357488155 117.91240419447422 28.827050104737282 7485.9245630502701 11304.324300289154 1949.0613325238228 151.39127278327942
leaf_count=307966 590 1091 1053 3567 2853 1200 8121 4094 4280 93 3175 1784 1988 835 288 1696 1518 2507 1049 483 14279 6091 1256 881 484 116 31298 46838 8542 610
internal_value=-2.34712e-06 -0.00179224 0.0024182 0.00366139 0.00720786 0.0186826 -0.00149307 0.00153717 -0.00790739 -0.00431746 -0.0151781 0.000462627 -0.0142359 -0.0135383 -0.0161374 -0.000878029 0.00652788 -0.0205666 0.000283989 0.0162189 0.00425945 0.00619451 -0.0169548 -0.0273614 -0.00679839 0.00983664 0.000203159 0.00191308 0.00560694 0.0180338
internal_weight=110537 15246.6 9034.41 8673.4 5138.7 1050.01 3534.7 2963.62 6212.22 3805.06 1165.91 2639.16 740.146 2407.15 2171.71 488.833 386.924 1682.88 95289.9 480.505 4088.69 1899.01 571.08 361.015 237.122 235.441 94809.4 20890.7 9586.38 2100.45
internal_count=460626 63356 37894 36423 21899 4767 14524 12215 25462 15740 4786 10954 3079 9722 8771 1984 1611 6787 397270 2016 17132 7875 2309 1471 967 951 395254 87288 40450 9152
cat_boundaries=0 1 2 3 4 5 6 7 8 9 10
cat_threshold=710 64 6 256 8 49 4 68 257 804
is_linear=0
shrinkage=0.05


Tree=69
num_leaves=31
num_cat=2
split_feature=3 6 6 6 6 5 6 5 5 6 6 6 6 6 6 5 6 5 5 5 5 6 5 1 5 0 6 5 6 5
split_gain=23.2241 50.7044 60.3226 67.5809 64.5329 153.683 50.0787 45.944 78.8764 55.6039 46.139 40.4753 42.6235 299.851 153.881 39.1121 34.8327 33.0995 127.884 93.3669 18.8248 16.754 21.895 15.9998 13.6092 10.4836 10.2345 8.59023 8.27507 7.06891
threshold=0 19.397756961337638 18.551611832918617 18.595614151068641 18.966818811793434 729.00000000000011 19.013930035842261 172.25000000000003 195.00000000000003 16.922832522369294 13.442551905502151 1.0000000180025095e-35 15.141100828930584 15.176457451306582 13.733175903714647 1056.7500000000002 1.0000000180025095e-35 525.75000000000011 462.25000000000006 597.25000000000011 378.50000000000006 19.87724619341623 982.25000000000011 30.000000000000004 1237.7500000000002 1 15.176457451306582 1381.0000000000002 19.651028396125692 352.75000000000006
decision_type=9 2 2 2 2 2 2 2 2 2 2 2 2 2 2 2 2 2 2 2 2 2 2 2 2 1 2 2 2 2
left_child=7 2 11 15 5 -5 -6 10 9 -9 -1 25 14 -14 -13 20 27 18 -18 -19 -4 23 -23 -3 -24 -2 -12 -10 29 -25
right_child=1 21 3 4 6 -7 -8 8 16 -11 26 12 13 -15 -16 -17 17 19 -20 -21 -22 22 24 28 -26 -27 -28 -29 -30 -31
leaf_value=0.049222865016124467 0.032771346996789928 -0.012553238451905072 0.015902755640787899 -0.038417902674744597 0.040482777878650747 0.010782662615470033 0.0067179471988178738 -0.047667165933203963 -0.027332575270687692 -0.00035881508931307171 -0.044243188033000445 0.002927425109350019 0.034733738589037187 0.0010397672616559162 -0.007395922609936662 0.0043832068542521757 -0.0015652860516218899 -0.0098333956078940354 0.010579618160117557 -0.0004730170830078603 0.043053519142553981 -0.052259389572085826 0.02202233587166471 -0.089428037123047838 -0.0058519316036363444 0.0011885416391793887 0.0072965615794645363 -0.093845826932137832 -0.014866156074278073 -0.038682972239821665
leaf_weight=91.948790684342384 124.08127984404564 239.40624842047691 87.582887411117554 235.58939947187901 166.71852742135525 485.70557925105095 322.89713583886623 151.34372802078724 87.07211646437645 105.66149339079857 10.319860145449637 8690.4603220373392 682.61455921828747 20130.286464706063 6174.0695488899946 140.56165140867233 7020.3660087585449 2790.4173064082861 3135.2760417610407 58843.404155045748 243.90187525749207 21.045083478093147 57.436015039682388 7.7190043926239005 182.99316988885403 33.757893368601799 125.21904480457306 5.1442601680755606 37.127488777041435 77.62975749373436
leaf_count=458 623 961 428 999 828 2107 1419 614 349 424 46 37563 2949 85564 26027 618 28855 11335 13237 241784 1140 85 250 31 752 169 518 21 153 319
internal_value=-2.36104e-06 0.000995857 0.00123124 0.0104826 0.00422105 -0.0052834 0.0182313 -0.00052862 -0.000599523 -0.0282446 0.0219005 0.000796595 0.000684645 0.00214525 -0.00136012 0.0265301 -0.000500572 -0.000461031 0.0021837 -0.000896896 0.0359019 -0.0131452 -0.00347664 -0.0201144 0.000792539 0.0260533 0.00330576 -0.0311948 -0.0348313 -0.0434302
internal_weight=110508 38141.6 37518.2 1682.96 1210.91 721.295 489.616 72366.2 72138.7 257.005 227.488 35835.3 35677.4 20812.9 14864.5 472.046 71881.7 71789.5 10155.6 61633.8 331.485 623.357 261.474 361.882 240.429 157.839 135.539 92.2164 122.476 85.3488
internal_count=460626 162985 160434 7539 5353 3106 2247 297641 296619 1038 1022 152895 152103 88513 63590 2186 295581 295211 42092 253119 1568 2551 1087 1464 1002 792 564 370 503 350
cat_boundaries=0 1 2
cat_threshold=52 1
is_linear=0
shrinkage=0.05


Tree=70
num_leaves=31
num_cat=2
split_feature=3 5 5 6 6 6 6 5 5 6 6 5 6 5 6 6 5 6 5 6 5 6 6 6 6 0 5 6 8 8
split_gain=24.3669 38.8527 92.3806 46.4581 45.0923 34.9445 34.8859 30.116 187.184 180.096 127.258 144.663 112.406 110.166 92.3009 103.249 62.1741 102.159 65.7207 57.0402 36.5164 30.0155 133.662 68.1046 8.79675 8.15036 7.23385 7.14141 6.70842 5.59947
threshold=0 172.25000000000003 195.00000000000003 13.442551905502151 16.922832522369294 1.0000000180025095e-35 1.0000000180025095e-35 537.25000000000011 469.25000000000006 13.677197808620329 18.531925647678253 499.75000000000006 14.855046527531892 597.25000000000011 18.575609909310138 13.051158180788427 623.50000000000011 15.959912029456776 629.75000000000011 12.923499558441728 579.25000000000011 14.285120766993787 13.733175903714647 14.320746004028047 15.176457451306582 1 499.75000000000006 16.497579859423432 3.5000000000000004 2.5000000000000004
decision_type=9 2 2 2 2 2 2 2 2 2 2 2 2 2 2 2 2 2 2 2 2 2 2 2 2 1 2 2 2 2
left_child=6 3 4 -2 27 25 -1 8 9 19 11 -10 -11 14 15 -9 17 -15 -18 -8 -16 22 -7 -23 -5 -4 -12 29 -6 -3
right_child=1 2 5 24 28 21 7 13 10 12 26 -13 -14 16 20 -17 18 -19 -20 -21 -22 23 -24 -25 -26 -27 -28 -29 -30 -31
leaf_value=-0.031347491499154161 0.049784986666100019 -0.04652027410330116 0.030424249063743726 -0.041543086947036283 -8.9011546998187473e-05 0.0015062208511642525 0.0036922392686551016 -0.037522193363629906 0.018123907673392781 -0.029683652480407066 0.024782109277634828 -0.0076085151883121122 -0.0053817978012076105 0.022319787889035537 -0.074106743620637128 -0.0044157507204892945 -0.020873382936463854 -0.028029231725972482 -0.00056124089108464299 0.029630153075388934 -0.028664635449188347 0.029648961454532576 -0.011411049295414947 0.0015143922372793945 0.006865194282058569 0.0024839653802175669 0.043808506435718333 -0.08713173221183354 -0.048393262195918663 -0.017314114996703722
leaf_weight=92.275791987776756 88.569920808076859 128.71663270890713 123.56678368151188 10.021982967853544 100.28657634556293 9395.7063169330359 452.0310183763504 269.04408098757267 1458.5419724881649 592.25006495416164 62.307797387242317 872.7129131257534 2423.6814842820168 608.75702615082264 67.530270844697952 1889.651188403368 400.90654636919498 120.55599473416805 57812.124775350094 399.8877242654562 130.16543962061405 216.58777576684952 2544.9222551882267 29727.048346802592 126.26129640638828 33.612523883581161 295.50699369609356 9.9117029011249524 7.660468563437461 19.650384321808815
leaf_count=370 451 519 629 44 402 40302 1889 1094 6126 2423 254 3578 10033 2923 272 7654 1663 492 237117 1804 527 948 10631 126177 523 168 1441 40 31 80
internal_value=-5.30268e-05 0.000885352 0.000775242 0.0216108 -0.0285792 0.000961314 -0.000640522 -0.000598739 0.00262175 -0.00442129 0.0127538 0.00848883 -0.0101565 -0.000943308 -0.0115445 -0.00854576 -0.000519393 0.0139875 -0.00070125 0.0158753 -0.044242 0.000872854 -0.00124651 0.00171816 0.00324084 0.0244864 0.0405172 -0.0455672 -0.00360482 -0.0427
internal_weight=110480 42532.5 42307.7 224.853 266.226 42041.4 67947.9 67855.7 6556.92 3867.85 2689.07 2331.25 3015.93 61298.7 2356.39 2158.7 58942.3 729.313 58213 851.919 197.696 41884.3 11940.6 29943.6 136.283 157.179 357.815 158.279 107.947 148.367
internal_count=460605 180945 179927 1018 1072 178855 279660 279290 27548 16149 11399 9704 12456 251742 9547 8748 242195 3415 238780 3693 799 178058 50933 127125 567 797 1695 639 433 599
cat_boundaries=0 1 2
cat_threshold=28 1
is_linear=0
shrinkage=0.05


Tree=71
num_leaves=31
num_cat=7
split_feature=3 4 5 5 5 4 5 4 10 10 5 5 5 10 5 5 3 10 5 5 5 5 5 5 4 3 5 5 5 5
split_gain=21.9952 36.6333 79.4119 100.606 148.384 159.61 111.148 79.0813 131.668 117.357 53.8468 119.912 146.809 138.811 113.706 84.6012 70.4342 84.8039 50.7099 46.6131 45.8122 58.2129 45.3963 39.4048 34.6126 171.852 213.644 300.842 132.577 96.0865
threshold=0 1 225.25000000000003 456.00000000000006 632.25000000000011 2 643.75000000000011 3 1.0000000180025095e-35 1.5000000000000002 975.25000000000011 489.25000000000006 474.25000000000006 1.5000000000000002 1441.7500000000002 713.75000000000011 4 1.0000000180025095e-35 963.25000000000011 210.75000000000003 1572.7500000000002 1547.2500000000002 320.50000000000006 1827.0000000000002 5 6 834.25000000000011 1351.7500000000002 743.25000000000011 643.75000000000011
decision_type=9 1 2 2 2 1 2 1 2 2 2 2 2 2 2 2 9 2 2 2 2 2 2 2 1 9 2 2 2 2
left_child=24 10 19 7 5 -5 -6 9 -9 -4 11 12 22 15 16 -13 17 -12 -15 -3 21 -16 -2 -22 25 29 28 -28 -27 -1
right_child=1 2 3 4 6 -7 -8 8 -10 -11 14 13 -14 18 20 -17 -18 -19 -20 -21 23 -23 -24 -25 -26 26 27 -29 -30 -31
leaf_value=0.01975494830330593 0.0046370961064522258 -0.01025183622648179 0.022324119031105569 0.0038108066197301001 0.034638809152437715 -0.021148316918973765 -0.00045619690363417884 -0.037707606464096897 0.0029759167490913331 0.002148066042642663 0.0050684327976526456 0.0058215744158512522 -0.050185471741870893 0.01063695072882981 0.0087425532422132461 -0.011568995860756149 0.026770953798964471 -0.0092403700452229967 0.031420346809823078 -0.042648350303758797 -0.036655320139348115 0.034525623085423882 -0.0042772538682529218 0.0091845972870018226 -0.0011813289229296207 -0.011965641280511044 0.012474795429224469 -0.010451573843332628 -0.046560131805344095 0.0045412867125936094
leaf_weight=1303.4474415034056 2562.0985288769007 391.27520580589771 1325.0886995047331 981.78520159423351 229.77384649217129 1837.0851909071207 12149.01336760819 224.61879405379295 1728.5457947850227 1581.5194910168648 1398.7901098281145 1631.5636343806982 151.43787142634392 6000.9179148674011 766.92089940607548 1223.6573709100485 164.72049359977245 3982.3092143982649 308.81981861591339 155.3407861739397 81.855039685964584 306.81577008962631 3226.4859917461872 109.20361606776714 54018.365081101656 1448.2903935909271 2909.0266727656126 2815.7813549041748 342.60196912288666 5100.3025546371937
leaf_count=5726 10678 1584 5742 4136 974 7686 51499 934 7379 6587 6052 7011 636 25933 3398 5228 703 16938 1437 629 355 1411 13517 498 222026 5875 12032 11355 1385 21261
internal_value=-5.01931e-05 0.000841507 -0.00067185 -0.000159442 -0.00216215 -0.0125152 0.000195104 0.00610238 -0.00169325 0.0113094 0.00226418 0.0039295 -0.00160346 0.00751606 -0.0014252 -0.00162987 -0.00451118 -0.00550967 0.0116554 -0.0194737 0.0121014 0.0161171 -0.000330777 -0.0104373 -0.000608382 0.00161399 -0.00351216 0.00119746 -0.0185887 0.00762707
internal_weight=110457 42519.6 20604 20057.4 15197.7 2818.87 12378.8 4859.77 1953.16 2906.61 21915.6 15105 5940.02 9164.96 6810.62 2855.22 5545.82 5381.1 6309.74 546.616 1264.8 1073.74 5788.58 191.059 67937.8 13919.5 7515.7 5724.81 1790.89 6403.75
internal_count=460605 180945 87150 84937 64295 11822 52473 20642 8313 12329 93795 64440 24831 39609 29355 12239 23693 22990 27370 2213 5662 4809 24195 853 279660 57634 30647 23387 7260 26987
cat_boundaries=0 1 2 3 4 5 6 7
cat_threshold=28 279 512 224 2 520 24
is_linear=0
shrinkage=0.05


Tree=72
num_leaves=31
num_cat=14
split_feature=2 1 0 2 2 1 1 2 1 2 0 6 5 6 4 1 1 3 3 1 3 5 3 4 6 5 5 4 6 5
split_gain=18.7327 20.4781 19.4916 37.1178 28.1988 27.6747 20.2894 42.7229 18.152 49.4613 38.6766 15.8759 38.63 25.2446 17.2066 15.3898 30.1115 19.526 15.3672 14.5329 14.3265 20.3547 13.2654 13.0517 11.8215 11.6899 34.2498 36.6791 45.8403 28.5969
threshold=0 47.500000000000007 1 2 3 40.000000000000007 53.000000000000007 4 53.000000000000007 5 6 4.3166874728528244 1062.7500000000002 6.9711984606016726 7 40.000000000000007 47.500000000000007 8 9 9.5000000000000018 10 894.25000000000011 11 12 13.763223190052434 1036.5000000000002 1082.7500000000002 13 16.97229857226441 847.25000000000011
decision_type=1 2 1 1 1 2 2 1 2 1 1 2 2 2 1 2 2 9 9 2 9 2 9 1 2 2 2 1 2 2
left_child=1 25 4 5 15 19 20 -8 -3 -10 -11 12 -6 14 -13 17 18 -2 -17 -4 -5 -22 -21 -19 -15 29 27 -27 -29 -1
right_child=2 8 3 6 11 -7 7 -9 9 10 -12 13 -14 24 -16 16 -18 23 -20 22 21 -23 -24 -25 -26 26 -28 28 -30 -31
leaf_value=0.00012919689881884391 -0.0031544349359692368 0.0073695171119578882 0.023536614159014185 -0.00089146600028875756 0.022671412151436452 0.0047132287212519651 -0.016781333518719362 0.018508082144006215 0.0070429323480652624 -0.019362423133778468 0.018885691843490315 -0.0015292732520394367 -0.026310126360242176 0.0013455730934466433 -0.031014162123837948 -0.014038982729549947 -0.00076413787196726122 -0.0026658303587761426 -0.0036749791535930138 -0.0052156850417206697 0.00069880258055689194 0.0052011233306709145 0.0038173251302953946 0.0029172322418630822 -0.00064595934917218247 -0.00064122285224434562 4.6606879870842696e-05 -0.039140879326537308 -0.00035330872953832107 0.0050624070121691924
leaf_weight=10794.353338629007 9633.620851457119 2208.2191190868616 46.989589542150497 3353.4986557066441 193.74249531328678 1100.0669805407524 99.62685438990593 431.22756859660149 879.05611822009087 399.18425008654594 78.994946837425232 103.33417803049088 50.630166187882423 9617.5785937011242 101.76387140154839 1054.7156947404146 1560.1818837374449 1655.6022534370422 578.19757387042046 4256.8116760104895 5177.6536017656326 4878.2751988172531 444.19222198426723 2808.5903597474098 33071.845771878958 391.9674207419157 11103.535319074988 197.12002483010292 124.53760010004044 4037.0897242277861
leaf_count=45456 39350 9714 197 13822 1030 4803 453 2032 3928 1668 377 431 203 40040 417 4362 6562 6942 2357 17564 21851 20493 1838 11816 136845 1613 46147 812 522 16960
internal_value=-4.732e-05 0.00101353 -0.00044702 0.0009148 -0.000893119 -0.00242602 0.00231675 0.0119064 0.00457269 1.83585e-05 -0.0127639 -0.000208805 0.0124961 -0.00028138 -0.0177771 -0.00259848 -0.00573506 -0.00188951 -0.0104812 -0.00408635 0.00193838 0.00288061 -0.00436401 0.000844222 -0.000197164 0.000537504 -0.000635402 -0.0112525 -0.0234159 0.00147237
internal_weight=110432 30214.1 80218.1 19788.3 60429.8 5848.06 13940.3 530.854 3565.45 1357.24 478.179 43138.9 244.373 42894.5 205.098 17290.9 3193.1 14097.8 1632.91 4747.99 13409.4 10055.9 4701 4464.19 42689.4 26648.6 11817.2 713.625 321.658 14831.4
internal_count=460605 127197 333408 83053 250355 24402 58651 2485 15687 5973 2045 178966 1233 177733 848 71389 13281 58108 6719 19599 56166 42344 19402 18758 176885 111510 49094 2947 1334 62416
cat_boundaries=0 1 2 3 4 5 6 7 8 9 10 11 12 13 14
cat_threshold=35 1 136 576 256 3 1 24 52 26 4 22 834 466
is_linear=0
shrinkage=0.05


Tree=73
num_leaves=31
num_cat=6
split_feature=1 3 4 6 5 5 5 5 5 6 6 5 5 6 6 4 6 6 6 6 5 5 4 6 5 4 6 5 6 4
split_gain=17.2884 19.9593 26.6412 61.8459 44.5385 60.5269 51.2822 25.7683 33.4085 48.9317 26.474 25.542 77.03 41.2603 30.4291 38.0909 34.8323 21.8486 83.4843 76.5424 21.4594 16.1379 65.2264 49.0786 48.4282 65.1207 61.1227 46.6493 38.2272 31.3957
threshold=30.000000000000004 0 1 6.9711984606016726 687.75000000000011 975.25000000000011 664.50000000000011 225.25000000000003 449.75000000000006 11.335083336554581 17.169323416820919 1904.5000000000002 1886.7500000000002 18.034358471296148 14.167950127968053 2 14.48590475097941 14.000784395711237 13.981667153046947 14.064225200783216 982.25000000000011 2055.2500000000005 3 18.034358471296148 1916.7500000000002 4 18.595614151068641 1886.7500000000002 14.921596472668528 5
decision_type=2 9 1 2 2 2 2 2 2 2 2 2 2 2 2 1 2 2 2 2 2 2 1 2 2 1 2 2 2 1
left_child=21 11 3 -3 6 -6 -5 10 9 -9 -4 12 17 14 15 -13 -16 18 -2 -19 -10 24 -23 -24 27 -26 28 -1 -27 -29
right_child=1 2 7 4 5 -7 -8 8 20 -11 -12 13 -14 -15 16 -17 -18 19 -20 -21 -22 22 23 -25 25 26 -28 29 -30 -31
leaf_value=-0.00052352449080276262 0.0012417884664887374 -0.073471266383298706 -0.0073531153125054238 0.00074109026963390149 0.012399200194068592 0.0020101161435603396 -0.040292837315165031 -0.031610203658811467 -0.0039930824982779443 0.0080431727896835784 -0.051643027928444864 -0.037640397229381867 -0.041114908500913989 -0.026648935846347133 0.030830214960571513 0.0020837987909962082 0.0076833576275386565 -0.034607363436265699 0.040538935127337278 -0.00098255640384019489 0.0018204388981543165 -0.020890276466632083 0.0037488365853418034 -0.046622704482720406 -0.052844835183815379 -0.00013504168270179852 -0.070247976067287596 -0.0082749290461536524 0.018552952135238401 -0.039921750063401804
leaf_weight=62768.49284876883 6423.3021834343672 25.715798124670982 128.09590169787407 3856.4128205031157 2631.9344404637814 3002.8134302943945 77.574482589960098 81.258599132299423 3501.0556310266256 1758.376619592309 45.906124711036682 60.709990933537483 116.61092579364777 94.997946247458458 189.71410572528839 405.59097340703011 1141.806306630373 170.79887363314629 137.97111582756042 17642.625715598464 2902.5853826254606 470.56245082616806 1009.7817306220531 50.683535546064377 31.573285013437271 403.16427943110466 22.590883553028107 315.81910230219364 848.21932843327522 103.49634858965874
leaf_count=259500 26780 106 521 16617 11722 13255 329 336 15010 7600 185 248 471 383 780 1676 4817 691 577 73065 12524 1911 4277 207 127 1627 91 1282 3473 417
internal_value=-4.50942e-05 0.00071782 0.00200036 0.00380058 0.00401351 0.00686377 -6.77924e-05 -5.31372e-05 0.000348247 0.0062873 -0.0190896 -0.000158247 -0.000590988 0.00543728 0.0071369 -0.00384669 0.0109871 -0.000396745 0.0020695 -0.00130543 -0.00135721 -0.000558166 -0.00563177 0.00132007 -0.000437636 0.0090937 0.0109654 -0.00063466 0.0125286 -0.0172548
internal_weight=110420 44395.9 18011.7 9594.45 9568.74 5634.75 3933.99 8417.28 8243.28 1839.64 174.002 26384.1 24491.3 1892.82 1797.82 466.301 1331.52 24374.7 6561.27 17813.4 6403.64 66024.4 1531.03 1060.47 64493.4 1305.55 1273.97 63187.8 1251.38 419.315
internal_count=460605 187693 78205 42029 41923 24977 16946 36176 35470 7936 706 109488 101584 7904 7521 1924 5597 101113 27357 73756 27534 272912 6395 4484 266517 5318 5191 261199 5100 1699
cat_boundaries=0 1 2 3 4 5 6
cat_threshold=28 341 416 330 32 458
is_linear=0
shrinkage=0.05


Tree=74
num_leaves=31
num_cat=9
split_feature=2 1 6 4 5 5 4 6 4 5 6 4 5 5 5 6 4 6 5 5 5 5 1 2 0 0 6 5 5 5
split_gain=16.8709 18.0012 17.6131 51.7296 48.1074 40.948 39.4836 38.885 161.05 62.1756 56.5623 180.238 52.7378 51.7534 48.2898 32.4128 89.5689 55.3766 30.2077 29.6479 28.5567 26.3771 16.4131 44.6515 34.7661 16.1949 15.5291 15.0679 26.075 23.996
threshold=0 47.500000000000007 8.6048812713834035 1 620.25000000000011 875.25000000000011 2 10.864748560791512 3 1089.5000000000002 11.440079884931739 4 1343.0000000000002 1479.5000000000002 850.75000000000011 11.663712296943883 5 11.975464858942047 1579.7500000000002 249.50000000000003 1206.2500000000002 336.25000000000006 53.000000000000007 6 7 8 8.9414649335540144 1036.5000000000002 680.25000000000011 1479.5000000000002
decision_type=1 2 2 1 2 2 1 2 1 2 2 1 2 2 2 2 1 2 2 2 2 2 2 1 1 1 2 2 2 2
left_child=1 -1 3 4 -2 25 -7 8 9 19 11 20 -11 14 -10 16 -12 -17 -13 -4 -9 -5 -3 -24 -25 -6 -15 28 -23 -29
right_child=2 22 7 21 5 6 -8 10 13 12 15 18 -14 26 -16 17 -18 -19 -20 -21 -22 27 23 24 -26 -27 -28 29 -30 -31
leaf_value=0.00051746799958888115 -0.036845707147297103 0.0069679711261907739 0.0029108818913973155 0.016917020749867406 0.025305850958721416 0.0060740585563739385 -0.021466031057269241 -0.050823653703841891 0.0036502121578952497 0.0196770087248716 0.031208283880694944 -0.0046812057643892567 -0.017227339960833948 0.0088635076526989102 0.018472598058608732 -0.011639705900490318 -0.0057694047879291843 -0.00029234962404115064 0.014779686126327837 -0.030683030440486828 -0.021860985548168132 -0.026586721647160468 0.006663005422702966 -0.018378175639020666 0.017998303290799256 -0.0026485195191655723 -0.022135452137324631 -0.036331406049252384 0.00020138897664760013 -0.010705090091095998
leaf_weight=26643.251415118575 72.328844755887985 2202.7645093053579 77.602705299854279 60.527607470750809 260.53569161891937 422.81079493463039 176.1997445076704 243.25877529382706 855.19092005491257 194.76971164345741 284.06079450249672 713.97519636154175 192.23644785583019 56.038477405905724 1542.0803179293871 1091.447959035635 367.41091719269753 71812.192746222019 276.5218104571104 417.34490080177784 132.39720246195793 149.39153109490871 876.82328140735626 400.37844705581665 78.352148100733757 64.249489784240723 142.49712024629116 199.09477663040161 230.60146044194698 170.22099785506725
leaf_count=111510 303 9714 315 251 1381 1843 725 1000 3616 828 1183 2926 791 233 6527 4447 1515 298118 1151 1709 540 606 3928 1668 377 336 585 807 966 706
internal_value=-4.35156e-05 0.000963472 -0.000422832 -0.00530482 0.00236219 0.00546662 -0.00227769 -0.000310357 0.00485785 -0.0135152 -0.000550332 -0.0106307 0.00133299 0.0111118 0.0131874 -0.000363025 0.010739 -0.000462316 0.000740209 -0.0254062 -0.0395844 -0.0145898 0.00430416 -2.10106e-05 -0.0121577 0.0197614 -0.0133605 -0.0173381 -0.0103212 -0.0245396
internal_weight=110407 30201.6 80205 1805.96 996.125 923.796 599.011 78399 3477.76 881.954 74921.3 1366.15 387.006 2595.81 2397.27 73555.1 651.472 72903.6 990.497 494.948 375.656 809.836 3558.32 1355.55 478.731 324.785 198.536 749.309 379.993 369.316
internal_count=460605 127197 333408 7924 4588 4285 2568 325484 14604 3643 310880 5617 1619 10961 10143 305263 2698 302565 4077 2024 1540 3336 15687 5973 2045 1717 818 3085 1572 1513
cat_boundaries=0 1 2 3 4 5 6 7 8 9
cat_threshold=35 657 144 770 646 12 3 1 1
is_linear=0
shrinkage=0.05


Tree=75
num_leaves=31
num_cat=11
split_feature=6 4 6 9 6 9 3 6 3 9 4 4 6 4 3 4 4 6 6 9 3 6 6 6 4 9 6 6 6 6
split_gain=21.7229 176.688 83.6343 113.01 104.903 102.979 80.522 69.2175 78.0648 66.457 96.5482 92.2232 64.4056 128.804 57.2299 84.7267 53.1883 97.9006 125.682 49.7959 145.549 41.9259 41.3425 40.7099 155.437 119.576 124.173 102.891 300.285 102.03
threshold=17.480478577105686 0 17.825992953947459 1.0000000180025095e-35 18.575609909310138 3.5000000000000004 1 18.383467525719258 2 3.5000000000000004 3 4 17.478384261716339 5 6 7 8 18.595614151068641 18.672895017641149 1.5000000000000002 9 18.640881644856247 18.185943538673374 16.549306644783126 10 2.5000000000000004 17.153564085006796 17.18427796434214 17.042775923489355 17.36632182700048
decision_type=2 1 2 2 2 2 9 2 9 2 1 1 2 1 9 1 1 2 2 2 9 2 2 2 1 2 2 2 2 2
left_child=12 2 3 -2 5 6 -4 8 -3 10 -10 -11 23 -14 15 -6 17 -9 -19 20 -18 -21 -7 -1 27 -26 -27 28 -25 -29
right_child=1 7 4 -5 14 22 -8 16 9 11 -12 -13 13 -15 -16 -17 19 18 -20 21 -22 -23 -24 24 25 26 -28 29 -30 -31
leaf_value=-0.00040161671885642462 0.010367041381801081 -0.02207936561239909 0.0084168273272187105 -0.030969502370043818 0.010394412483978604 0.030169394864662108 -0.01252038524534644 0.024451333325734778 -0.016284264452252794 -0.033013673192666626 0.0046442252850729974 -0.0022460306994264516 0.042698801498215158 -0.015253550278576365 -0.023163242958002053 -0.037546612030985339 0.0015312272594868134 -0.06807484628138695 0.0065269658575285413 -0.006803683729474915 -0.049436172229100885 0.0096813328906376686 0.0032388238602448802 -0.0025526651884330582 0.0011350462848281533 0.015561318982731581 -0.00023374432394143016 0.012662529883970248 -0.037099647335019907 -0.0082495135186150138
leaf_weight=72670.988121822476 208.32150509953499 431.55956070125103 682.81802818179131 797.52183149755001 351.2479293346405 324.38536603748798 1362.7056656628847 895.07021377980709 616.69986402988434 328.88219907879829 4562.0336817502975 888.40877577662468 235.63277330994606 153.52092871069908 1050.7414540946484 113.65380330383778 688.50360974669456 58.508852779865265 1532.3848379254341 517.89623682200909 165.99774578213692 1507.087846249342 254.96582190692425 3482.5433133840561 7683.9590754956007 3996.8021759986877 1805.8729892373085 1429.4593911170959 767.66977885365486 984.92755649983883
leaf_count=302913 893 1759 2910 3228 1420 1377 5501 4172 2501 1329 18979 3602 1158 639 4265 458 2882 236 6572 2107 672 6249 1035 14367 32121 17367 7460 5934 3132 4043
internal_value=-6.73597e-05 -0.00169244 -0.00945116 -0.0224031 -0.00632594 -0.000276286 -0.00554886 0.00158841 -0.0017493 -0.000341405 0.00212829 -0.0108545 0.000234888 0.0205308 -0.0167991 -0.00186428 0.00583952 0.0111779 0.00377606 0.00118579 -0.00892917 0.00546264 0.0183288 0.000149723 0.00213825 0.00522324 0.0106449 -0.00410553 -0.00879441 0.00412959
internal_weight=110551 17339.4 5146.36 1005.84 4140.52 2624.87 2045.52 12193 6827.58 6396.02 5178.73 1217.29 93211.4 389.154 1515.64 464.902 5365.45 2485.96 1590.89 2879.49 854.501 2024.98 579.351 92822.2 20151.2 13486.6 5802.68 6664.6 4250.21 2414.39
internal_count=461281 72147 21087 4121 16966 10823 8411 51060 28170 26411 21480 4931 389134 1797 6143 1878 22890 10980 6808 11910 3554 8356 2412 387337 84424 56948 24827 27476 17499 9977
cat_boundaries=0 1 2 3 4 5 6 7 8 9 10 11
cat_threshold=57 10 40 64 516 16 24 33 580 38 210
is_linear=0
shrinkage=0.05


Tree=76
num_leaves=31
num_cat=8
split_feature=5 5 5 4 6 4 5 5 6 6 6 5 3 5 3 4 4 6 4 6 5 4 5 5 6 5 5 6 6 5
split_gain=21.8718 126.103 101.132 162.039 92.5411 86.5262 193.96 188.98 136.399 135.813 129.432 171.875 137.439 103.007 102.268 94.991 84.5563 161.468 189.075 147.84 114.053 118.081 108.992 80.0655 77.4591 94.2927 83.1778 77.5316 116.525 71.3576
threshold=969.00000000000011 982.25000000000011 958.25000000000011 0 13.217216053417308 1 936.75000000000011 881.25000000000011 13.27161475917457 15.23467558641171 15.548303720008251 664.50000000000011 2 944.75000000000011 3 4 5 14.905936016317712 6 13.700946206469519 1167.2500000000002 7 1261.0000000000002 505.25000000000006 10.864748560791512 1005.7500000000001 988.25000000000011 9.8957058099515827 9.2198065698828842 268.50000000000006
decision_type=2 2 2 1 2 1 2 2 2 2 2 2 9 2 9 1 1 2 1 2 2 1 2 2 2 2 2 2 2 2
left_child=2 -2 5 4 -4 7 10 14 13 -10 12 -12 -7 -9 23 -8 24 18 22 -20 21 -19 -18 -1 27 26 -26 28 -3 -16
right_child=1 16 3 -5 -6 6 15 8 9 -11 11 -13 -14 -15 29 -17 17 20 19 -21 -22 -23 -24 -25 25 -27 -28 -29 -30 -31
leaf_value=0.0021563760208214502 -0.019716150238832622 0.0023832947130807323 -0.013842549017068967 -0.0093174405768418154 0.031055727353803034 -0.0063044519867360097 0.0057051110747345255 -0.046339376428122969 0.030548065481772541 0.0089576030094247177 -0.00019913262691465943 -0.011124735347631132 0.0049198164270929726 0.0030366541954319538 -0.011678318004843556 -0.038374545041461018 0.011536169470568416 0.0064384068340103935 -0.0037511021795860362 -0.019305472119126577 0.0055471288695437323 -0.010357475199572801 -0.0031060456152393911 -0.010326699438536577 -0.033899713973774379 -0.0046154043884565578 0.023429517743240418 0.018136315320677106 -0.060989276163062545 0.0038878540154765624
leaf_weight=2169.3417702168226 864.91988451778889 982.29463262856007 131.90716144442558 521.00294509530067 873.18964545428753 3506.7349147945642 163.84668946266174 143.56313383579254 1173.6202478557825 1922.5601805150509 10341.632918342948 5522.2595094889402 12152.707856848836 398.31899672746658 781.86605347692966 504.13548374176025 2378.1861903220415 1753.2128792405128 4508.9699250459671 2311.2701657265425 16946.009446039796 2568.5308985859156 2728.7332649230957 3147.0977393984795 72.398336380720139 17997.781860262156 494.40633654594421 825.90927872061729 78.212489023804665 12554.227299124002
leaf_count=9006 3550 4156 557 2137 3853 14267 686 585 4874 8192 43590 22884 51607 1634 3209 2060 9982 7182 18667 9438 70601 10688 11332 12816 303 74349 2032 3499 323 53222
internal_value=-6.44679e-05 -0.00077749 0.000629405 0.0133238 0.0249098 0.000273704 -0.0013842 0.00266764 0.0130931 0.0171439 -0.000819457 -0.00400272 0.00240506 -0.0100417 0.000635316 -0.0280447 -0.000472017 0.00108602 -0.00357003 -0.00900996 0.00369793 -0.00355177 0.00370439 -0.00522235 -0.00300024 -0.00398278 0.0160933 0.00665029 -0.00229103 0.00297256
internal_weight=110519 54510.8 56008 1526.1 1005.1 54481.9 32191.3 22290.6 3638.06 3096.18 31523.3 15863.9 15659.4 541.882 18652.5 667.982 53645.9 33194.9 11927.2 6820.24 21267.8 4321.74 5106.92 5316.44 20451 18564.6 566.805 1886.42 1060.51 13336.1
internal_count=461281 226102 235179 6547 4410 228632 135094 93538 15285 13066 132348 66474 65874 2219 78253 2746 222552 137890 49419 28105 88471 17870 21314 21822 84662 76684 2335 7978 4479 56431
cat_boundaries=0 1 2 3 4 5 6 7 8
cat_threshold=848 135 4 24 24 135 24 320
is_linear=0
shrinkage=0.05


Tree=77
num_leaves=31
num_cat=8
split_feature=5 5 5 4 6 4 5 5 6 6 6 5 4 5 5 4 4 6 4 6 4 3 5 5 6 5 5 6 6 5
split_gain=19.7375 113.562 91.68 147.496 84.4879 78.1623 174.946 171.188 123.584 123.853 116.785 154.796 126.267 95.9224 92.5324 87.5174 85.5043 82.4013 76.2964 145.762 173.829 213.624 103.023 111.109 69.9331 85.2192 75.1158 70.2559 105.002 66.7826
threshold=969.00000000000011 982.25000000000011 958.25000000000011 0 13.217216053417308 1 936.75000000000011 881.25000000000011 13.27161475917457 15.23467558641171 15.548303720008251 664.50000000000011 2 867.25000000000011 944.75000000000011 3 4 11.440079884931739 5 14.905936016317712 6 7 1167.2500000000002 1152.2500000000002 10.864748560791512 1005.7500000000001 988.25000000000011 9.8957058099515827 9.2198065698828842 1948.0000000000002
decision_type=2 2 2 1 2 1 2 2 2 2 2 2 1 2 2 1 1 2 1 2 1 9 2 2 2 2 2 2 2 2
left_child=2 -2 5 4 -4 7 10 13 14 -10 12 -12 -7 17 -9 -15 -8 -1 24 20 29 -22 23 -21 27 26 -26 28 -3 -20
right_child=1 18 3 -5 -6 6 16 8 9 -11 11 -13 -14 15 -16 -17 -18 -19 19 22 21 -23 -24 -25 25 -27 -28 -29 -30 -31
leaf_value=-0.011635218145720083 -0.018692935950398674 0.0022652235205892208 -0.01311110672731465 -0.0088501667265032113 0.029756606314048997 0.0088201798170871124 0.0054423294684403231 -0.043846865113202814 0.02918940921090428 0.0085272276207492489 -0.00018916934470968329 -0.010552850106306261 -0.00079918594550848574 -0.045013348773116163 0.0028860283339523255 -0.00098236048745819907 -0.036377444861610812 0.0020553558377738464 0.0019377642549801334 -0.0010700828382860328 -0.02007093833115588 0.0020979553159488338 0.0052740889429792057 -0.03129045622799196 -0.031999330746352347 -0.0043822595073726798 0.022343153992383624 0.017287288297424718 -0.057849590064142947 -0.03523352565093512
leaf_weight=1174.7990310639143 866.61088415980339 981.83759099245071 132.29791851341724 521.6028603464365 865.9382351487875 5011.7348152548075 163.66258154809475 144.12800565361977 1167.0108943879604 1918.7192116230726 10341.992453232408 5530.2419295608997 10636.538263499737 207.15732270479202 398.16175527870655 247.25116926431656 505.73243771493435 17017.438131317496 7295.304374307394 3995.4095412045717 2685.8108696490526 1823.9993035942316 16932.499846965075 329.15744957327843 72.856685057282448 18007.288910895586 492.57531255483627 823.2232528179884 78.336057111620903 122.75903165340424
leaf_count=5250 3550 4156 557 2137 3853 21121 686 585 4874 8192 43590 22884 44753 835 1634 1029 2060 71139 30373 16534 11054 7493 70601 1336 303 74349 2032 3499 323 499
internal_value=-6.11988e-05 -0.000738499 0.000598146 0.0127103 0.0238308 0.000260042 -0.00131542 0.00253647 0.0124748 0.0163439 -0.000778457 -0.00380047 0.00228649 0.000603837 -0.00953106 -0.0220838 -0.0266081 0.00117093 -0.000448304 0.00103215 -0.00339107 -0.0111189 0.00351486 -0.00337208 -0.00284932 -0.00378185 0.0153278 0.00632857 -0.00217697 0.00131971
internal_weight=110492 54507.7 55984.4 1519.84 998.236 54464.6 32189.9 22274.7 3628.02 3085.73 31520.5 15872.2 15648.3 18646.6 542.29 454.408 669.395 18192.2 53641.1 33184.9 11927.9 4509.81 21257.1 4324.57 20456.1 18572.7 565.432 1883.4 1060.17 7418.06
internal_count=461281 226102 235179 6547 4410 228632 135094 93538 15285 13066 132348 66474 65874 78253 2219 1864 2746 76389 222552 137890 49419 18547 88471 17870 84662 76684 2335 7978 4479 30872
cat_boundaries=0 1 2 3 4 5 6 7 8
cat_threshold=848 135 96 128 24 135 56 6
is_linear=0
shrinkage=0.05


Tree=78
num_leaves=31
num_cat=9
split_feature=5 5 5 4 6 4 5 5 6 6 6 5 3 3 5 4 5 4 6 4 6 5 5 6 6 4 5 3 5 5
split_gain=17.8071 102.296 83.1214 134.267 77.139 70.5517 157.907 155.124 111.976 112.994 105.382 139.441 123.227 91.093 83.2983 77.0611 70.2133 68.8357 131.632 159.665 133.147 97.5485 93.9091 188.601 87.9835 65.9289 63.9366 63.5634 104.927 110.62
threshold=969.00000000000011 982.25000000000011 958.25000000000011 0 13.217216053417308 1 936.75000000000011 881.25000000000011 13.27161475917457 15.23467558641171 15.548303720008251 664.50000000000011 2 3 913.25000000000011 4 505.25000000000006 5 14.905936016317712 6 13.700946206469519 1261.0000000000002 1203.7500000000002 17.019986027238627 16.713213980254785 7 268.50000000000006 8 1452.0000000000002 996.75000000000011
decision_type=2 2 2 1 2 1 2 2 2 2 2 2 9 9 2 1 2 1 2 1 2 2 2 2 2 1 2 9 2 2
left_child=2 25 5 4 -4 7 10 13 14 -10 12 -12 -7 16 -9 -8 -1 27 19 21 -21 -19 23 -20 -24 -2 -15 28 29 -3
right_child=1 17 3 -5 -6 6 15 8 9 -11 11 -13 -14 26 -16 -17 -18 18 22 20 -22 -23 24 -25 -26 -27 -28 -29 -30 -31
leaf_value=0.001960333793005883 0.00023629112345245211 0.014661405572736153 -0.012421364489527955 -0.0084071330872941621 0.028513143864690935 -0.0060704543511245065 0.0051914802055227707 -0.048339744173505415 0.027895854404647775 0.0081170150390764816 -0.00017970488226620555 -0.010011677281530984 0.0045584671832106854 -0.0110763829613264 0.00070668913018192355 -0.034512503797701467 -0.0097290873808123391 0.010892780589946355 -0.010971826061802661 -0.0032259578579550219 -0.017979946834511217 -0.0029684784388313776 0.0083512797827394632 0.0072418580356001551 0.00063637252662611908 -0.028278507572224831 0.0036479993044184083 -0.00061643592270024512 -0.0022996152311308736 -0.018973843538983882
leaf_weight=2167.9518042206764 330.88866358995438 276.33606469631195 132.65804308652878 522.153141066432 858.70863574743271 3507.5489363223314 163.48480175435543 107.94257919490337 1160.2495199590921 1915.0042890310287 10342.333841383457 5537.52799731493 12133.316013813019 783.05137567222118 434.59420464932919 506.92057555913925 3150.4178990721703 2371.7724779248238 2935.9296659678221 4511.3761397749186 2314.0694327056408 2729.5124075710773 9506.4738066494465 2754.6180733293295 6048.2057874500751 537.18051066994667 12542.500476390123 13107.260409116745 4972.8835105001926 2103.9327023625374
leaf_count=9006 1365 1154 557 2137 3853 14267 686 436 4874 8192 43590 22884 51607 3209 1783 2060 12816 9982 12046 18667 9438 11332 39750 11468 25207 2185 53222 54572 20454 8482
internal_value=-5.83682e-05 -0.00070171 0.000568034 0.0121256 0.0227999 0.000246677 -0.00124981 0.00241034 0.0118863 0.0155816 -0.000739286 -0.00360861 0.00217356 0.000572535 -0.00904944 -0.0252608 -0.00495387 -0.000426008 0.000980732 -0.00322248 -0.00821697 0.00346843 0.00334105 -0.00215429 0.0053518 -0.0177278 0.00278021 -0.00270612 -0.00642442 -0.0150664
internal_weight=110467 54500.4 55966.4 1513.52 991.367 54452.8 32191.1 22261.7 3617.79 3075.25 31520.7 15879.9 15640.9 18643.9 542.537 670.405 5318.37 53632.4 33172 11926.7 6825.45 5101.28 21245.2 5690.55 15554.7 868.069 13325.6 20460.4 7353.15 2380.27
internal_count=461281 226102 235179 6547 4410 228632 135094 93538 15285 13066 132348 66474 65874 78253 2219 2746 21822 222552 137890 49419 28105 21314 88471 23514 64957 3550 56431 84662 30090 9636
cat_boundaries=0 1 2 3 4 5 6 7 8 9
cat_threshold=848 135 4 24 24 135 24 169 4
is_linear=0
shrinkage=0.05


Tree=79
num_leaves=31
num_cat=9
split_feature=5 5 6 6 4 6 5 4 4 5 6 6 4 4 4 6 6 6 5 6 6 5 3 4 6 5 4 5 6 6
split_gain=17.2493 102.859 102.891 100.405 245.441 163.524 256.237 229.314 161.762 274.279 124.252 116.168 446.483 341.056 118.515 117.517 110.176 103.788 96.8244 74.6987 73.997 79.1389 107.537 71.4181 64.2104 57.5675 46.2212 56.9695 45.7495 173.596
threshold=1272.5000000000002 1256.2500000000002 12.631841559729342 14.81403404491749 0 16.943884265563344 1373.2500000000002 1 2 1683.2500000000002 18.485230661856772 16.549306644783126 3 4 5 15.011989145850523 17.242672232307193 17.203414337583407 1469.2500000000002 14.48590475097941 13.677197808620329 1441.7500000000002 6 7 10.694849517662156 1434.2500000000002 8 1266.5000000000002 13.733175903714647 13.677197808620329
decision_type=2 2 2 2 1 2 2 1 1 2 2 2 1 1 1 2 2 2 2 2 2 2 9 1 2 2 1 2 2 2
left_child=1 -1 -3 4 19 11 7 17 9 -8 -10 12 15 -13 -15 -5 -9 -7 -14 28 21 22 -6 -22 -23 -25 -4 -28 29 -2
right_child=3 2 26 5 20 6 8 16 10 -11 -12 13 18 14 -16 -17 -18 -19 -20 -21 23 24 -24 25 -26 -27 27 -29 -30 -31
leaf_value=7.0433152997938613e-05 0.0033298515659417752 -0.035141725186792407 0.024172571902016535 0.027627239096934236 -0.00506433073454398 0.034812286840260449 0.017164272089599902 -0.071434525952036088 -0.014026125259313621 -0.019835069833151794 0.0070881631450228745 -0.051903280047814797 -0.022795867549867992 0.023358742341552708 0.0031639064651869577 0.0073725963558820039 -0.030268972190678117 -0.013772490979075397 -0.0061409337820809264 -0.034985159835372433 -0.0054881483166677666 -0.027576527443890483 -0.043989415661529523 -0.011973155360925667 -0.0019560478058426255 -0.035674007856407425 -0.0046274187637859706 0.022601516401616173 -0.0035658302789726838 0.042158146942408353
leaf_weight=77595.373724758625 3019.0330720990896 105.84433189034462 795.40718503296375 828.41711139678955 399.9130784124136 149.85461202263832 2083.1808872371912 243.75318595767021 2460.1642893701792 659.24890112876892 971.65393954515457 186.33062741160393 1247.124022603035 2030.7343859672546 1150.0068243741989 5294.0919115245342 490.71778590977192 411.60884185135365 2910.5057618767023 127.31039200723171 524.95387302339077 272.44231860339642 325.48595243692398 374.23048424720764 2388.0096854269505 818.31412290036678 453.12279425561428 333.05303789675236 1463.838916182518 318.1610544025898
leaf_count=324906 12672 441 3350 3443 1634 617 8720 996 10043 2656 4002 753 5082 9133 4826 22110 2003 1681 11888 513 2158 1130 1337 1524 9807 3337 1839 1390 5984 1306
internal_value=-5.55553e-05 0.000336087 0.0125483 -0.00105255 -0.00517128 0.000903812 -0.00504283 -0.0252548 -0.000799316 0.00823779 -0.00802315 0.00415925 0.00151856 0.0122199 0.0160919 0.0100979 -0.0433553 -0.000778555 -0.0111117 0.00279196 -0.0128426 -0.00857682 -0.0232167 -0.0213231 -0.00458252 -0.0280075 0.0157451 0.00681612 0.00380127 0.00703431
internal_weight=110432 79282.8 1687.43 31149.1 10031.7 21117.4 7470.18 1295.93 6174.25 2742.43 3431.82 13647.2 10280.1 3367.07 3180.74 6122.51 734.471 561.463 4157.63 4928.34 5103.35 3385.85 725.399 1717.5 2660.45 1192.54 1581.58 786.176 4801.03 3337.19
internal_count=461281 331926 7020 129355 41402 87953 30718 5297 25421 11376 14045 57235 42523 14712 13959 25553 2999 2298 16970 20475 20927 13908 2971 7019 10937 4861 6579 3229 19962 13978
cat_boundaries=0 1 2 3 4 5 6 7 8 9
cat_threshold=54 587 354 849 80 172 16 513 172
is_linear=0
shrinkage=0.05


Tree=80
num_leaves=31
num_cat=14
split_feature=6 6 6 3 6 6 3 3 4 6 4 9 9 4 3 6 4 3 6 9 4 4 4 6 6 3 6 6 6 4
split_gain=16.2813 123.628 157.399 162.331 147.959 120.218 207.113 130.416 119.628 109.77 106.515 106.092 103.141 121.591 82.3909 109.277 74.7873 94.9743 74.7381 63.3248 100.745 77.9836 62.6965 68.5519 172.119 51.7066 36.0771 116.239 69.2291 32.8128
threshold=13.763223190052434 13.981667153046947 14.000784395711237 0 14.064225200783216 13.677197808620329 1 2 3 13.27161475917457 4 1.0000000180025095e-35 3.5000000000000004 5 6 13.874969247874629 7 8 11.52141415833351 2.5000000000000004 9 10 11 13.60588534413189 13.189202246547067 12 12.459735465385817 12.324680269607297 13.484882890747524 13
decision_type=2 2 2 9 2 2 9 9 1 2 1 2 2 1 9 2 1 9 2 2 1 1 1 2 2 9 2 2 2 1
left_child=5 12 3 -3 16 7 -7 8 9 18 -8 -11 13 -2 15 -15 -4 -18 -1 20 -10 -21 23 24 -9 -14 27 -24 -28 -6
right_child=1 2 4 -5 29 6 10 22 19 11 -12 -13 25 14 -16 -17 17 -19 -20 21 -22 -23 26 -25 -26 -27 28 -29 -30 -31
leaf_value=0.0061609038811538076 -0.028521431101401779 0.04906759124616164 -0.0049316316642839904 -0.020351127628846045 -0.003150798681550296 0.037025300756370193 0.011563087826743052 -0.0017180115656565645 -0.020581546358126535 0.022483282835151483 -0.025215345512912858 -0.012482720287696968 -0.013347316498440773 5.6172534498890748e-05 0.0099975475028327571 -0.053268408590314981 0.00014783840257337491 -0.049471708033654777 0.020240338196538431 0.011256840163727551 -0.00089361575744196977 -0.0025674527246906612 -0.0092491866018678155 -0.028027266791137442 0.034437185117979476 -0.045875076205272543 -0.018616844372042529 0.015202810044687666 0.0023735567482386821 0.00032659687582062367
leaf_weight=1792.1929978877306 439.64813457429409 299.30080029368401 436.26260109245777 112.71561054885387 7460.8794684708118 606.06688030064106 562.56871700286865 3148.1696275174618 730.34960646927357 287.03797326982021 289.91246217489243 886.67021182179451 267.22466789186001 315.85975432395935 921.61113566160202 137.85615386068821 146.40003578364849 316.43075811862946 1991.4739080220461 2156.022277250886 5339.456292912364 1925.7220609635115 2647.1156698465347 199.97781057655811 367.49276849627495 272.28022813796997 1529.4541547298431 595.11835096776485 527.98390252888203 73745.084566101432
leaf_count=7735 1838 1268 1805 460 30522 2565 2359 13215 3025 1197 1179 3671 1091 1318 3821 574 607 1275 8815 9274 22618 8066 10765 805 1594 1105 6233 2541 2163 307945
internal_value=-5.09077e-05 -0.000384236 -6.18225e-05 0.030761 -0.000216595 0.00105472 0.0149938 0.0002117 0.00305094 0.00940997 -0.00108755 -0.00392611 -0.0116812 -0.00597143 0.00143196 -0.015795 -0.0203874 -0.0340978 0.0135731 -6.01758e-05 -0.00329907 0.00475485 -0.00454441 0.000438158 0.00206075 -0.0308758 -0.00803286 -0.0047591 -0.013228 6.69483e-06
internal_weight=110454 84871.6 82517.1 412.016 82105.1 25582.8 1458.55 24124.2 15108.9 4957.38 852.481 1173.71 2354.48 1814.98 1375.33 453.716 899.093 462.831 3783.67 10151.6 6069.81 4081.74 9015.31 3715.64 3515.66 539.505 5299.67 3242.23 2057.44 81206
internal_count=461449 353629 343882 1728 342154 107820 6103 101717 64401 21418 3538 4868 9747 7551 5713 1892 3687 1882 16550 42983 25643 17340 37316 15614 14809 2196 21702 13306 8396 338467
cat_boundaries=0 1 2 3 4 5 6 7 8 9 10 11 12 13 14
cat_threshold=4 4 26 200 150 660 2 336 2 4 278 551 4 128
is_linear=0
shrinkage=0.05


Tree=81
num_leaves=31
num_cat=12
split_feature=5 5 10 5 4 4 4 5 5 5 4 4 3 10 5 5 4 3 4 3 5 4 5 4 5 5 5 5 10 5
split_gain=16.3818 142.358 82.3846 72.2541 153.26 88.0794 44.4804 66.1558 35.0314 28.5553 21.9343 20.4147 64.6423 18.2446 17.6533 111.668 72.8718 108.748 55.3859 129.207 103.766 86.8704 86.044 43.9572 86.1341 80.1181 41.7774 35.681 17.4873 41.5138
threshold=1904.5000000000002 1886.7500000000002 3.5000000000000004 2015.7500000000002 0 1 2 1948.0000000000002 2055.2500000000005 2323.7500000000005 3 4 5 3.5000000000000004 1272.5000000000002 1203.7500000000002 6 7 8 9 1343.0000000000002 10 1280.7500000000002 11 1137.7500000000002 259.25000000000006 1613.7500000000002 1206.2500000000002 1.0000000180025095e-35 2055.2500000000005
decision_type=2 2 2 2 1 1 1 2 2 2 1 1 9 2 2 2 1 9 1 9 2 1 2 1 2 2 2 2 2 2
left_child=1 14 3 5 28 -2 7 -4 -6 -10 -3 -7 -13 -12 15 23 17 -17 22 21 -21 -20 -16 25 -25 -1 -24 -18 29 -5
right_child=2 10 6 4 8 11 -8 -9 9 -11 13 12 -14 -15 18 16 27 -19 19 20 -22 -23 26 24 -26 -27 -28 -29 -30 -31
leaf_value=-0.012247800837380168 -0.058720638825126154 -0.00067254544182527979 -0.0045422747231260658 0.021752708356381167 -0.052194998118769501 0.021753672957443126 -0.0045063896892471129 -0.061466588484749667 -0.011849144928622598 -0.048781791438660821 -0.051871374600118647 0.014231578628535385 -0.025798485575180885 -0.026065618309437683 -0.036952532500161228 -0.030881304964307545 0.025464640051867278 0.0035455963065788481 -0.017268876467295569 -0.010582335931387663 0.0031258478392964801 -0.0046903810436358462 6.1186625135522334e-05 -0.00050683789575061452 -0.0087620407523160779 0.0022509168986909267 0.0073377975454991798 0.0090313018116982956 0.011851683375341182 -0.022242652851744434
leaf_weight=997.09945614635944 32.292456015944481 56.945059850811958 106.2156887948513 93.30998569726944 68.749567210674286 676.8675866574049 759.7445550262928 98.552198380231857 657.42129066586494 56.909852996468544 141.89513136446476 1024.09499797225 103.22754976153374 135.31691354513168 139.3559053838253 260.494574457407 361.69941481947899 1497.6209355890751 1873.9284012615681 1660.8061484098434 8175.3972963839769 5167.7449998408556 5576.4914936870337 47694.742975175381 3384.0713270753622 21372.274776890874 3053.2313796728849 3852.5352650135756 1223.456287369132 125.67570522427559
leaf_count=4116 130 230 426 378 277 2853 3095 406 2650 254 572 4199 423 547 564 1054 1509 6230 7587 6807 34523 21215 23293 199849 13927 89882 12634 15970 5343 506
internal_value=-4.85515e-05 -0.000181587 0.00274005 0.00586005 -0.000195529 0.0132008 -0.0103938 -0.0304919 -0.017872 -0.0148049 -0.0327601 0.0147378 0.0103651 -0.0379386 -7.78959e-05 0.000290353 0.00686517 -0.00169976 -0.00121844 -0.00289241 0.000809857 -0.00805842 0.00200391 -0.000244211 -0.00105367 0.00160365 0.00263632 0.0104188 0.00945621 -0.003472
internal_weight=110428 105402 5026.52 4062.01 2225.52 1836.48 964.512 204.768 783.081 714.331 334.157 1804.19 1127.32 277.212 105067 79420.5 5972.35 1758.12 25647 16877.9 9836.2 7041.67 8769.08 73448.2 51078.8 22369.4 8629.72 4214.23 1442.44 218.986
internal_count=461449 440509 20940 17013 9408 7605 3927 832 3181 2904 1349 7475 4622 1119 439160 332537 24763 7284 106623 70132 41330 28802 36491 307774 213776 93998 35927 17479 6227 884
cat_boundaries=0 1 2 3 4 5 6 7 8 9 10 11 12
cat_threshold=54 32 38 129 81 4 197 16 112 4 9 7
is_linear=0
shrinkage=0.05


Tree=82
num_leaves=31
num_cat=15
split_feature=0 2 1 2 2 1 2 1 1 2 3 4 3 3 4 5 5 5 1 4 2 1 1 4 1 1 4 5 5 7
split_gain=15.6186 50.6049 66.9808 63.7608 34.6851 30.1981 26.8579 32.8908 25.872 28.243 25.3336 22.1491 21.33 17.6119 23.7542 16.7008 17.5077 16.6602 16.5225 16.1133 15.4093 13.9669 17.0419 14.2302 13.7378 25.3871 13.6057 17.8541 13.7366 12.6145
threshold=0 1 21.500000000000004 2 3 9.5000000000000018 4 9.5000000000000018 40.000000000000007 5 6 7 8 9 10 894.25000000000011 881.25000000000011 136.25000000000003 9.5000000000000018 11 12 40.000000000000007 53.000000000000007 13 40.000000000000007 47.500000000000007 14 2309.0000000000005 694.25000000000011 1.0000000180025095e-35
decision_type=1 1 2 1 1 2 1 2 2 1 9 1 9 9 1 2 2 2 2 1 1 2 2 1 2 2 1 2 2 2
left_child=4 5 3 18 13 -2 29 -8 9 11 -11 -4 24 14 17 16 -14 -1 -3 -17 26 23 -23 -22 -7 -26 28 -28 -15 -5
right_child=1 2 8 6 -6 12 7 -9 -10 10 -12 -13 15 20 -16 19 -18 -19 -20 -21 21 22 -24 -25 25 -27 27 -29 -30 -31
leaf_value=0.036104657125622039 0.019974767896347688 -0.0016322706710494236 -0.0016978251699079296 0.012257353511444077 0.00013635873099773952 0.0011036699768210202 0.0099105091720909019 -0.0073215396398371288 0.0045495851703821703 -0.0041489095208666607 0.0082713138729787038 0.0046176077675452289 0.0028912500962403162 0.0097646070291641344 -0.0061271916791784597 0.0033630485779976675 -0.033178256440706259 0.00083223800207570518 -0.024656043931484187 0.010740516139331441 -0.0053069335358680953 -0.01026265050835788 0.0057517304400276532 0.00077729713681964961 -0.020392478779086568 0.0056732040567041876 -0.0011742821820210562 -0.048954450043541153 0.0011715703479588829 -0.018070698169779499
leaf_weight=34.434629514813423 292.04752677679062 91.811336144804955 2285.1016559302807 335.40386767685413 66343.719984322786 1566.4142489731312 313.81962288916111 2336.7188033014536 3841.9795783609152 4477.9087038785219 443.00069978833199 3514.7998732030392 3206.7522076368332 628.37709245085716 4798.0050229430199 1319.2776779234409 33.879895716905594 1110.1611348539591 533.6587873250246 1780.7431684732437 1632.309312582016 1072.6618219912052 196.07386234402657 2313.3189057558775 222.49358426034451 160.49226823449135 3666.6328191161156 19.562854260206223 1795.7651260048151 37.97680389881134
leaf_count=171 1236 379 9488 1390 277097 6500 1303 9620 16865 18550 1847 14709 13732 2623 19559 5572 144 4589 2185 7628 6770 4447 837 9649 926 694 15236 82 7462 159
internal_value=-4.65661e-05 0.0010039 -0.000488253 -0.00654587 -0.000383264 0.0041667 -0.0034834 -0.00525927 0.00102912 -0.000232056 -0.00301512 0.00212991 0.00361399 -0.00237872 -0.00458268 0.0050159 0.0025116 0.00188436 -0.0209503 0.0076482 -0.0012187 -0.003213 -0.00778355 -0.00175004 -0.000964148 -0.00945783 0.000484843 -0.00142666 0.00338743 0.00891653
internal_weight=110405 26794.3 18212.2 3649.39 83611 8582.1 3023.92 2650.54 14562.8 10720.8 4920.91 5799.9 8290.05 17267.3 5942.6 6340.65 3240.63 1144.6 625.47 3100.02 11324.7 5214.36 1268.74 3945.63 1949.4 382.986 6110.34 3686.2 2424.14 373.381
internal_count=461449 112927 76495 15036 348522 36432 12472 10923 61459 44594 20397 24197 35196 71425 24319 27076 13876 4760 2564 13200 47106 21703 5284 16419 8120 1620 25403 15318 10085 1549
cat_boundaries=0 1 2 3 4 5 6 7 8 9 10 11 12 13 14 15
cat_threshold=1 518 32 576 16 353 22 928 4 56 72 163 64 588 178
is_linear=0
shrinkage=0.05


Tree=83
num_leaves=31
num_cat=10
split_feature=6 4 5 5 5 4 6 4 6 4 3 4 5 5 5 5 5 5 3 6 6 5 6 4 5 6 4 6 5 4
split_gain=15.3054 59.8783 49.4569 67.0732 54.7107 43.1222 41.6103 176.253 60.4527 186.245 80.4297 76.9219 66.1337 56.2361 74.1312 48.9979 66.8165 130.559 82.0077 45.1111 38.8392 36.1641 35.0969 119.732 65.0897 51.0628 143.107 43.6333 33.8884 33.1317
threshold=8.6048812713834035 0 620.25000000000011 857.25000000000011 1336.7500000000002 1 10.864748560791512 2 11.440079884931739 3 4 5 1613.7500000000002 1089.5000000000002 1343.0000000000002 1479.5000000000002 850.75000000000011 886.25000000000011 6 10.330094668866876 6.9711984606016726 982.25000000000011 11.663712296943883 7 1180.2500000000002 11.975464858942047 8 12.459735465385817 1068.2500000000002 9
decision_type=2 1 2 2 2 1 2 1 2 1 9 1 2 2 2 2 2 2 9 2 2 2 2 1 2 2 1 2 2 1
left_child=1 2 -1 -4 5 -5 7 13 9 -8 12 -12 -11 28 -15 16 18 -18 -9 -16 21 -3 23 24 -10 26 -24 -27 -2 -25
right_child=6 20 3 4 -6 -7 8 15 22 10 11 -13 -14 14 19 -17 17 -19 -20 -21 -22 -23 25 29 -26 27 -28 -29 -30 -31
leaf_value=-0.028258410114165966 -0.018808739931977819 0.022831543083374234 0.01987285502234902 0.0084383842344351711 0.017932001618102496 -0.016828084651205551 -0.0422963072822393 0.016840030365595789 0.045938015335200998 -1.0302022497246562e-05 -0.0002794887025890239 -0.034628315284546449 0.030776776871321437 0.018336389035763224 -0.052745412261297246 -0.010126536768611668 0.0475133083233793 0.012115268828903755 -0.0093998349816034506 -0.0063561182052108024 -0.010443096405085801 -0.051781862546357166 0.017164375117315528 -0.0017508592036190184 0.0072462558560671591 0.0060445556899745732 -0.018023469818748371 -0.00013569435524680439 -0.069043544686101535 -0.036260852516295357
leaf_weight=127.643524736166 641.93393966555595 18.950498342514038 466.63198845088482 236.57743144035339 239.57781609892845 551.64976359903812 334.14789706468582 528.1911181807518 244.03028784692287 628.53160887956619 399.82025845348835 270.79010029137135 241.16372473537922 276.25632789731026 70.703468799591064 273.62277714908123 303.94275081157684 1826.1251240670681 656.91201651096344 203.1035598218441 676.74807254970074 108.01579405367374 378.85701337456703 377.42127999663353 196.63663564622402 2943.4400681555271 1133.3192517310381 95929.598000854254 35.439705431461334 76.471268057823181
leaf_count=543 2628 76 2459 1019 1055 2328 1371 2271 1045 2624 1612 1092 1035 1187 307 1138 1383 7732 2777 829 2788 438 1558 1543 816 12386 4616 400324 146 323
internal_value=-4.41232e-05 -0.00397178 0.00158791 0.00415285 -0.00298054 -0.00934461 4.40776e-05 0.0045867 -0.000167971 -0.00906503 -0.0015657 -0.0144648 0.00842678 -0.0117155 5.67707e-05 0.0101683 0.0118757 0.0171706 0.00235406 -0.0183681 -0.0150303 -0.0405968 -3.24925e-06 0.00985606 0.0280532 -9.11678e-05 -0.00920941 4.82464e-05 -0.0214542 -0.00823859
internal_weight=110396 2425.79 1622.08 1494.44 1027.81 788.227 107970 4816.23 103154 1874.45 1540.31 670.61 869.695 1227.44 550.063 3588.79 3315.17 2130.07 1185.1 273.807 803.714 126.966 101280 894.559 440.667 100385 1512.18 98873 677.374 453.893
internal_count=461449 10706 7404 6861 4402 3347 450743 20398 430345 7734 6363 2704 3659 5097 2323 15301 14163 9115 5048 1136 3302 514 422611 3727 1861 418884 6174 412710 2774 1866
cat_boundaries=0 1 2 3 4 5 6 7 8 9 10
cat_threshold=665 128 770 644 18 97 24 14 641 736
is_linear=0
shrinkage=0.05


Tree=84
num_leaves=31
num_cat=16
split_feature=6 6 6 3 6 6 3 3 4 4 6 9 9 4 3 4 6 4 3 4 6 6 9 4 4 3 6 6 3 4
split_gain=14.701 112.254 143.701 149.605 133.591 108.064 188.716 109.04 104.933 96.1751 95.967 98.4259 93.3452 109.22 74.1059 99.7709 68.5063 66.8432 85.2585 54.6957 63.1998 156.44 54.678 88.1814 68.7399 46.2153 36.5864 141.951 41.2932 33.4889
threshold=13.763223190052434 13.981667153046947 14.000784395711237 0 14.064225200783216 13.677197808620329 1 2 3 4 13.27161475917457 1.5000000000000002 3.5000000000000004 5 6 7 11.52141415833351 8 9 10 13.60588534413189 13.189202246547067 2.5000000000000004 11 12 13 13.051158180788427 13.484882890747524 14 15
decision_type=2 2 2 9 2 2 9 9 1 1 2 2 2 1 9 1 2 1 9 1 2 2 2 1 1 9 2 2 9 1
left_child=5 12 3 -3 17 7 29 8 10 -8 16 -12 13 -2 15 -15 -1 -4 -19 20 21 -9 23 -10 -24 -14 28 -28 -21 -7
right_child=1 2 4 -5 -6 6 9 19 22 -11 11 -13 25 14 -16 -17 -18 18 -20 26 -22 -23 24 -25 -26 -27 27 -29 -30 -31
leaf_value=0.0055883969563400087 -0.027003626942686262 0.047279773221831072 -0.0047492212932562471 -0.019420874915443462 1.3473004405757883e-05 0.046228648213752006 0.010987434291064895 -0.0015127097257280286 -0.019242740056355557 -0.023945498104178758 0.0090374234940688459 -0.020151918626109801 -0.012779244513250432 0.0011413963670186317 0.0094823738851671537 -0.04846494610331771 0.019106709931858909 0.00013305622309212829 -0.046878238225712326 0.0076724636470747211 -0.026796635785224922 0.0331006232085021 0.010507882547638818 -0.00085395096237856976 -0.002486627091572663 -0.043567599590327404 -0.03510244449235278 0.0021400765039407119 -0.0072099735526791929 0.01939736608544089
leaf_weight=1784.5391642600298 441.71377006173134 295.81002007424831 436.59323510527611 112.95613472163677 81182.25184443593 346.95269429683685 561.15275439620018 3143.0346917062998 733.22029572725296 290.6911938637495 662.71876119077206 511.57499104738235 266.86973316967487 313.70796038210392 919.76005558669567 141.22808282077312 1976.9763216525316 146.36893862485886 316.65036623179913 525.14134825766087 200.18515014648438 364.14998894929886 2145.3843687623739 5337.5853110104799 1925.2110903859138 272.3477491736412 496.17161682248116 527.64155046641827 3744.5838767886162 253.91536940634251
leaf_count=7735 1838 1268 1805 460 338467 1517 2359 13215 3025 1179 2765 2103 1091 1307 3821 585 8815 607 1275 2260 805 1594 9274 22618 8066 1105 2015 2163 15264 1048
internal_value=-4.22915e-05 -0.000358869 -5.14705e-05 0.029517 -0.000198818 0.00100959 0.0142525 0.000210332 0.00280962 -0.00106851 0.00878153 -0.00367514 -0.0111209 -0.0056938 0.00133793 -0.0149655 0.012695 -0.0193596 -0.0323209 -0.00414162 0.000517901 0.0020806 -0.000102251 -0.00310912 0.00438062 -0.0293891 -0.00740067 -0.0159056 -0.00537716 0.0354065
internal_weight=110377 84846.3 82490.6 408.766 82081.9 25530.8 1452.71 24078.1 15077.2 851.844 4935.81 1174.29 2355.63 1816.41 1374.7 454.936 3761.52 899.613 463.019 9000.91 3707.37 3507.18 10141.4 6070.81 4070.6 539.217 5293.54 1023.81 4269.73 600.868
internal_count=461449 353629 343882 1728 342154 107820 6103 101717 64401 3538 21418 4868 9747 7551 5713 1892 16550 3687 1882 37316 15614 14809 42983 25643 17340 2196 21702 4178 17524 2565
cat_boundaries=0 1 2 3 4 5 6 7 8 9 10 11 12 13 14 15 16
cat_threshold=4 4 26 200 150 660 2 258 336 2 551 4 278 4 32 40
is_linear=0
shrinkage=0.05


Tree=85
num_leaves=31
num_cat=0
split_feature=6 6 5 6 5 6 5 6 5 5 5 5 6 6 5 5 5 5 5 6 6 6 6 5 6 6 5 5 6 6
split_gain=18.7499 90.4877 62.4272 43.9554 43.6909 88.6176 55.1567 41.6141 44.7715 62.0025 42.6472 72.1061 63.7943 37.1803 76.9146 43.8967 35.2815 34.2767 90.6527 102.255 111.567 80.8581 160.301 182.194 117.368 97.7671 48.665 72.9169 63.0571 45.1384
threshold=17.635677999942832 17.797066475161422 2212.7500000000005 17.766110644004659 1147.2500000000002 17.713826142796862 352.75000000000006 17.825992953947459 1886.7500000000002 629.75000000000011 1373.2500000000002 1280.7500000000002 18.640881644856247 17.597782500319173 953.75000000000011 1167.2500000000002 1904.5000000000002 326.25000000000006 392.25000000000006 17.578476823590261 16.315286553153648 15.394612816404008 16.086754708483991 210.75000000000003 11.52141415833351 12.894455416860996 396.25000000000006 423.25000000000006 17.551563973236131 17.51328213851788
decision_type=2 2 2 2 2 2 2 2 2 2 2 2 2 2 2 2 2 2 2 2 2 2 2 2 2 2 2 2 2 2
left_child=13 3 7 4 6 16 -2 8 9 -3 11 -9 -12 17 -15 -16 -6 21 19 20 -19 24 23 -23 -1 -26 28 -28 -20 -24
right_child=1 2 -4 -5 5 -7 -8 10 -10 -11 12 -13 -14 14 15 -17 -18 18 26 -21 -22 22 29 -25 25 -27 27 -29 -30 -31
leaf_value=-0.010470663337946662 -0.027690095893122432 -0.022909874514068271 -0.044087740119742327 -0.027782996557248849 -0.056391384573760354 -0.0037165761388475577 0.0035813902347062638 -0.0010305574106833015 -0.012436776551669707 0.034374117983309416 -0.0018510536273901015 -0.020294648647374524 0.012773245322619663 0.031330649630714691 -0.036994624578620787 0.010179230342818609 -0.0016972952848400493 -0.0055827514525881696 0.019539475418795908 0.063456850245381613 -0.032299846425122659 0.0073442856801584815 0.0057715242647922022 -0.049146398958751114 0.029735301682970561 0.0079278725445755954 -0.014139743118287463 0.00029872755214800379 -0.091327499241697307 -0.034897563153150901
leaf_weight=663.51355086266994 171.18552742898464 56.974174469709396 80.413041040301323 356.41925366222858 160.66698303818703 320.89138115942478 796.9613800495863 9371.1918223649263 109.50928302109241 272.08067193627357 1646.4265800118446 512.2693005502224 1362.2193491756916 276.28726176917553 83.466944739222527 119.98789131641388 36.347862884402275 2248.060704678297 450.99348811805248 47.793809443712234 473.08322902023792 242.04706281423569 1709.8700603991747 347.19635683298111 661.35666252672672 2310.7531009614468 883.47093984484673 84465.716240227222 13.088866293430327 70.936405092477798
leaf_count=2708 699 230 332 1448 647 1297 3312 39474 445 1172 6738 2090 5629 1198 336 494 150 9416 1869 195 1942 1006 7072 1423 3045 9822 3662 353143 53 288
internal_value=6.9112e-06 -0.00162035 -0.000192525 -0.01201 -0.00822193 -0.0199432 -0.00194509 7.22121e-05 0.0152172 0.0244365 -0.000442715 -0.00202973 0.00476891 0.000268058 0.014151 -0.00915785 -0.0463321 0.000197577 -5.02025e-05 -0.00895455 -0.0102305 0.00385304 -0.00333094 -0.0259356 0.00853758 0.012783 0.000237066 0.000149196 0.0163828 0.00414684
internal_weight=110321 15253.6 13411.1 1842.47 1486.05 517.906 968.147 13330.7 438.564 329.055 12892.1 9883.46 3008.65 95067.6 479.742 203.455 197.015 94587.9 88582.2 2768.94 2721.14 6005.67 2370.05 589.243 3635.62 2972.11 85813.3 85349.2 464.082 1780.81
internal_count=461335 63663 56110 7553 6105 2094 4011 55778 1847 1402 53931 41564 12367 397672 2028 830 797 395644 370280 11553 11358 25364 9789 2429 15575 12867 358727 356805 1922 7360
is_linear=0
shrinkage=0.05


Tree=86
num_leaves=31
num_cat=8
split_feature=6 4 5 5 5 5 5 5 5 5 4 6 4 6 4 5 5 5 6 4 3 3 6 6 5 5 5 4 5 5
split_gain=17.3391 124.562 84.2513 106.883 78.1807 73.2665 150.103 126.465 88.8046 83.2226 77.2181 67.528 64.1389 56.1305 54.1298 51.9973 58.257 46.2518 41.7226 308.071 193.749 137.52 72.3672 65.1228 216.268 178.887 93.0235 76.209 60.9515 112.845
threshold=17.480478577105686 0 1046.0000000000002 396.25000000000006 1025.5000000000002 556.50000000000011 694.25000000000011 493.75000000000006 456.00000000000006 347.75000000000006 1 18.290467868337227 2 19.975010371364711 3 1987.7500000000002 1391.2500000000002 408.50000000000006 17.18427796434214 4 5 6 17.203414337583407 17.153564085006796 1131.2500000000002 499.75000000000006 1928.5000000000002 7 649.75000000000011 489.25000000000006
decision_type=2 1 2 2 2 2 2 2 2 2 1 2 1 2 1 2 2 2 2 1 9 9 2 2 2 2 2 1 2 2
left_child=18 2 3 -2 17 7 10 8 9 -3 -7 -4 -9 14 -8 16 -13 -5 23 21 -21 -20 -22 -1 25 -25 -26 -27 29 -23
right_child=1 5 11 4 -6 6 13 12 -10 -11 -12 15 -14 -15 -16 -17 -18 -19 19 20 22 28 -24 24 26 27 -28 -29 -30 -31
leaf_value=0.00013222185425856947 -0.014539222292079957 -0.016560003762972755 -0.010163410619851102 0.034206562231877305 0.04241124863951673 -0.004806969679033964 0.0015328190275061592 0.038598533642602469 -0.040845958446589892 0.012041249100827279 -0.037218770990323405 -0.0032504583350891196 0.0074245362006961141 0.022923355155077586 -0.0092937190690853336 -0.060326022507542681 0.012651690568952123 0.0073312917480595529 -0.0026257719710011322 -0.02147046036048187 0.036188025280197426 0.034898602495720715 0.00060383970950294533 -0.050982063578424885 -0.075130585176286985 -0.027862919354601102 0.022696395440878515 0.018749110582412739 0.024690234821142999 -0.010109534618029228
leaf_weight=85602.951102524996 501.72970901429653 486.5961829572916 1694.6972618997097 167.01087820529938 176.77190099656582 282.16895182430744 1631.4949419349432 261.91486406326294 167.94887092709541 532.5496307015419 604.19047503173351 1301.6745797246695 463.00694571435452 171.0454389154911 3948.9737429767847 31.957857862114906 1032.3735081106424 3883.2761408537626 883.00329178571701 1353.5922590643167 157.9314091950655 220.0656241029501 1493.6151061505079 143.99315685033798 162.74440471827984 97.15751576423645 28.428328260779381 503.68454633653164 1940.5079287290573 378.67313474416733
leaf_count=358214 2166 1973 6887 846 823 1147 6662 1322 676 2258 2456 5407 1966 704 16138 131 4263 16471 3624 5596 652 959 6130 591 660 391 115 2127 8382 1598
internal_value=6.68622e-06 -0.00144481 0.0027341 0.00727372 0.00986426 -0.00573788 -0.00822888 0.00287741 -0.00716819 -0.00160994 -0.027382 -0.00254449 0.0193332 -0.00527591 -0.00614153 0.00291079 0.00378132 0.00844153 0.000277463 0.00416414 -0.00751128 0.0143978 0.0039875 -1.11531e-05 -0.0131275 -0.000941922 -0.0605528 0.0110485 0.0203065 0.00642786
internal_weight=110306 17339.4 8789.49 4728.79 4227.06 8549.89 6637.87 1912.02 1187.09 1019.15 886.359 4060.7 724.922 5751.51 5580.47 2366.01 2334.05 4050.29 92966.3 6427.39 3005.14 3422.25 1651.55 86539 936.008 744.835 191.173 600.842 2539.25 598.739
internal_count=461335 72296 36994 20306 18140 35302 27107 8195 4907 4231 3603 16688 3288 23504 22800 9801 9670 17317 389039 26941 12378 14563 6782 362098 3884 3109 775 2518 10939 2557
cat_boundaries=0 1 2 3 4 5 6 7 8
cat_threshold=646 272 65 72 880 6 48 128
is_linear=0
shrinkage=0.05


Tree=87
num_leaves=31
num_cat=14
split_feature=2 0 2 1 3 2 1 1 1 5 4 4 2 3 4 6 1 6 4 5 6 4 6 6 1 2 1 5 2 1
split_gain=17.0002 19.4991 41.0028 32.339 26.7587 20.5035 17.9418 19.0175 16.5484 14.2225 14.8748 12.1052 12.6118 11.5803 11.5687 19.8676 11.4561 11.4377 34.0122 22.1544 13.957 67.1851 27.3484 11.9622 10.4894 16.8152 27.8178 17.9788 14.7019 58.0448
threshold=0 1 2 40.000000000000007 3 4 30.000000000000004 9.5000000000000018 53.000000000000007 347.75000000000006 5 6 7 8 9 16.195953866972754 9.5000000000000018 8.6048812713834035 10 620.25000000000011 10.330094668866876 11 10.694849517662156 6.9711984606016726 30.000000000000004 12 21.500000000000004 352.75000000000006 13 47.500000000000007
decision_type=1 1 1 2 9 1 2 2 2 2 1 1 1 9 1 2 2 2 1 2 2 1 2 2 2 1 2 2 1 2
left_child=6 5 4 14 8 24 7 -1 13 10 -6 -5 -13 -3 16 -16 -4 18 19 -7 21 -19 -22 -20 25 27 -27 -2 29 -26
right_child=1 2 3 11 9 17 -8 -9 -10 -11 -12 12 -14 -15 15 -17 -18 20 23 -21 22 -23 -24 -25 28 26 -28 -29 -30 -31
leaf_value=0.0098610628177968097 0.0080384676606169627 0.004298800882286782 0.0094464045154383242 0.0070423779350889575 -0.0049838632558690359 -0.031376653652110585 0.0031477208019787643 -0.00028263450579849589 0.019895849149935117 0.025197958487743366 0.016124767156775098 -0.011396944985608738 0.0025102172734220965 -0.00098328750147344155 0.0017840681184456263 -0.0034416026271635899 -0.0038174707750719575 -0.016253412431245558 -0.04281502121775143 0.0027378514648159361 -0.01540166382686942 0.012059324354733258 -0.0013008494735699675 -0.016393799734781375 0.0082651590077225494 -0.0083214586612303711 -0.0002963098892518478 0.00010539052364204945 0.00014681341397581872 -0.0043793726514694941
leaf_weight=480.6855862736702 770.98980835080147 4050.1417183727026 168.18655543029308 1669.8064625710249 127.00337645411491 51.766153439879417 8044.1615652889013 11857.223263069987 148.05161483585835 213.73145581781864 224.86902000010014 173.39002966880798 1454.9526297748089 1393.1681692302227 4636.1263130456209 2992.7635244727135 4819.047164440155 278.26494193077087 52.048171207308769 577.12820833921432 346.87334661185741 762.13873709738255 39266.610416278243 251.73584482073784 2671.831872522831 1581.2075174599886 3409.4753952771425 9699.7144391983747 6729.1114249676466 1373.8530786186457
leaf_count=2022 3230 17154 696 7346 543 220 34894 49374 724 908 950 760 6376 5773 19346 12427 19910 1158 209 2649 1432 3238 162748 1025 11254 6512 14064 40180 28427 5786
internal_value=6.42475e-06 -0.000289168 0.00100159 -0.000339683 0.00446251 -0.000709329 0.00130986 0.000112236 0.00339589 0.0147535 0.00880898 0.00406789 0.000965169 0.00295208 -0.00149261 -0.000264944 -0.00336224 -0.00139967 -0.00687547 -6.57615e-05 -0.00127425 0.00444089 -0.00142449 -0.0202822 0.000385116 -0.000449079 -0.00283437 0.000689417 0.00158297 0.00396024
internal_weight=110276 89894 22071.2 15914.3 6156.97 67822.7 20382.1 12337.9 5591.36 565.604 351.872 3298.15 1628.34 5443.31 12616.1 7628.89 4987.23 41586.6 932.678 628.894 40653.9 1040.4 39613.5 303.784 26236.2 15461.4 4990.68 10470.7 10774.8 4045.68
internal_count=461335 375045 92913 66861 26052 282132 86290 51396 23651 2401 1493 14482 7136 22927 52379 31773 20606 172679 4103 2869 168576 4396 164180 1234 109453 63986 20576 43410 45467 17040
cat_boundaries=0 1 2 3 4 5 6 7 8 9 10 11 12 13 14
cat_threshold=34 1 516 22 137 688 151 1 18 928 665 898 9 128
is_linear=0
shrinkage=0.05


Tree=88
num_leaves=31
num_cat=13
split_feature=5 5 10 5 4 4 4 5 4 10 5 5 4 5 4 5 5 4 3 5 4 5 3 4 5 4 0 10 10 5
split_gain=17.1486 130.927 76.5204 61.4258 126.279 85.7791 36.4136 29.7172 25.5325 43.1265 24.8854 28.8307 20.403 20.0792 200.558 48.2966 35.4418 99.4831 109.738 67.3112 76.4031 46.3963 21.6311 17.5215 15.0064 18.5283 15.3146 14.6709 13.6597 32.9727
threshold=1904.5000000000002 1886.7500000000002 3.5000000000000004 2015.7500000000002 0 1 2 1948.0000000000002 3 2.5000000000000004 2055.2500000000005 2323.7500000000005 4 1827.0000000000002 5 1868.2500000000002 1786.0000000000002 6 7 1744.5000000000002 8 1722.0000000000002 9 10 2259.5000000000005 11 12 3.5000000000000004 1.0000000180025095e-35 2055.2500000000005
decision_type=2 2 2 2 1 1 1 2 1 2 2 2 1 2 1 2 2 1 9 2 1 2 9 1 2 1 1 2 2 2
left_child=1 13 3 5 28 -2 7 -4 -7 -10 -6 -12 -3 16 22 23 19 -18 -19 21 -21 -1 -15 -16 25 -8 -26 -14 29 -5
right_child=2 12 6 4 10 8 24 -9 9 -11 11 -13 27 14 15 -17 17 18 -20 20 -22 -23 -24 -25 26 -27 -28 -29 -30 -31
leaf_value=-2.9899348913107594e-05 -0.057191618644008069 -0.00099397234081562689 -0.001137519134544552 0.0202729176351172 -0.044471872958994942 0.019762094073678287 0.023819499249072985 -0.05619220397413769 -0.0023898607221900718 0.020662530797608152 -0.010274665264765394 -0.047978310023793679 -0.049200449279896113 0.018394378388305606 -0.015035531996100016 -0.068411333071709199 0.02439967024646731 0.014599750168147655 -0.035569947313726695 -0.043616563564526797 -0.0055815400064749988 0.013522521855556122 -0.014009068768475698 -0.040323719606997765 -0.020662310912158963 -0.0042358625238628237 0.0040963719842708876 -0.025887835604642917 0.011084259175044639 -0.019385226293069005
leaf_weight=101715.28451925516 33.619617938995361 58.606032833456993 36.275192111730576 90.779210567474365 70.027626499533653 969.56554351747036 57.583699285984039 76.729731768369675 468.80103725194931 357.11528579890728 655.56079205870628 54.975271016359329 140.9049476236105 441.59007370471954 261.81161245703697 74.497188434004784 507.23015494644642 232.55177074670792 189.46241618692875 169.79426798224449 536.59104491770267 635.36556914448738 53.173234581947327 116.77940727770329 245.05043882131577 440.86633987724781 83.350807726383209 132.91967935860157 1233.342461630702 123.63393980264664
leaf_count=425859 135 237 150 369 283 4059 236 320 1907 1498 2645 250 568 1804 1072 300 2134 1001 764 702 2207 2577 215 474 998 1794 342 539 5399 497
internal_value=6.20072e-06 -0.000129614 0.00286806 0.00584666 0.000270484 0.0126368 -0.0099847 -0.0354463 0.0141897 0.00748235 -0.0158194 -0.0132052 -0.0314539 -3.03016e-05 -0.00727434 -0.0309116 3.56878e-05 0.00975625 -0.0082172 -5.19214e-05 -0.0154324 5.41947e-05 0.0146914 -0.0243195 -0.00599386 -0.000587784 -0.0143638 -0.0365805 0.00899648 -0.00256965
internal_weight=110264 105267 4997.28 4057.42 2228.32 1829.1 939.856 113.005 1795.48 825.916 780.564 710.536 332.431 104934 947.852 453.088 103986 929.244 422.014 103057 706.385 102351 494.763 378.591 826.851 498.45 328.401 273.825 1447.76 214.413
internal_count=461335 440453 20882 17042 9443 7599 3840 470 7464 3405 3178 2895 1344 439109 3865 1846 435244 3899 1765 431345 2909 428436 2019 1546 3370 2030 1340 1107 6265 866
cat_boundaries=0 1 2 3 4 5 6 7 8 9 10 11 12 13
cat_threshold=54 32 292 89 129 274 769 16 69 4 132 65 1
is_linear=0
shrinkage=0.05


Tree=89
num_leaves=31
num_cat=7
split_feature=2 1 1 1 3 0 5 10 5 3 5 5 3 5 10 5 5 5 5 5 3 10 5 3 10 5 10 10 10 1
split_gain=15.6245 14.5292 13.8375 22.3906 12.429 13.7352 11.6477 66.1734 59.3979 73.2434 56.6842 63.8729 52.5787 38.8148 64.054 38.3701 37.276 39.5842 127.692 29.5814 27.9643 91.8432 32.5384 25.2469 22.6153 20.0123 19.8545 16.8739 9.44609 9.39234
threshold=0 9.5000000000000018 30.000000000000004 21.500000000000004 1 2 326.25000000000006 1.5000000000000002 320.50000000000006 3 392.25000000000006 382.75000000000006 4 396.25000000000006 3.5000000000000004 378.50000000000006 320.50000000000006 225.25000000000003 210.75000000000003 259.25000000000006 5 1.5000000000000002 449.75000000000006 6 1.0000000180025095e-35 289.75000000000006 1.0000000180025095e-35 2.5000000000000004 1.5000000000000002 53.000000000000007
decision_type=1 2 2 2 9 1 2 2 2 9 2 2 9 2 2 2 2 2 2 2 9 2 2 9 2 2 2 2 2 2
left_child=1 -1 3 -3 5 29 7 8 9 19 11 12 15 14 -12 -8 17 18 -9 -2 21 -15 -22 -13 -11 -19 -10 -14 -25 -4
right_child=6 2 4 -5 -6 -7 10 16 26 24 13 23 27 20 -16 -17 -18 25 -20 -21 22 -23 -24 28 -26 -27 -28 -29 -30 -31
leaf_value=0.013019450584085258 0.0037474539956196696 0.0040882741480956176 -0.0049739081568604083 -0.0020805818921193968 0.0059543332713322926 0.0076524858878213604 -0.005370798111180854 -0.0014486503734055223 0.040833710237485991 -0.034973255186537607 0.018744822500414756 -0.012293402353871372 -0.061942059664889332 -0.034404562025576867 -0.087448622782645896 0.011667110623669073 -0.025475201329289598 0.0070695357112936846 -0.045040011937788352 0.014927480064046653 0.0059423832344428825 -0.00094205074252389377 -0.00021973406028598871 -0.056945483034132466 -0.0056565776609926455 -0.00380257594920245 -0.030149543517292356 -0.022752457367504517 -0.032761250675550267 0.012912542753893501
leaf_weight=282.66833519935608 1424.2743605077267 2279.8291780054569 840.89181192219257 4145.1625621914864 2515.5882508307695 403.37764349579811 2043.6703940778971 1009.6005591899157 156.59680636227131 125.78947533667088 406.79838927090168 217.00841836631298 47.495140179991722 254.60404267907143 14.601400032639502 393.95356866717339 174.62560094892979 1124.6905468702316 201.50036296248436 1014.0842735171318 2196.3878923803568 1053.7326515763998 86771.029298439622 65.551833257079124 138.88002391159534 677.9076828956604 10.35970927774906 66.863469168543816 111.88151597976685 80.188935801386833
leaf_count=1204 6144 9544 3600 17259 11272 1759 8514 4220 795 514 1689 875 202 1033 59 1697 719 4652 819 4266 9377 4356 361982 270 581 2796 43 275 466 353
internal_value=5.35552e-06 0.00183447 0.00152765 0.000107612 0.00390222 -3.64725e-05 -0.000188268 0.00193629 0.00744446 0.00565385 -0.000325793 -0.00715083 -0.00425376 -0.000104009 0.0150335 -0.00260414 -0.00302042 -0.00171684 -0.00870854 0.00836526 -0.000174742 -0.00740327 -6.75362e-05 -0.025876 -0.0189028 0.00297808 0.0363838 -0.0359696 -0.0395249 -0.00341006
internal_weight=110250 10547.7 10265 6424.99 3840.05 1324.46 99701.9 6058.31 2869.98 2703.03 93643.6 2946.42 2551.98 90697.2 421.4 2437.62 3188.32 3013.7 1211.1 2438.36 90275.8 1308.34 88967.4 394.442 264.669 1802.6 166.957 114.359 177.433 921.081
internal_count=461335 44991 43787 26803 16984 5712 416344 25549 12343 11505 390795 12299 10688 378496 1748 10211 13206 12487 5039 10410 376748 5389 371359 1611 1095 7448 838 477 736 3953
cat_boundaries=0 1 2 3 4 5 6 7
cat_threshold=2 56 1 40 34 32 20
is_linear=0
shrinkage=0.05


Tree=90
num_leaves=31
num_cat=5
split_feature=6 4 6 5 6 6 5 3 6 5 6 4 6 6 4 6 5 5 5 5 5 6 5 4 6 5 5 5 5 6
split_gain=14.5604 107.516 107.609 49.5404 91.2129 155.575 89.7965 108.049 89.4246 73.1686 52.1403 98.1203 82.3972 44.6836 92.8791 205.723 94.6596 88.515 176.372 131.998 227.564 177.62 84.8556 76.169 131.661 151.671 122.989 300.651 310.388 202.113
threshold=17.635677999942832 0 17.713826142796862 1180.2500000000002 17.872925874660819 18.185943538673374 556.50000000000011 1 19.013930035842261 352.75000000000006 17.998811766531059 2 18.290467868337227 16.59118431911434 3 16.482552631098532 537.25000000000011 597.25000000000011 505.25000000000006 1381.0000000000002 1613.7500000000002 16.497579859423432 136.25000000000003 4 16.67903909714051 1469.2500000000002 1388.2500000000002 1272.5000000000002 1127.2500000000002 16.884442036925403
decision_type=2 1 2 2 2 2 2 9 2 2 2 1 2 2 1 2 2 2 2 2 2 2 2 1 2 2 2 2 2 2
left_child=13 2 -2 6 -5 -6 7 9 -9 -3 11 -8 -12 14 17 -16 -17 18 22 21 -21 -19 -1 26 25 -25 27 28 -15 -29
right_child=1 3 -4 4 5 -7 10 8 -10 -11 12 -13 -14 23 15 16 -18 19 -20 20 -22 -23 -24 24 -26 -27 -28 29 -30 -31
leaf_value=0.035217024509744919 -0.024926690972645285 -0.036779056542272918 0.0032536457869651939 -0.027569746642617576 0.029542854317294667 -0.0042094951614589935 -0.0074970757951975803 -0.033999758988502535 0.0081729792287625249 0.016203469294990662 0.0057449724649534057 -0.048116830883505303 -0.01719785484038602 0.0017873781747330731 -0.0014226618177786139 0.0037364373018911896 -0.030061687037386337 0.0039059625036326089 -0.020204596062723706 -0.012238858697487939 0.0042104243420077684 0.029806190671431372 -0.00090696466117080789 0.017987173822850876 -0.0024065896677028806 -0.042210513443569353 0.015785579417901905 0.016680932655435684 0.035139517294598237 -0.044212210263645704
leaf_weight=166.75611452758312 352.51127231121063 70.973788216710091 8609.1438651382923 272.36593271791935 438.85538090765476 1535.6335322856903 319.03693673014641 317.51067891716957 207.71071331202984 778.09580652415752 528.00378297269344 293.80694843828678 1508.2669753879309 5826.1606779694557 34261.068564623594 266.28483803570271 928.72366136312485 21034.248032465577 1292.3472134321928 3578.5816378295422 5096.7737632840872 683.43544928729534 6321.9604786634445 1387.4760398417711 10291.773001939058 113.03271032869816 2269.539759144187 183.66392247378826 792.44064581394196 526.32752245664597
leaf_count=867 1445 289 36442 1109 1863 6262 1290 1283 841 3352 2153 1186 6171 24346 142358 1081 3772 88928 5368 14781 21181 3119 26495 5850 42753 459 10062 784 3363 2147
internal_value=6.30555e-05 -0.00137202 0.00214194 -0.00638827 -0.000448823 0.00329098 -0.00971967 0.000647699 -0.0169903 0.011628 -0.0150997 -0.027891 -0.0112463 0.000293154 -0.000291196 -0.00213355 -0.0225266 0.00142003 -0.00333769 0.00263872 -0.00257439 0.00472138 2.1158e-05 0.00230483 -0.000388492 0.0134467 0.0056089 0.00246416 0.00578183 -0.0284529
internal_weight=110253 15231.9 8961.66 6270.26 2246.85 1974.49 4023.41 1374.29 525.221 849.07 2649.11 612.844 2036.27 95020.6 73630.2 35456.1 1195.01 38174.1 7781.06 30393 8675.36 21717.7 6488.72 21390.4 11792.3 1500.51 9598.13 7328.59 6618.6 709.991
internal_count=461400 63686 37887 25799 9234 8125 16565 5765 2124 3641 10800 2476 8324 397714 307950 147211 4853 160739 32730 128009 35962 92047 27362 89764 49062 6309 40702 30640 27709 2931
cat_boundaries=0 1 2 3 4 5
cat_threshold=710 18 33 91 804
is_linear=0
shrinkage=0.05


Tree=91
num_leaves=31
num_cat=2
split_feature=6 6 5 6 6 5 3 5 5 6 5 5 5 6 5 3 6 5 5 5 6 6 5 5 5 5 5 5 6 5
split_gain=13.1826 87.6084 43.4967 40.379 56.707 121.44 186.884 161.83 60.1235 54.7743 91.1143 51.7355 191.923 52.342 92.3048 69.9156 38.3491 36.8226 129.939 45.6449 34.4512 33.6064 136.725 267.246 110.045 63.5561 130.277 123.251 30.1242 31.81
threshold=17.635677999942832 17.797066475161422 2212.7500000000005 16.59118431911434 16.742496947627398 1673.7500000000002 0 747.25000000000011 1632.7500000000002 16.576902047894297 303.75000000000006 1786.0000000000002 1928.5000000000002 17.18427796434214 499.75000000000006 1 17.242672232307193 378.50000000000006 408.50000000000006 210.75000000000003 17.825992953947459 16.300646139023097 1676.0000000000002 1243.2500000000002 2212.7500000000005 1722.0000000000002 1738.2500000000002 1632.7500000000002 17.766110644004659 886.25000000000011
decision_type=2 2 2 2 2 2 9 2 2 2 2 2 2 2 2 9 2 2 2 2 2 2 2 2 2 2 2 2 2 2
left_child=3 28 17 9 5 6 8 -8 -5 21 -11 13 -13 14 -6 -15 -14 19 -19 -3 -20 25 23 -23 -24 27 -27 -1 -2 -30
right_child=1 2 -4 4 11 -7 7 -9 -10 10 -12 12 16 15 -16 -17 -18 18 20 -21 -22 22 24 -25 -26 26 -28 -29 29 -31
leaf_value=9.9497673148736689e-05 -0.0083892053789188636 0.0097615782903122499 -0.037370588944135558 -0.025517318240883616 -0.013356452034401096 0.027495874075337597 -0.0031499050826103319 0.02410890020478712 0.0045551092714867687 0.030566684863414569 -0.030850879497327895 -0.078529278066651206 0.010106618402082691 0.011999334853252998 0.0011204168578151997 0.0016271149347561358 -0.011729360771494925 0.034056758296627875 0.014240056622803036 -0.016984626327380535 -0.0002983575474806619 -0.010063085491588675 -0.035381704620217842 0.013212144958621788 0.010328886530561077 0.03991541900437881 0.003619247548433908 -0.012494912696170819 -0.040156727547103178 -0.010252674050980824
leaf_weight=60059.974596172571 1480.7583555430174 216.27234601974487 76.90314993262291 580.95145764946938 1289.4363837689161 648.13157410919666 1028.2630359977484 1156.4630661606789 232.39118179678917 74.640637159347534 313.22940772771835 93.091398075222969 338.22812232375145 2267.6645954996347 7531.5171791911125 5709.8032443523407 495.17039249837399 290.1236332654953 421.98414054512978 605.16278445720673 11772.256366655231 3155.4852425009012 541.93657056987286 2024.3714147359133 173.65845191478729 260.0046024620533 5008.5117543637753 2007.3681155443192 170.95779502391815 186.61113382875919
leaf_count=251623 6100 956 323 2377 5343 2970 4333 4962 943 309 1268 376 1603 9503 31411 23920 2023 1440 1789 2499 49122 13063 2208 8696 827 1063 20717 8176 696 761
internal_value=5.99301e-05 -0.00130609 9.94954e-05 0.000278871 0.00219222 0.00787101 0.003626 0.011226 -0.0167138 -0.000276495 -0.0190141 0.00102372 -0.0104772 0.00165839 -0.000995355 0.00459333 -0.00286126 0.000316715 0.000991809 -0.00993631 0.00020445 -0.000177157 -0.00379706 -0.000965706 -0.0242819 0.000139707 0.00541216 -0.000307767 -0.0115406 -0.0245714
internal_weight=110211 15221 13382.7 94990.3 21371.1 3646.2 2998.07 2184.73 813.343 73619.2 387.87 17724.9 926.49 16798.4 8820.95 7977.47 833.399 13305.8 12484.4 821.435 12194.2 73231.3 5895.45 5179.86 715.595 67335.9 5268.52 62067.3 1838.33 357.569
internal_count=461400 63686 56129 397714 89764 15585 12615 9295 3320 307950 1577 74179 4002 70177 36754 33423 3626 55806 52351 3455 50911 306373 24794 21759 3035 281579 21780 259799 7557 1457
cat_boundaries=0 1 2
cat_threshold=4 4
is_linear=0
shrinkage=0.05


Tree=92
num_leaves=31
num_cat=13
split_feature=6 4 6 4 6 4 6 4 6 4 6 9 6 6 4 6 4 4 4 9 4 9 3 6 6 9 6 6 3 4
split_gain=11.9014 95.5228 94.317 36.6802 36.496 83.4045 175.472 67.6957 112.758 119.66 111.264 89.805 178.098 75.2381 117.622 72.9613 160.95 106.598 69.4461 58.4573 45.1031 42.602 102.787 63.663 35.1597 144.526 236.136 121.202 110.547 148.016
threshold=17.635677999942832 0 17.713826142796862 1 16.59118431911434 2 16.482552631098532 3 16.67903909714051 4 16.612312694996909 3.5000000000000004 17.416501043903832 16.67903909714051 5 17.18427796434214 6 7 8 1.0000000180025095e-35 9 3.5000000000000004 10 15.519552055276328 14.81403404491749 1.0000000180025095e-35 14.898809523364624 14.905936016317712 11 12
decision_type=2 1 2 1 2 1 2 1 2 1 2 2 2 2 1 2 1 1 1 2 1 2 9 2 2 2 2 2 9 1
left_child=4 2 3 -2 5 24 21 11 9 10 -9 13 18 14 -6 16 -10 -17 -13 -8 -15 23 -23 -7 28 26 -26 -27 29 -1
right_child=1 -3 -4 -5 7 6 19 8 15 -11 -12 12 -14 20 -16 17 -18 -19 -20 -21 -22 22 -24 -25 25 27 -28 -29 -30 -31
leaf_value=0.041055832136521822 -0.0022125197605873071 -0.0059726114063891958 0.00311347368360009 -0.035872822130492608 0.025984274499070453 -0.00069314640161699385 -0.0009462968531071431 0.028059229403556984 -0.022101466754667717 0.018500060666576012 -0.044545559636758353 0.024822183494660897 -0.038437966020372728 -0.0028611839866511755 -0.042020090307980817 0.0071515575202621244 -0.0015913829830722743 -0.0086476665854495743 0.0038580683258856436 -0.026993492485178839 0.0060532290808361904 0.017780269569894393 -0.00023490769469515158 -0.0060019633969589405 -0.084507363955092063 0.022793909495367526 -0.0042295679363690457 0.0039183026062909916 -0.0013197779943108113 0.0048987696339454923
leaf_weight=330.61768199503422 143.31074884533882 6262.3418086022139 8601.9473611265421 208.95104114711285 84.86225089430809 19573.419143766165 282.48377311229706 78.734630852937698 1233.9380586743355 1252.9648217558861 159.20124508440495 1324.8970230221748 147.48846809566021 1932.2259069681168 201.89048910140991 3330.0061383545399 4167.3464741259813 1559.6888022273779 583.8158104121685 912.60422687232494 5296.3253607004881 905.68824027478695 5849.296827852726 7938.6188807040453 94.24558113515377 906.42622350156307 3164.279749661684 13786.40351960063 18137.975538417697 1730.7869045883417
leaf_count=1432 586 25799 36442 859 351 81534 1147 335 5058 5316 658 6173 597 8113 844 14042 17271 6382 2426 3706 22198 4098 23884 32842 387 3870 13176 57839 76571 7464
internal_value=5.71869e-05 -0.00124094 0.00207209 -0.0232784 0.000265242 -0.000262614 -0.002008 0.00208518 -0.000453561 0.0123961 -0.019671 0.00520573 0.0144706 0.00267694 -0.0224343 -0.00231618 -0.00632208 0.00210785 0.0185633 -0.0208415 0.00367408 -0.00135155 0.00220597 -0.00222521 0.00135981 0.00297029 -0.00655548 0.00508326 -7.05354e-05 0.0108721
internal_weight=110183 15216.6 8954.21 352.262 94966.2 73612.8 35462.1 21353.4 11781.9 1490.9 237.936 9571.51 2056.2 7515.3 286.753 10291 5401.28 4889.69 1908.71 1195.09 7228.55 34267 6754.99 27512 38150.7 17951.4 3258.53 14692.8 20199.4 2061.4
internal_count=461400 63686 37887 1445 397714 307950 147211 89764 49062 6309 993 40702 9196 31506 1195 42753 22329 20424 8599 4853 30311 142358 27982 114376 160739 75272 13563 61709 85467 8896
cat_boundaries=0 1 2 3 4 5 6 7 8 9 10 11 12 13
cat_threshold=710 68 91 804 80 256 66 82 36 32 2 40 64
is_linear=0
shrinkage=0.05


Tree=93
num_leaves=31
num_cat=7
split_feature=3 4 6 6 6 6 6 6 6 6 4 4 6 6 6 6 6 6 4 6 6 6 6 6 6 4 6 6 4 6
split_gain=12.3833 83.3379 87.7257 75.6298 72.2286 180.535 113.855 67.1658 125.33 90.1351 56.0647 46.5542 55.5936 85.8453 102.743 56.087 124.651 111.416 48.0462 95.5731 96.5394 81.6014 42.2719 38.9151 129.185 135.626 124.163 102.612 118.833 113.036
threshold=0 1 19.975010371364711 11.975464858942047 19.651028396125692 18.595614151068641 18.485230661856772 15.11510148297498 15.519552055276328 15.096641929654128 2 3 13.700946206469519 14.041822681632485 13.838525637873836 14.320746004028047 14.48590475097941 14.255836268801319 4 11.663712296943883 10.818352022119006 11.881804547884274 11.663712296943883 14.563918160026576 15.176457451306582 5 15.141100828930584 14.36842930928035 6 14.285120766993787
decision_type=9 1 2 2 2 2 2 2 2 2 1 1 2 2 2 2 2 2 1 2 2 2 2 2 2 1 2 2 1 2
left_child=1 2 3 22 5 6 -3 9 -9 -5 -8 12 18 14 -14 17 -17 -15 19 20 -2 -21 -1 27 25 -25 -27 29 -29 -13
right_child=11 4 -4 7 -6 -7 10 8 -10 -11 -12 23 13 15 -16 16 -18 -19 -20 21 -22 -23 -24 24 -26 26 -28 28 -30 -31
leaf_value=-0.0053908189008390686 0.0043143165251402224 -0.0023706563986098297 -0.056158902895704278 0.0084584089287049954 0.017205101883410175 -0.033500996992427395 0.036975998764905378 -0.025877426362058187 0.0033528238781796262 0.044290070908742936 0.0074680440114327749 -0.00064906598914990293 -0.0017609152899567507 -0.007105468181061678 -0.042097195005605763 -0.039943926949695265 -0.0025191303086599913 0.02837013203376508 -0.00087114566060975248 0.050008069275119617 -0.044108416985796539 0.011535706611000136 -0.037270493471236787 0.021720856958768225 0.00098349352128591742 -6.5294737571545982e-05 0.028353234844062537 -0.044099284064229353 -0.0058524508679428404 0.021089983508405963
leaf_weight=1279.6031164526939 355.37794937193394 28635.429665267467 62.816615983843803 2949.1871173977852 479.57866135239601 457.92976096272469 236.18535983562469 383.98996797204018 8095.0849488526583 186.61764293909073 517.50843873620033 12710.552641659975 328.42788083851337 463.48615017533302 304.39729228615761 226.4088516831398 12625.441402301192 423.15855939686298 3218.9786779284477 154.47541278600693 144.70873382687569 1282.5997334122658 113.18049263954163 1595.748526096344 27992.117911830544 2761.2114189267159 446.33707390725613 264.01785260438919 826.49815948307514 627.37670382857323
leaf_count=5209 1515 118440 254 12335 1982 1870 1241 1562 33919 778 2189 54015 1347 1875 1226 925 52153 1860 13553 641 598 5579 456 6673 118453 11582 1974 1079 3468 2649
internal_value=5.47078e-05 -0.000602669 0.0027334 0.00302072 -0.00204108 -0.00235123 -0.00186559 0.00434125 0.0020282 0.0105938 0.0173149 0.000482182 -0.00157061 -0.00316956 -0.0211747 -0.0023397 -0.00317913 0.00982121 0.00288199 0.0090785 -0.00969366 0.0156779 -0.00798751 0.00133129 0.00228364 0.00985928 0.00387632 -0.00083211 -0.0155779 0.00037325
internal_weight=110148 43397.1 13070.5 13007.7 30326.6 29847.1 29389.1 11614.9 8479.07 3135.8 753.694 66751.3 19527.5 14371.3 632.825 13738.5 12851.9 886.645 5156.14 1937.16 500.087 1437.08 1392.78 47223.9 32795.4 4803.3 3207.55 14428.4 1090.52 13337.9
internal_count=461400 180235 54513 54259 125722 123740 121870 48594 35481 13113 3430 281165 81272 59386 2573 56813 53078 3735 21886 8333 2113 6220 5665 199893 138682 20229 13556 61211 4547 56664
cat_boundaries=0 1 2 3 4 5 6 7
cat_threshold=44 162 64 162 128 9 72
is_linear=0
shrinkage=0.05


Tree=94
num_leaves=31
num_cat=6
split_feature=6 6 3 5 6 6 3 6 5 5 3 3 5 3 5 5 5 5 5 5 6 5 6 6 5 6 5 6 5 3
split_gain=12.3079 103.907 158.646 140.423 97.4152 140.476 126.242 97.0711 95.0715 89.6909 85.2463 83.447 78.5983 77.8486 57.8429 52.0676 82.5438 49.4045 49.2419 40.8152 36.2768 36.1139 35.4922 34.8153 36.1304 35.3938 34.5768 31.5762 29.3267 28.2873
threshold=13.763223190052434 13.677197808620329 0 1928.5000000000002 13.981667153046947 14.000784395711237 1 14.064225200783216 172.25000000000003 1441.7500000000002 2 3 718.25000000000011 4 2174.0000000000005 225.25000000000003 303.75000000000006 2309.0000000000005 210.75000000000003 664.50000000000011 13.541547250415237 1124.7500000000002 13.822531679185952 13.639618486116543 1343.0000000000002 8.6048812713834035 1219.0000000000002 13.442551905502151 408.50000000000006 5
decision_type=2 2 9 2 2 2 9 2 2 2 9 9 2 9 2 2 2 2 2 2 2 2 2 2 2 2 2 2 2 9
left_child=1 8 3 21 9 6 -6 13 27 11 23 12 28 19 -11 18 -17 20 -9 -7 -12 -3 -14 25 -25 -10 -15 -1 -2 -4
right_child=4 2 29 -5 5 7 -8 15 10 14 17 -13 22 26 -16 16 -18 -19 -20 -21 -22 -23 -24 24 -26 -27 -28 -29 -30 -31
leaf_value=0.031566153800811868 -0.079418388442086083 -0.009977709628993808 0.0098670163541215508 -0.034255795486280327 0.04596305177748844 0.017731767959967261 -0.01653439775041177 -0.0044877978301791997 -0.0042310848663983745 -0.038941854233380806 -0.0030139643264368789 0.0043393793548727726 -0.011588256038080075 -0.04283185132948153 -0.0030256054705770138 0.0095134338331142147 -1.1206651906095845e-05 -0.049704725645883824 -0.02640477518852858 -0.013525749804241564 -0.019259853898840301 0.046317950832696131 -0.041567161737824869 -0.027725683735443426 0.04692879917704243 0.0033858206809246646 -0.015521295934611613 -0.057499475762279276 0.0035097412898539813 -0.0081969479232570069
leaf_weight=284.52359536290169 10.921991884708403 30.055165842175484 390.20134545862675 66.036814376711845 289.91416244208813 177.20975928008556 108.57780969142914 1341.8207656592131 1729.6737769544125 376.35501238703728 8522.0307336896658 1037.9383941739798 150.61101144552231 262.97406820952892 160.1070044785738 2343.8024398237467 77028.790991410613 58.586628466844559 316.97686842083931 253.96743647754192 358.11639061570168 491.05306455492973 290.02006590366364 156.3450403958559 17.944210857152939 12862.155483976007 208.78358541429043 10.184259161353109 324.40936683118343 462.46362388134003
leaf_count=1471 44 122 1664 274 1261 754 441 5617 7484 1539 35296 4310 631 1062 649 9789 321912 268 1295 1041 1448 2133 1190 638 73 54860 844 44 1366 1880
internal_value=5.22744e-05 0.00101674 0.0140627 0.0337763 -0.000237398 4.90749e-05 0.0296602 -9.49151e-05 0.000233806 -0.0102742 -0.000116932 -0.00495838 -0.0172344 -0.0163975 -0.0282345 8.67035e-05 0.000269996 -0.00396829 -0.00868023 -0.000651375 -0.0036699 0.0430602 -0.0313364 0.00221537 -0.0199883 0.00248257 -0.0301232 0.0284529 0.000770933 8.2526e-05
internal_weight=110123 25439.4 1439.81 587.145 84683.2 82332.8 398.492 81934.3 23999.6 2350.36 23704.9 1813.9 775.962 902.935 536.462 81031.4 79372.6 8938.73 1658.8 431.177 8880.15 521.108 440.631 14766.1 174.289 14591.8 471.758 294.708 335.331 852.665
internal_count=461400 107655 6073 2529 353745 344016 1702 342314 101582 9729 100067 7541 3231 3701 2188 338613 331701 37012 6912 1795 36744 2255 1821 63055 711 62344 1906 1515 1410 3544
cat_boundaries=0 1 2 3 4 5 6
cat_threshold=4 4 26 2 2 2
is_linear=0
shrinkage=0.05


Tree=95
num_leaves=31
num_cat=11
split_feature=5 5 5 3 4 4 5 5 4 10 4 5 4 5 5 3 4 3 5 10 10 4 5 5 5 10 5 5 3 5
split_gain=14.5085 209.353 92.5487 111.735 89.5817 86.9907 85.8636 120.175 135.962 65.3546 64.6996 59.6054 58.1078 111.827 93.2014 50.0618 49.0873 108.711 102.514 48.594 46.7473 44.3563 150.331 95.5257 91.7947 108.907 64.4872 59.9413 48.4337 38.5693
threshold=747.25000000000011 781.25000000000011 734.75000000000011 0 1 2 443.75000000000006 423.25000000000006 3 1.0000000180025095e-35 4 474.25000000000006 5 493.75000000000006 729.00000000000011 6 7 8 462.25000000000006 1.5000000000000002 2.5000000000000004 9 784.75000000000011 1381.0000000000002 788.25000000000011 1.0000000180025095e-35 1366.0000000000002 1261.0000000000002 10 763.75000000000011
decision_type=2 2 2 9 1 1 2 2 1 2 1 2 1 2 2 9 1 9 2 2 2 1 2 2 2 2 2 2 9 2
left_child=2 4 5 20 19 11 7 8 -7 -6 -5 -1 13 -13 -14 -9 18 -18 -8 -2 -4 23 -23 26 25 -24 27 -3 -25 -21
right_child=1 21 3 10 9 6 16 15 -10 -11 -12 12 14 -15 -16 -17 17 -19 -20 29 -22 22 24 28 -26 -27 -28 -29 -30 -31
leaf_value=-0.0010117293022712194 0.024418808450601827 0.0070366300775601791 0.02757263479271746 0.0043006298394292928 -0.042185404609427019 0.0074936115655430142 -0.033483389852437269 0.029240965745045006 -0.0076920546456886417 -0.016460576423997741 -0.036849189646330105 -0.039951567269730197 0.0032805553269715793 0.014372398125216391 -0.073326615527840464 0.0052485788269152206 0.0026971438448802777 -0.013537700319751529 0.00018580634162181317 -0.046759613805889805 -0.013178708654394669 -0.044378270351025179 -0.014553327035507546 0.0082671720392562299 -0.00050508187472263232 0.038235186303022098 0.027103677599169346 -0.019639046849818834 -0.0091423269215874393 0.0011308637057190671
leaf_weight=7620.8050922900438 183.52018921077251 4503.1166894733906 817.46115589141846 404.65454393625259 297.8852363973856 2677.2368320524693 239.22770683467388 493.72066254913807 3254.5673712790012 1452.9391646981239 114.51626418530941 98.996069267392159 9668.7648433297873 2133.4471421390772 39.761788412928581 412.08170434832573 1438.5587023347616 3637.8411701023579 4078.7632589042187 54.369827851653099 76.770486369729042 194.30491583049297 141.03088508546352 515.15239955484867 62654.355067998171 316.78233098983765 383.77270273864269 220.73572997748852 1685.4174146354198 183.42612697184086
leaf_count=32060 751 18897 3573 1629 1254 11472 973 2178 13650 5962 472 410 40824 8986 162 1706 6584 15092 17013 224 320 794 567 2191 261570 1316 1872 906 6806 754
internal_value=-0.000110968 -0.000521574 0.000692148 0.0132408 -0.0158105 0.000196457 -0.00250856 0.00175189 -0.000837698 -0.0207241 -0.00529654 0.00244132 0.00464753 0.0119062 0.00296249 0.018714 -0.00561266 -0.00893984 -0.00167525 0.00497047 0.0238013 -5.11882e-05 -0.000477219 0.00363421 -0.000341986 0.021963 0.00739171 0.00578868 -0.00506829 -0.00981288
internal_weight=109994 72786.8 37207.2 1413.4 2172.14 35793.8 16232 6837.61 5931.8 1750.82 519.171 19561.8 11941 2232.44 9708.53 905.802 9394.39 5076.4 4317.99 421.316 894.232 70614.7 63306.5 7308.19 63112.2 457.813 5107.63 4723.85 2200.57 237.796
internal_count=460968 303864 157104 5994 8945 151110 68668 29006 25122 7216 2101 82442 50382 9396 40986 3884 39662 21676 17986 1729 3893 294919 264247 30672 263453 1883 21675 19803 8997 978
cat_boundaries=0 1 2 3 4 5 6 7 8 9 10 11
cat_threshold=2 256 566 192 37 4 2 264 4 8 18
is_linear=0
shrinkage=0.05


Tree=96
num_leaves=31
num_cat=9
split_feature=6 5 6 4 6 4 6 6 4 3 5 5 3 5 5 4 5 5 6 6 6 5 5 4 5 0 5 5 4 5
split_gain=13.9898 59.3194 34.2466 51.2361 39.1926 156.084 48.7348 37.0833 153.65 65.8554 36.8941 140.523 65.0036 34.0737 50.1611 38.1372 28.8396 149.906 120.675 24.9526 23.2815 23.1067 18.2984 14.0721 12.1995 11.9209 9.35732 8.62567 7.20729 5.27087
threshold=4.3166874728528244 1074.2500000000002 8.6048812713834035 0 10.864748560791512 1 8.9414649335540144 11.440079884931739 2 3 850.75000000000011 899.75000000000011 4 718.25000000000011 336.25000000000006 5 747.25000000000011 781.25000000000011 12.858103192840799 10.694849517662156 6.9711984606016726 1827.0000000000002 1101.7500000000002 6 1089.5000000000002 7 1368.7500000000002 988.25000000000011 8 875.25000000000011
decision_type=2 2 2 1 2 1 2 2 1 9 2 2 9 2 2 1 2 2 2 2 2 2 2 1 2 1 2 2 1 2
left_child=1 23 3 29 5 6 24 8 21 -10 12 -12 -7 14 -5 22 18 -18 -9 -8 -17 -6 -15 25 -4 -1 -3 -25 -16 -2
right_child=2 26 4 13 7 10 19 16 9 -11 11 -13 -14 15 28 20 17 -19 -20 -21 -22 -23 -24 27 -26 -27 -28 -29 -30 -31
leaf_value=0.025157839227894614 -0.01115535597895494 -0.020222127215543173 -0.015831778317789022 0.015712076298538245 -0.043500864267914087 0.015939944909547796 -0.018942442274592512 0.011854706477197101 0.014807600857376972 -0.0073718108846912407 0.04475531898981025 0.0085640398775942046 -0.0074998546988213205 -0.0014705813644779267 -0.009639055900506106 -0.031146678060521061 -0.013999424803962608 -0.00029128607672494067 0.00025434617621253807 0.0020316313392696943 -0.0055749777454189462 -0.0032516154779849145 0.014598014396169152 -0.063798137585834844 0.018277110708320939 0.0025889433802169953 -0.085608799303358601 0.0016410476214589913 -0.032274062382504957 -0.045965725926039869
leaf_weight=290.06624630093575 12.76368337869644 116.24857069551945 31.391217917203903 85.836605325341225 292.11063833534718 503.0331204533577 853.60668374598026 2410.966024056077 477.92331010103226 1055.0328197479248 307.93621166050434 2081.3661274760962 689.15444266796112 331.87358886003494 78.756926238536835 107.13040183484554 2057.964212551713 64459.132152989507 31967.00037971139 169.52346153557301 529.50248119235039 40.942987158894539 378.67797514796257 5.2147288322448722 153.07560528814793 73.953893646597862 5.7158799618482581 94.31072224676609 216.12365587055683 97.514187067747116
leaf_count=1656 53 467 128 357 1196 2174 3518 10511 2027 4320 1428 8829 2910 1428 318 431 8452 268868 134346 704 2190 166 1641 21 673 404 23 430 893 406
internal_value=-0.000105259 0.00760204 -0.000146566 -0.00691353 -3.08561e-05 0.00439039 -0.0111034 -0.000236957 -0.00722111 -0.000402126 0.00962026 0.0132322 0.00245747 -0.00464245 -0.0178758 -0.00093238 -0.000107732 -0.000715496 0.00106807 -0.0154625 -0.00973724 -0.0374464 0.00698841 0.0157718 0.0124402 0.0200382 -0.0233951 -0.00163409 -0.0276718 -0.0385071
internal_weight=109974 585.51 109388 1838.18 107550 4789.09 1207.6 102761 1866.01 1532.96 3581.49 2389.3 1192.19 1727.9 380.717 1347.18 100895 66517.1 34378 1023.13 636.633 333.054 710.552 463.546 184.467 364.02 121.964 99.5255 294.881 110.278
internal_count=460968 3001 457967 7717 450250 20364 5023 429886 7709 6347 15341 10257 5084 7258 1568 5690 422177 277320 144857 4222 2621 1362 3069 2511 801 2060 490 451 1211 459
cat_boundaries=0 1 2 3 4 5 6 7 8 9
cat_threshold=576 770 644 16 16 152 513 1 4
is_linear=0
shrinkage=0.05


Tree=97
num_leaves=31
num_cat=11
split_feature=5 5 6 4 5 4 5 6 6 4 6 6 5 6 3 6 6 4 5 4 3 4 5 4 4 6 6 4 5 5
split_gain=13.4597 80.7552 101.695 206.118 196.331 123.815 94.9671 63.945 71.8504 50.4933 106.282 110.839 104.121 103.309 117.817 62.6125 158.817 95.7494 85.3612 82.9884 108.503 201.274 82.4136 82.0018 76.0294 73.6576 66.2074 79.5139 57.0548 55.8964
threshold=1036.5000000000002 1082.7500000000002 17.019986027238627 0 1056.7500000000002 1 1068.2500000000002 19.975010371364711 19.489348701218098 2 11.09186388722183 16.428103398034832 847.25000000000011 15.73494909880614 3 15.414313571108682 16.086754708483991 4 1025.5000000000002 5 6 7 875.25000000000011 8 9 17.18427796434214 15.355950165043234 10 734.75000000000011 867.25000000000011
decision_type=2 2 2 1 2 1 2 2 2 1 2 2 2 2 9 2 2 1 2 1 9 1 2 1 1 2 2 1 2 2
left_child=9 2 3 -2 -5 -4 -6 8 -3 10 -1 13 -13 14 -12 19 17 22 24 26 21 -21 -17 -22 -18 -20 -11 -28 -15 -14
right_child=1 7 5 4 6 -7 -8 -9 -10 15 11 12 29 28 -16 16 18 -19 25 20 23 -23 -24 -25 -26 -27 27 -29 -30 -31
leaf_value=-0.01844140587118042 -0.038281194448730245 -0.00014072822388898514 0.014487481227563902 -0.038296829818681828 0.024226399873088483 -0.019736857356746965 -0.0084601848710508191 0.02618522231547097 -0.021087458287341362 0.0041529857942789322 0.017976273476823935 -0.010977118628406739 0.031061476264366217 0.010385343013000529 -0.0069719204782646973 -0.028614118414645381 -0.0059360557847499941 -0.0058816761216391993 -0.10322409533750454 0.016914168989498036 0.0017079861549933566 -0.0049063179054922232 0.0078891873400290455 -0.0069906514073032489 0.0013407555678001479 0.03619915564420078 -0.020545848278301259 0.033616861049104531 0.033633216568803019 0.0029948241800374547
leaf_weight=445.91779382526875 652.69694124162197 45101.917399942875 769.91579088568687 300.99159352481365 459.22554303705692 389.85350778698921 430.10060369968414 228.40383741259575 413.04710324108601 11003.637562170625 967.15092922747135 1249.8317944258451 261.0475669503212 419.62939208745956 911.31222052872181 911.07720442116261 4456.8602698594332 4889.4254934340715 9.7799113988876325 2122.2511833459139 4686.0290278494358 2090.8099031150341 185.93537355959415 6407.7183862179518 18264.070294320583 223.66128262877464 78.774261519312859 355.02498066425323 715.05377520620823 554.69763062894344
leaf_count=1812 2677 188135 3193 1244 1904 1607 1757 951 1698 46919 4138 5124 1162 1771 3787 3743 18565 20248 40 9095 20139 8577 783 26523 77142 1036 324 1489 3074 2311
internal_value=-0.000100012 -0.000719944 -0.00866289 -0.0159623 -0.00336768 0.00293278 0.00841355 -0.000198409 -0.000330975 0.000393607 0.0049483 0.007013 -0.00190615 0.0131288 0.00592917 -5.90708e-05 -0.00167089 -0.00892374 0.000220445 0.00168492 -0.000723357 0.00609833 -0.0222198 -0.00331766 -8.84612e-05 0.030295 0.0049047 0.0240686 0.0250417 0.0119853
internal_weight=109956 48746.2 3002.78 1843.01 1190.32 1159.77 889.326 45743.4 45515 61209.7 5524.64 5078.72 2065.58 3013.15 1878.46 55685.1 28940.8 5986.44 22954.4 26744.2 15306.8 4213.06 1097.01 11093.7 22720.9 233.441 11437.4 433.799 1134.68 815.745
internal_count=460968 203166 12382 7582 4905 4800 3661 190784 189833 257802 23179 21367 8597 12770 7925 234623 121557 24774 96783 113066 64334 17672 4526 46662 95707 1076 48732 1813 4845 3473
cat_boundaries=0 1 2 3 4 5 6 7 8 9 10 11
cat_threshold=39 71 2 36 33 225 24 12 528 72 1
is_linear=0
shrinkage=0.05


Tree=98
num_leaves=31
num_cat=12
split_feature=6 9 6 4 6 4 6 6 4 6 9 6 6 4 9 4 6 4 4 9 9 4 0 9 4 6 9 2 1 2
split_gain=12.4845 49.7227 30.2908 46.8134 36.1948 96.408 46.6951 45.1643 43.8186 36.8091 167.595 33.1979 31.487 42.5513 26.2507 38.2478 33.1558 22.3315 19.7417 13.9966 13.6407 11.3587 11.0614 10.9008 9.48442 5.24933 4.85635 4.16221 4.56271 4.03091
threshold=4.3166874728528244 1.5000000000000002 8.6048812713834035 0 10.330094668866876 1 9.8957058099515827 10.504881817711256 2 10.864748560791512 1.5000000000000002 11.440079884931739 8.9414649335540144 3 1.5000000000000002 4 6.9711984606016726 5 6 2.5000000000000004 1.0000000180025095e-35 7 8 3.5000000000000004 9 8.1786153273452893 2.5000000000000004 10 47.500000000000007 11
decision_type=2 2 2 1 2 1 2 2 1 2 2 2 2 1 2 1 2 1 1 2 2 1 1 2 1 2 2 1 2 1
left_child=1 20 3 26 5 12 18 21 -8 10 -9 -11 13 -4 17 19 -17 25 -7 -16 -1 -6 -22 -14 29 -5 -2 -26 -29 -3
right_child=2 24 4 14 7 6 8 9 -10 11 -12 -13 23 -15 15 16 -18 -19 -20 -21 22 -23 -24 -25 27 -27 -28 28 -30 -31
leaf_value=-0.061032417931642435 -0.026775734882195965 -0.0078195084911693753 -0.039908550655947374 -0.0013136011885442089 -0.0069152792559080151 0.01045756046874626 -0.033419965973703919 -0.019379116878696194 0.023232283428905268 -0.0068310428980311493 0.017400802169226019 -9.9971889573108368e-05 -0.013401837789492452 0.017113390635264066 -0.00059974720741276652 -0.038129751550915879 -0.0050686221879148955 -0.025460006136288845 -0.0021455252000499377 0.013926077523728259 0.024117300457968463 -0.023887879146733366 0.0023168434763176549 -0.033225589022280906 0.00043722922614208414 -0.052466278041340297 -0.048716980045128346 -0.031769743781554401 0.0031932012558188888 0.011104559230092849
leaf_weight=5.1908788233995429 43.691149637103081 49.651634752750397 30.549149796366692 206.51882615685463 223.72807246446609 751.44071002304554 28.556220442056656 423.837582051754 736.34542196989059 1865.6495866924524 1148.8828874826431 100874.87728618085 442.34005673229694 164.40390937030315 294.65753954648972 88.521622225642204 530.21827310323715 224.59019680321217 524.04424925148487 377.33276329934597 285.68770499527454 221.43444511294365 73.742808058857918 82.826489210128784 27.081838011741638 5.0507746040821067 66.271294116973877 85.803300023078918 10.161331564188002 43.255030408501625
leaf_count=21 179 227 126 848 924 3231 119 1770 3249 7709 4941 422177 1811 722 1275 356 2190 927 2204 1641 1656 908 404 359 109 21 280 345 41 198
internal_value=-9.48525e-05 0.00721703 -0.000133724 -0.00650019 -2.49067e-05 0.00562626 0.0111498 -0.000173875 0.0209735 -0.000105998 0.00748508 -0.000222256 -0.0100322 0.00696787 -0.00433197 -0.00076906 -0.00965604 -0.014961 0.00534095 0.00743945 0.0184815 -0.0160644 0.0196604 -0.0165436 -0.0117788 -0.00246609 -0.0367388 -0.0200539 -0.0253747 0.00116746
internal_weight=109936 580.575 109356 1836.85 107519 2760.51 2040.39 104758 764.902 104313 1572.72 102741 720.12 194.953 1726.89 1290.73 618.74 436.16 1275.48 671.99 364.621 445.163 359.431 525.167 215.953 211.57 109.962 123.046 95.9646 92.9067
internal_count=460968 3001 457967 7717 450250 11821 8803 438429 3368 436597 6711 429886 3018 848 7258 5462 2546 1796 5435 2916 2081 1832 2060 2170 920 869 459 495 386 425
cat_boundaries=0 1 2 3 4 5 6 7 8 9 10 11 12
cat_threshold=576 898 72 384 152 44 76 456 1 128 40 206
is_linear=0
shrinkage=0.05


Tree=99
num_leaves=31
num_cat=5
split_feature=3 4 6 6 5 5 6 6 6 5 5 5 4 5 5 6 6 5 6 6 6 4 6 5 5 4 5 6 5 5
split_gain=13.4496 53.8346 169.877 242.14 152.422 159.931 150.833 148.373 120.927 103.48 99.0683 172.228 165.227 121.399 92.388 94.3279 91.7977 88.9036 82.6844 78.1942 70.0551 61.1907 159.737 75.3556 50.5136 80.4354 48.9973 42.6896 36.0777 41.8013
threshold=0 1 17.084212181402474 17.317228898641009 1673.7500000000002 1683.2500000000002 18.222046500487469 16.264969451067842 16.020458722087607 1127.2500000000002 951.75000000000011 597.25000000000011 2 855.25000000000011 556.50000000000011 15.759527432605623 19.489348701218098 241.50000000000003 16.195953866972754 16.149975834356667 17.825992953947459 3 18.772908360935428 1124.7500000000002 1786.0000000000002 4 1632.7500000000002 14.48590475097941 1722.0000000000002 1738.2500000000002
decision_type=9 1 2 2 2 2 2 2 2 2 2 2 1 2 2 2 2 2 2 2 2 1 2 2 2 1 2 2 2 2
left_child=1 2 4 9 7 -6 20 19 -7 -4 11 14 13 -13 15 -3 21 -9 -14 -1 -5 22 -12 -23 28 -26 -8 -27 -2 -30
right_child=24 10 3 6 5 8 26 17 -10 -11 16 12 18 -15 -16 -17 -18 -19 -20 -21 -22 23 -24 -25 25 27 -28 -29 29 -31
leaf_value=-0.007591359483755486 0.00020967660587574256 -0.010291619773316826 0.01696126464757718 -0.0033881887612897893 0.038011985879478953 0.0064093527369602958 0.018270098305126426 0.022990386262374461 -0.020080215959262383 0.054241160264915038 -0.0099565675716513091 -0.013452959650291925 0.021128777432390854 0.015219607477104772 -0.02381798349631635 0.01010730905598034 -0.048325504151867885 -0.026119812901489844 0.004947706589817991 0.016382626629949177 -0.025643501159814164 -0.011526336490643411 0.038840401959844451 0.0018323318382520812 0.019640898623926751 -0.040862062458207261 -0.013968481895757763 0.00012886689539991884 -0.057725930479230317 -0.0087276373069378708
leaf_weight=6418.0639116615057 71533.138317853212 1190.6046255975962 523.37051175534725 1159.2626044154167 309.58513860404491 1705.985954284668 905.09750986099243 97.896704941987991 576.28756435215473 289.44488671422005 3189.3603137880564 1023.2574365437031 2576.4177694618702 577.30034525692463 527.00754523277283 1081.2661149203777 105.35447813570499 1525.1472104489803 1139.6783908754587 358.93968208134174 509.14304594695568 1187.1128956973553 176.88698403537273 9526.2292505353689 794.75347304344177 77.501454055309296 135.24687398970127 348.6230211108923 50.793517172336578 304.32378774881363
leaf_count=26139 301217 5159 2178 4730 1560 6941 4096 408 2366 1233 12999 4146 11382 2383 2122 4449 444 6221 4838 1441 2065 4809 758 39658 3473 317 543 1429 211 1253
internal_value=-9.04351e-05 -0.000869731 -0.00323884 0.00631506 -0.00630314 0.00429508 -0.00086548 -0.00957385 -0.000277816 0.0302479 0.000672666 0.00507901 0.0103641 -0.00308842 -0.00495867 -0.000580808 -0.00184749 -0.0231533 0.0161245 -0.00632063 -0.0101839 -0.00149901 -0.00736797 0.00035121 0.000301988 0.0103868 0.0140733 -0.00715461 0.000130676 -0.0157644
internal_weight=109923 36813.9 14513.5 3521.57 10991.9 2591.86 2708.75 8400.05 2282.27 812.815 22300.5 8115.53 5316.65 1600.56 2798.88 2271.87 14184.9 1623.04 3716.1 6777 1668.41 14079.6 3366.25 10713.3 73109.1 1220.88 1040.34 426.124 71888.3 355.117
internal_count=460968 153068 59921 14845 45076 10867 11434 34209 9307 3411 93147 34479 22749 6529 11730 9608 58668 6629 16220 27580 6795 58224 13757 44467 307900 5219 4639 1746 302681 1464
cat_boundaries=0 1 2 3 4 5
cat_threshold=12 836 24 3 593
is_linear=0
shrinkage=0.05


end of trees

feature_importances:
hot_score=888
price=846
event_city_id=486
category_id=219
city_id=168
age=159
price_level=71
hot_level=66
gender=62
age_group=34
city_match=1

parameters:
[boosting: gbdt]
[objective: binary]
[metric: auc,binary_logloss]
[tree_learner: serial]
[device_type: cpu]
[data_sample_strategy: bagging]
[data: ]
[valid: ]
[num_iterations: 100]
[learning_rate: 0.05]
[num_leaves: 31]
[num_threads: 0]
[seed: 42]
[deterministic: 0]
[force_col_wise: 0]
[force_row_wise: 0]
[histogram_pool_size: -1]
[max_depth: 6]
[min_data_in_leaf: 20]
[min_sum_hessian_in_leaf: 0.001]
[bagging_fraction: 0.8]
[pos_bagging_fraction: 1]
[neg_bagging_fraction: 1]
[bagging_freq: 5]
[bagging_seed: 400]
[bagging_by_query: 0]
[feature_fraction: 0.8]
[feature_fraction_bynode: 1]
[feature_fraction_seed: 30056]
[extra_trees: 0]
[extra_seed: 12879]
[early_stopping_round: 0]
[early_stopping_min_delta: 0]
[first_metric_only: 0]
[max_delta_step: 0]
[lambda_l1: 0.1]
[lambda_l2: 0.1]
[linear_lambda: 0]
[min_gain_to_split: 0]
[drop_rate: 0.1]
[max_drop: 50]
[skip_drop: 0.5]
[xgboost_dart_mode: 0]
[uniform_drop: 0]
[drop_seed: 17869]
[top_rate: 0.2]
[other_rate: 0.1]
[min_data_per_group: 100]
[max_cat_threshold: 32]
[cat_l2: 10]
[cat_smooth: 10]
[max_cat_to_onehot: 4]
[top_k: 20]
[monotone_constraints: ]
[monotone_constraints_method: basic]
[monotone_penalty: 0]
[feature_contri: ]
[forcedsplits_filename: ]
[refit_decay_rate: 0.9]
[cegb_tradeoff: 1]
[cegb_penalty_split: 0]
[cegb_penalty_feature_lazy: ]
[cegb_penalty_feature_coupled: ]
[path_smooth: 0]
[interaction_constraints: ]
[verbosity: -1]
[saved_feature_importance_type: 0]
[use_quantized_grad: 0]
[num_grad_quant_bins: 4]
[quant_train_renew_leaf: 0]
[stochastic_rounding: 1]
[linear_tree: 0]
[max_bin: 255]
[max_bin_by_feature: ]
[min_data_in_bin: 3]
[bin_construct_sample_cnt: 200000]
[data_random_seed: 175]
[is_enable_sparse: 1]
[enable_bundle: 1]
[use_missing: 1]
[zero_as_missing: 0]
[feature_pre_filter: 1]
[pre_partition: 0]
[two_round: 0]
[header: 0]
[label_column: ]
[weight_column: ]
[group_column: ]
[ignore_column: ]
[categorical_feature: 0,2,3,4]
[forcedbins_filename: ]
[precise_float_parser: 0]
[parser_config_file: ]
[objective_seed: 16083]
[num_class: 1]
[is_unbalance: 0]
[scale_pos_weight: 1]
[sigmoid: 1]
[boost_from_average: 1]
[reg_sqrt: 0]
[alpha: 0.9]
[fair_c: 1]
[poisson_max_delta_step: 0.7]
[tweedie_variance_power: 1.5]
[lambdarank_truncation_level: 30]
[lambdarank_norm: 1]
[label_gain: ]
[lambdarank_position_bias_regularization: 0]
[eval_at: ]
[multi_error_top_k: 1]
[auc_mu_weights: ]
[num_machines: 1]
[local_listen_port: 12400]
[time_out: 120]
[machine_list_filename: ]
[machines: ]
[gpu_platform_id: -1]
[gpu_device_id: -1]
[gpu_use_dp: 0]
[num_gpu: 1]

end of parameters

pandas_categorical:[]
